tree
version=v4
num_class=4
num_tree_per_iteration=4
label_index=0
max_feature_idx=165
objective=multiclass num_class:4
feature_names=v2a1 hacdor rooms hacapo v14a refrig v18q v18q1 r4h1 r4h2 r4h3 r4m1 r4m2 r4m3 r4t1 r4t2 r4t3 tamhog tamviv escolari rez_esc hhsize paredblolad paredzocalo paredpreb pareddes paredmad paredzinc paredfibras paredother pisomoscer pisocemento pisoother pisonatur pisonotiene pisomadera techozinc techoentrepiso techocane techootro cielorazo abastaguadentro abastaguafuera abastaguano public planpri noelec coopele sanitario1 sanitario2 sanitario3 sanitario5 sanitario6 energcocinar1 energcocinar2 energcocinar3 energcocinar4 elimbasu1 elimbasu2 elimbasu3 elimbasu4 elimbasu5 elimbasu6 epared1 epared2 epared3 etecho1 etecho2 etecho3 eviv1 eviv2 eviv3 dis male female estadocivil1 estadocivil2 estadocivil3 estadocivil4 estadocivil5 estadocivil6 estadocivil7 parentesco1 parentesco2 parentesco3 parentesco4 parentesco5 parentesco6 parentesco7 parentesco8 parentesco9 parentesco10 parentesco11 parentesco12 hogar_nin hogar_adul hogar_mayor hogar_total dependency edjefe edjefa meaneduc instlevel1 instlevel2 instlevel3 instlevel4 instlevel5 instlevel6 instlevel7 instlevel8 instlevel9 bedrooms overcrowding tipovivi1 tipovivi2 tipovivi3 tipovivi4 tipovivi5 computer television mobilephone qmobilephone lugar1 lugar2 lugar3 lugar4 lugar5 lugar6 area1 area2 age SQBescolari SQBage SQBhogar_total SQBedjefe SQBhogar_nin SQBovercrowding SQBdependency SQBmeaned agesq escolari_mean escolari_max escolari_min escolari_std escolari_sum age_mean age_max age_min age_std age_sum rez_esc_mean rez_esc_max rez_esc_sum dis_sum dis_mean male_sum male_mean female_sum female_mean phones_per_person tablets_per_person rooms_per_person rent_per_person children_ratio elderly_ratio adult_ratio
feature_infos=[0:2353477] [0:1] [1:11] [0:1] none [0:1] [0:1] [0:5] [0:5] [0:7] [0:7] [0:4] [0:6] [0:7] [0:7] [1:11] [1:13] [1:13] [1:15] [0:21] none [1:13] [0:1] [0:1] [0:1] [0:1] [0:1] [0:1] none none [0:1] [0:1] none none [0:1] [0:1] [0:1] [0:1] none none [0:1] [0:1] [0:1] none [0:1] none none [0:1] none [0:1] [0:1] [0:1] none none [0:1] [0:1] [0:1] [0:1] [0:1] [0:1] none none none [0:1] [0:1] [0:1] [0:1] [0:1] [0:1] [0:1] [0:1] [0:1] [0:1] [0:1] [0:1] none [0:1] [0:1] [0:1] [0:1] [0:1] [0:1] none none none none none none none none none none none none [0:9] [0:8] [0:3] [1:13] [0:8] [0:21] [0:21] [0:29] [0:1] [0:1] [0:1] [0:1] [0:1] none [0:1] [0:1] [0:1] [1:8] [0.25:6] [0:1] [0:1] [0:1] [0:1] [0:1] [0:1] [0:1] [0:1] [0:10] [0:1] [0:1] [0:1] [0:1] [0:1] [0:1] [0:1] [0:1] [17:94] [0:441] [289:8836] [1:169] [0:441] [0:81] [0.0625:36] [0:64] [0:841] [289:8836] [0:21] [0:21] [0:21] [0:14.849242404917495] [0:116] [8.75:94] [18:97] [0:94] [0:42.829117821096119] [20:365] [0:2] [0:5] [0:8] [0:3] [0:1] [0:7] [0:1] [0:7] [0:1] [0:7] [0:3] [0.1666666666666666:11] [0:1176738.5] [0:1] [0:1] [0:1]
tree_sizes=3329 3317 3337 3384 3389 3413 3411 3464 3409 3425 3412 3448 3408 3410 3415 3452 3420 3433 3430 3438 3439 3442 3429 3461 3404 3415 3418 3446 3418 3426 3442 3452 3414 3420 3418 3451 3433 3432 3437 3461 3426 3422 3450 3446 3417 3429 3438 3444 3423 3425 3435 3454 3443 3437 3434 3456 3423 3446 3438 3459 3435 3450 3435 3445 3442 3432 3422 3443 3434 3446 3445 3445 3438 3435 3434 3442 3429 3446 3432 3459 3441 3448 3435 3450 3444 3431 3439 3455 3424 3447 3452 3448 3424 3449 3451 3437 3430 3450 3441 3473 3440 3458 3433 3447 3427 3432 3462 3460 3442 3439 3451 3457 3444 3450 3454 3454 3462 3453 3457 3462 3433 3454 3466 3456 3428 3474 3462 3463

Tree=0
num_leaves=31
num_cat=0
split_feature=140 145 76 148 158 71 68 163 156 149 101 149 140 146 163 141 103 159 130 159 149 122 143 101 156 145 101 158 145 102
split_gain=90.7236 64.7173 35.1026 24.0564 22.1677 18.0241 17.8745 16.1004 14.1848 13.7167 15.8535 13.1717 18.1117 11.9033 12.931 20.1519 10.6866 7.49665 12.7139 6.99447 11.2324 6.05431 10.3061 5.20825 3.09296 3.0308 5.83265 8.82544 2.6544 2.35108
threshold=4.5277777777777786 17.083333333333339 1.0000000180025095e-35 15.442544563183203 0.64583333333333337 1.0000000180025095e-35 1.0000000180025095e-35 0.61250000000000016 0.44155844155844154 136.50000000000003 4.416666750000001 54.500000000000007 7.291666666666667 56.500000000000007 0.29285714285714287 10.500000000000002 1.0000000180025095e-35 0.40833333333333338 41.500000000000007 0.53571428571428581 142.50000000000003 1.0000000180025095e-35 2.3273044783351096 4.416666750000001 0.84523809523809534 23.450000000000003 9.1250000000000018 0.57738095238095244 19.291666666666668 1.0000000180025095e-35
decision_type=2 2 2 10 2 2 2 2 2 2 2 2 2 2 2 2 2 2 2 2 2 2 8 2 2 2 2 2 2 2
left_child=1 2 4 21 -1 7 8 11 23 10 -10 12 -2 28 19 -16 -8 18 -7 20 -15 22 -3 -5 -21 26 27 -19 -13 -24
right_child=5 3 -4 6 -6 17 16 -9 9 -11 -12 13 -14 14 15 -17 -18 25 -20 24 -22 -23 29 -25 -26 -27 -28 -29 -30 -31
leaf_value=-2.1897060785710409 -2.4358502659912675 -2.4973863128463241 -2.5494552755698336 -2.334931149148975 -2.4056777526945945 -2.4679560295678185 -2.6073819965997376 -2.464708550033639 -2.3728373540116894 -2.6119380308380449 -2.5621329360590357 -2.5747459146069667 -2.614092608605914 -2.4432345916138742 -2.6056897553112237 -2.3749002767253069 -2.4883610259742492 -2.613425715487288 -2.6092213893046443 -2.6222507186007595 -2.6102023987472611 -2.6268795592717473 -2.622737519402921 -2.4522598784859495 -2.5515380340787739 -2.6260225855057833 -2.6206420962485417 -2.4703104522300992 -2.6282716971529716 -2.5589223597013806
leaf_weight=2.0313296914100638 3.0469945371150962 3.3239940404891959 2.400662362575531 1.8466633558273318 2.8623282015323639 2.1236628592014295 5.9093227386474609 2.6776618659496298 2.3083291947841644 2.400662362575531 2.1236628592014313 2.5853286981582668 2.6776618659496307 1.8466633558273322 1.8466633558273309 1.9389965236186979 2.7699950337409973 2.5853286981582668 6.3709885776042938 9.5103162825107557 2.2159960269927979 8.4946514368057251 4.9859910607337961 1.9389965236186979 1.8466633558273322 96.395827174186707 12.37264448404312 1.8466633558273313 22.252293437719345 2.0313296914100647
leaf_count=22 33 36 26 20 31 23 64 29 25 26 23 28 29 20 20 21 30 28 69 103 24 92 54 21 20 1044 134 20 241 22
internal_value=-2.59223 -2.52931 -2.39285 -2.55541 -2.31603 -2.60865 -2.51617 -2.58414 -2.47266 -2.51568 -2.46354 -2.59057 -2.51922 -2.59984 -2.57028 -2.48748 -2.5694 -2.61921 -2.57391 -2.59061 -2.53431 -2.5956 -2.56991 -2.39503 -2.61075 -2.62261 -2.60301 -2.55379 -2.6227 -2.60426
internal_weight=219.568 45.4279 7.29432 38.1336 4.89366 174.14 19.2976 52.4452 10.6183 6.83265 4.43199 49.7676 5.72466 44.0429 19.2053 3.78566 8.67932 121.695 8.49465 15.4196 4.06266 18.836 10.3413 3.78566 11.357 113.2 16.8046 4.43199 24.8376 7.01732
internal_count=2378 492 79 413 53 1886 209 568 115 74 48 539 62 477 208 41 94 1318 92 167 44 204 112 41 123 1226 182 48 269 76
is_linear=0
shrinkage=1


Tree=1
num_leaves=31
num_cat=0
split_feature=140 94 40 141 159 145 145 140 65 143 148 69 159 142 148 22 101 145 150 147 147 19 112 161 122 150 101 140 71 101
split_gain=123.361 33.304 24.731 20.9965 11.762 12.1694 11.4321 11.287 10.846 11.684 9.88858 9.67934 9.42105 9.57257 8.93702 8.67243 7.84105 7.48831 7.39162 6.90915 10.2297 6.59036 5.84558 5.31735 5.49839 4.96324 4.70219 7.78818 4.15533 4.89116
threshold=6.6333333333333337 2.5000000000000004 1.0000000180025095e-35 10.500000000000002 0.53571428571428581 18.100000000000005 22.535714285714288 7.8166666666666673 1.0000000180025095e-35 2.0675984740708016 13.780804519157961 1.0000000180025095e-35 0.40833333333333338 3.5000000000000004 28.03270621135329 1.0000000180025095e-35 4.416666750000001 19.550000000000004 0.29166666666666669 57.500000000000007 4.5000000000000009 5.5000000000000009 1.6333333000000003 1.1833333333333336 1.0000000180025095e-35 0.29166666666666669 5.5357144000000007 3.6333333333333337 1.0000000180025095e-35 5.291666750000001
decision_type=2 2 2 2 2 2 2 2 2 10 10 2 2 2 8 2 2 2 2 2 2 2 2 2 2 2 2 2 2 2
left_child=1 2 4 6 5 -1 10 8 9 -2 -3 14 13 16 21 -11 -4 -5 19 20 -6 -7 28 24 -24 -9 27 -22 -14 -30
right_child=7 3 12 17 18 11 -8 25 -10 15 -12 -13 22 -15 -16 -17 -18 -19 -20 -21 26 -23 23 -25 -26 -27 -28 -29 29 -31
leaf_value=-1.9066359609284247 -1.9423135117778307 -1.8244451576218066 -1.8837766437587715 -1.9311249233360541 -1.8413970108037965 -1.9021411513725941 -1.862586827281284 -1.9408021145615304 -1.929725087909955 -1.8114958253300084 -1.7396858917118561 -1.7720282431774952 -1.8956920767924892 -1.9380996278192395 -1.7762864838093346 -1.8954596777085213 -1.7981405578566494 -1.8468814338920874 -1.8313175305334239 -1.8456349740992939 -1.9401741553065461 -1.8298784438980853 -1.8636855585060426 -1.8498729373947915 -1.9326484758047215 -1.8809513348951066 -1.9337131269274048 -1.8526982462584565 -1.9067404913832116 -1.9434004032264607
leaf_weight=5.5619709938764599 5.393426418304446 5.8990601450204911 5.8990601450204831 4.8877926915884 5.8990601450204876 6.0676047205925041 5.0563372671604148 162.30842627584934 32.023469358682632 6.067604720592497 8.2586842030286771 6.4046938717365256 11.629575714468954 3.7079806625843039 3.7079806625843039 6.2361492961645126 4.8877926915884018 5.7305155694484711 6.2361492961645117 7.078872174024581 4.382158964872362 6.5732384473085403 4.5507035404443759 5.899060145020484 7.9215950518846512 3.5394360870122901 13.989199772477148 6.0676047205924988 14.49483349919319 24.438963457942009
leaf_count=33 32 35 35 29 35 36 30 963 190 36 49 38 69 22 22 37 29 34 37 42 26 39 27 35 47 21 83 36 86 145
internal_value=-1.90755 -1.87762 -1.88691 -1.82923 -1.86544 -1.84034 -1.79805 -1.93326 -1.91236 -1.88095 -1.775 -1.82413 -1.90544 -1.8688 -1.84454 -1.85405 -1.84497 -1.88566 -1.88171 -1.89011 -1.90049 -1.86456 -1.91314 -1.88899 -1.90749 -1.93952 -1.91476 -1.88938 -1.92192 -1.92975
internal_weight=400.799 185.23 155.398 29.8324 71.9685 28.3155 19.2141 215.569 49.7206 17.6972 14.1577 22.7535 83.4296 14.4948 16.3488 12.3038 10.7869 10.6183 43.653 37.4169 30.338 12.6408 68.9347 18.3714 12.4723 165.848 24.439 10.4498 50.5634 38.9338
internal_count=2378 1099 922 177 427 168 114 1279 295 105 84 135 495 86 97 73 64 63 259 222 180 75 409 109 74 984 145 62 300 231
is_linear=0
shrinkage=1


Tree=2
num_leaves=31
num_cat=0
split_feature=140 145 15 129 162 149 147 12 127 159 64 100 162 67 67 141 98 158 31 6 140 140 112 145 125 145 149 128 143 146
split_gain=73.3971 25.3277 15.4792 13.6525 12.9444 12.0221 7.85095 7.59528 7.38891 6.99912 6.79205 6.72236 11.4352 21.702 12.4729 17.2347 9.32792 9.99361 7.01284 7.69817 8.24538 6.84802 6.73686 6.72021 6.27588 6.3412 5.5824 5.20333 5.43976 5.03683
threshold=7.366666666666668 69.583333333333357 5.5000000000000009 1.0000000180025095e-35 24500.000000000004 140.50000000000003 1.0000000180025095e-35 2.5000000000000004 1.0000000180025095e-35 0.58571428571428574 1.0000000180025095e-35 4.5000000000000009 4267.857142857144 1.0000000180025095e-35 1.0000000180025095e-35 9.5000000000000018 1.4166667000000002 0.38750000000000007 1.0000000180025095e-35 1.0000000180025095e-35 3.7750000000000004 6.1833333333333345 1.7083333000000003 47.416666666666679 1.0000000180025095e-35 29.900000000000002 121.50000000000001 1.0000000180025095e-35 3.227460301434125 80.500000000000014
decision_type=2 2 2 2 8 2 2 2 2 2 2 2 10 2 2 2 2 2 2 2 2 2 2 2 2 2 2 2 10 2
left_child=1 2 4 10 6 -5 9 -2 11 -1 29 12 14 -14 18 16 17 -16 19 20 -8 27 24 -19 25 -22 -27 28 -13 -3
right_child=7 3 -4 5 -6 -7 8 -9 -10 -11 -12 21 13 -15 15 -17 -18 23 -20 -21 22 -23 -24 -25 -26 26 -28 -29 -30 -31
leaf_value=-2.0997063352646745 -2.1546399252275381 -2.0207987384132067 -2.0207987384132067 -1.912925061704871 -2.1337155008722366 -2.0541687520414169 -2.0396228486650179 -2.1198952918198146 -2.1447689502144174 -1.9893355827066088 -2.1379115957655435 -2.0619727446465328 -1.9748795381927666 -2.1379115957655435 -2.133118821150739 -1.9839328185953748 -2.1676267983773303 -1.9893355827066088 -2.1563067211918878 -2.1587122375937944 -2.0190507853183961 -2.07640803687138 -2.1676267983773303 -2.0853385449908437 -2.1533635011236729 -2.1521232144059632 -2.0695666297584334 -2.1559991103988052 -2.1514185060436284 -2.1027936290425226
leaf_weight=2.94462065398693 134.75144992768764 4.7674810588359851 4.7674810588359824 2.94462065398693 48.656350806355476 3.0848406851291656 5.4685812145471635 17.80794395506382 10.937162429094313 2.804400622844696 3.3652807474136353 3.7859408408403441 5.1881411522626859 3.3652807474136353 4.3468209654092806 4.6272610276937476 3.3652807474136344 3.6457208096981049 8.8338619619607908 5.6088012456893912 3.3652807474136379 6.0294613391160956 3.9261608719825736 3.6457208096981049 3.5055007785558692 3.2250607162713987 5.6088012456893921 12.900242865085602 3.0848406851291656 3.0848406851291656
leaf_count=21 961 34 34 21 347 22 39 127 78 20 24 27 37 24 31 33 24 26 63 40 24 43 28 26 25 23 40 92 22 22
internal_value=-2.12504 -2.1035 -2.10957 -2.04587 -2.11224 -1.98519 -2.10275 -2.15058 -2.10588 -2.04587 -2.07848 -2.10134 -2.09306 -2.03902 -2.10087 -2.06829 -2.09431 -2.07311 -2.11705 -2.10575 -2.09392 -2.12305 -2.10905 -2.03734 -2.0944 -2.07746 -2.09971 -2.13728 -2.10213 -2.05301
internal_weight=333.443 180.884 163.637 17.2471 158.869 6.02946 110.213 152.559 104.464 5.74902 11.2176 93.5268 67.7263 8.55342 59.1729 19.6308 15.0035 11.6383 39.542 30.7082 25.0994 25.8005 19.6308 7.29144 15.7046 12.1991 8.83386 19.771 6.87078 7.85232
internal_count=2378 1290 1167 123 1133 43 786 1088 745 41 80 667 483 61 422 140 107 83 282 219 179 184 140 52 112 87 63 141 49 56
is_linear=0
shrinkage=1


Tree=3
num_leaves=31
num_cat=0
split_feature=140 159 40 141 98 140 162 165 71 148 145 112 156 148 98 148 156 140 10 161 159 54 147 0 145 128 140 143 159 143
split_gain=328.701 44.2806 36.4437 29.5802 23.1613 17.1296 14.7111 14.3166 12.3612 11.0193 10.9611 10.337 9.64826 9.23935 8.37416 8.3554 8.03043 6.64119 5.64082 5.58175 5.35421 5.15327 4.88721 6.07084 5.00058 4.70246 5.08533 6.74207 4.58863 6.21861
threshold=6.7083333333333348 0.48076923076923078 1.0000000180025095e-35 13.500000000000002 0.26785715000000004 5.1833333333333345 30333.333333333339 0.35416666666666669 1.0000000180025095e-35 24.052024695687276 61.125000000000007 1.6333333000000003 0.84523809523809534 22.638460151890886 1.4166667000000002 19.452720035277942 0.29285714285714287 8.071428571428573 1.5000000000000002 1.0625000000000002 0.72077922077922085 1.0000000180025095e-35 14.500000000000002 15500.000000000002 45.366666666666674 1.0000000180025095e-35 3.9166666666666674 3.211955780420281 0.53571428571428581 2.6347000128269022
decision_type=2 2 2 2 2 2 10 2 2 10 2 2 2 8 2 10 2 2 2 2 2 2 2 10 2 2 2 10 2 10
left_child=1 10 5 4 20 12 9 -6 13 11 -1 -4 25 17 18 16 -7 -9 -13 -5 -2 -12 23 -18 -24 26 -3 -28 29 -10
right_child=3 2 6 19 7 15 -8 8 28 -11 21 14 -14 -15 -16 -17 22 -19 -20 -21 -22 -23 24 -25 -26 -27 27 -29 -30 -31
leaf_value=-0.50000357480129243 -0.4134651185996257 -0.4927489977650944 -0.41734944014516617 -0.39728044549320712 -0.4856427290990577 -0.4774065364880381 -0.38913784598003998 -0.44112302358471839 -0.38756964162935598 -0.4708051033195087 -0.48211658913893973 -0.46961602529536361 -0.42918737247443234 -0.47912864948852402 -0.49705628739101843 -0.48500409384312304 -0.46335771990512664 -0.39034415701902769 -0.4180893109157453 -0.37024932129236093 -0.37562716234337751 -0.43458642944892872 -0.37016586327596041 -0.4022349372604781 -0.42703936055984776 -0.50295684048217559 -0.41254028013640176 -0.48745219565753928 -0.3931041461501148 -0.4558227202152812
leaf_weight=56.766670167446136 10.812699079513548 16.519401371479038 67.579369246959686 21.6253981590271 6.9081133008003226 8.71022981405258 20.72433990240097 15.918695867061617 6.0070550441741926 18.021165132522583 11.713757336139679 8.4098770618438774 7.508818805217742 9.0105825662612897 7.8091715574264517 10.211993575096129 11.413404583930971 10.812699079513548 14.416932106018065 163.39189720153809 69.081133008003235 11.11305183172226 6.6077605485916129 6.3074077963829032 9.3109353184699994 30.635980725288391 6.0070550441741926 6.0070550441741943 57.367375671863556 7.5088188052177429
leaf_count=189 36 55 225 72 23 29 69 53 20 60 39 28 25 30 26 34 38 36 48 544 230 37 22 21 31 102 20 20 191 25
internal_value=-0.419653 -0.455662 -0.445542 -0.387702 -0.401373 -0.465752 -0.427946 -0.415887 -0.411368 -0.434865 -0.488237 -0.428271 -0.482578 -0.435343 -0.452363 -0.444408 -0.434618 -0.420583 -0.437073 -0.373409 -0.380748 -0.458977 -0.423539 -0.441602 -0.403431 -0.489354 -0.474748 -0.449996 -0.399279 -0.425488
internal_weight=714.239 335.794 256.201 378.444 193.427 119.24 136.961 113.533 106.625 116.237 79.5935 98.2153 66.6783 35.742 30.636 52.5617 42.3497 26.7314 22.8268 185.017 79.8938 22.8268 33.6395 17.7208 15.9187 59.1695 28.5335 12.0141 70.8832 13.5159
internal_count=2378 1118 853 1260 644 397 456 378 355 387 265 327 222 119 102 175 141 89 76 616 266 76 112 59 53 197 95 40 236 45
is_linear=0
shrinkage=1


Tree=4
num_leaves=31
num_cat=0
split_feature=140 145 76 148 71 99 2 163 149 140 146 2 156 140 130 156 148 159 9 145 19 162 149 68 122 148 130 159 156 130
split_gain=76.5371 43.1368 19.5528 19.2764 16.7154 13.2219 16.6297 12.6804 11.585 13.6138 11.0138 10.8937 10.7542 13.4631 12.8548 10.71 10.2556 8.48879 13.1299 7.05049 13.3743 9.12817 8.58858 6.3858 5.55224 9.02165 3.79925 3.72638 3.20031 5.07072
threshold=4.5277777777777786 17.083333333333339 1.0000000180025095e-35 15.442544563183203 1.0000000180025095e-35 3.5000000000000004 5.5000000000000009 0.61250000000000016 54.500000000000007 7.291666666666667 56.500000000000007 3.5000000000000004 0.44155844155844154 3.6904761904761911 58.500000000000007 0.29285714285714287 12.858849076803706 0.63333333333333341 1.5000000000000002 23.450000000000003 8.5000000000000018 16125.000000000002 92.500000000000014 1.0000000180025095e-35 1.0000000180025095e-35 2.3189659109916136 58.500000000000007 0.30952380952380959 0.6515151515151516 59.500000000000007
decision_type=2 2 2 10 2 2 2 2 2 2 2 2 2 2 2 2 10 2 2 2 2 8 2 2 2 8 2 2 2 2
left_child=1 2 16 24 7 6 12 8 9 -2 -10 -12 15 14 -14 -5 -1 18 -13 20 21 22 -6 -7 25 -3 -19 -21 29 -27
right_child=4 3 -4 5 19 23 -8 -9 10 -11 11 17 13 -15 -16 -17 -18 26 -20 27 -22 -23 -24 -25 -26 28 -28 -29 -30 -31
leaf_value=0.26260695370691478 0.13022128826617554 0.11995064756130572 0.037437459075380021 0.094902093371347029 0.032212954664621603 0.059307523016458169 -0.040925272333663651 0.10626863283847338 -0.030159002379257595 -0.021063144088537506 0.10716697749928582 0.11239509775273791 0.21358924247230238 -0.020663183680419923 0.050449127607712696 0.23759238675502053 0.13580519388352649 0.025478075362327615 -0.04069868040732285 0.02078227060613019 -0.028565336563874878 -0.019142935235807727 0.17648856124184861 -0.040561228411495114 -0.03442651554491926 0.071690467240720521 -0.040514846474168094 -0.033583355409124806 -0.040554256609553148 -0.02363076970936806
leaf_weight=3.2852037996053678 3.502492554485797 1.8665567487478245 2.5572751015424728 2.5724789574742335 2.0552299842238453 2.9949946328997603 2.0301881879568091 3.0545650944113723 24.275684967637062 2.584304191172123 3.0412980318069485 3.5861845016479501 2.1586752086877823 2.4788562431931496 2.740371085703373 2.6903314888477325 3.098614476621151 3.0300895720720291 2.2979110404849052 3.2595831975340834 12.592713065445421 2.3315457701683044 2.0708912685513496 3.4381193965673447 8.2967060133814812 2.6701516807079315 7.7823541164398193 95.45150937885046 3.2420327216386795 2.9218973591923714
leaf_count=27 33 19 26 24 21 30 20 29 269 29 31 35 20 25 28 25 26 33 24 35 139 25 21 37 92 28 85 1077 35 30
internal_value=-0.00010925 0.0549514 0.154261 0.032809 -0.0159083 0.0656993 0.0919063 0.00736553 0.00133551 0.0659896 -0.00760576 0.0201326 0.11324 0.0742891 0.122334 0.167845 0.201059 0.00427918 0.0526075 -0.0264135 0.00143545 0.0599382 0.104625 0.00593358 -0.00372855 0.020073 -0.0220209 -0.0317881 -0.00103016 0.0218842
internal_weight=219.959 49.0425 8.94109 40.1014 170.916 21.104 14.6709 53.1549 50.1003 6.0868 44.0135 19.7378 12.6407 7.3779 4.89905 5.26281 6.38382 16.6965 5.8841 117.761 19.0504 6.45767 4.12612 6.43311 18.9973 10.7006 10.8124 98.7111 8.83408 5.59205
internal_count=2378 492 79 413 1886 209 142 568 539 62 477 208 122 73 48 49 53 177 59 1318 206 67 42 67 204 112 118 1112 93 58
is_linear=0
shrinkage=0.05


Tree=5
num_leaves=31
num_cat=0
split_feature=140 94 40 141 140 162 65 143 159 145 158 98 23 73 145 145 143 148 146 145 2 146 158 128 10 140 143 112 72 69
split_gain=107.028 26.0095 20.0943 16.0625 10.7533 10.2726 9.75485 10.3452 9.45873 9.78518 8.6753 8.08987 8.26007 8.07512 7.50523 8.44063 7.09027 7.54683 6.71969 8.57891 7.17184 6.58786 6.56032 6.52892 7.46366 5.08006 5.52082 7.54068 4.99518 4.74651
threshold=6.6333333333333337 2.5000000000000004 1.0000000180025095e-35 10.500000000000002 7.8166666666666673 32416.666666666668 1.0000000180025095e-35 2.0675984740708016 0.53571428571428581 18.100000000000005 0.73214285714285732 0.55000001000000009 1.0000000180025095e-35 1.0000000180025095e-35 22.535714285714288 16.100000000000005 2.8990705651295672 16.782924895479422 52.500000000000007 19.422222222222224 4.5000000000000009 62.500000000000007 0.57738095238095244 1.0000000180025095e-35 1.5000000000000002 2.2250000000000005 4.5478929160464423 1.6333333000000003 1.0000000180025095e-35 1.0000000180025095e-35
decision_type=2 2 2 2 2 10 2 10 2 2 2 2 2 2 2 2 8 10 2 2 2 2 2 2 2 2 8 2 2 2
left_child=1 2 5 10 6 8 7 -2 9 -1 14 28 25 -11 15 -3 -9 -18 19 -10 21 -20 -5 24 -15 -13 27 -27 -4 -6
right_child=4 3 11 22 29 -7 -8 16 18 13 -12 12 -14 23 -16 -17 17 -19 20 -21 -22 -23 -24 -25 -26 26 -28 -29 -30 -31
leaf_value=0.0023951187686110736 -0.034300363980148178 0.035680627855053902 -0.025802400450499981 0.058834573939394008 -0.032902641865539525 -0.044397130729291634 -0.021364101271996224 0.10863319576674345 0.076815672078679689 0.11547794366718699 0.15758505257242883 0.051933167780620515 0.078696468145800058 -0.019862999326283413 0.025642736734079033 0.12609865014550389 -0.030466691153996358 0.062042694075570115 0.10451083100970371 -0.0064983121658825083 0.010551317266004681 0.032002947830571025 -0.018232892976757412 0.10732234151763619 0.06631217086618113 -0.0029068529301508944 -0.020444007618124101 0.054574836613284987 0.035666770332178389 0.011128326020084092
leaf_weight=5.3565269857645061 5.2576374709606197 3.7157208919525209 27.483656376600269 5.3200845271348935 153.05755589902401 3.6644008457660666 31.195356115698814 3.5877300649881336 3.7089309841394451 8.7212969213724136 4.18873207271099 5.714709445834159 4.4733845740556708 4.0037287175655383 4.984055593609809 8.4527315646409971 3.6225514858961105 5.6323720812797546 6.7104659229517001 18.511153489351273 8.1918812841176969 5.8755804598331451 5.7414053827524185 4.2662275284528706 6.7465817034244537 17.013943746685985 16.91386079788208 8.5840540230274183 3.7568114548921576 6.37560711801052
leaf_count=31 32 20 164 30 945 21 190 20 21 47 22 33 26 22 28 44 21 32 38 107 47 33 33 23 37 101 100 49 22 39
internal_value=-4.51057e-05 0.0268867 0.0185994 0.0677309 -0.0248314 0.0372689 -0.00442174 0.0247779 0.04142 0.0634371 0.0930754 0.00175006 0.0137012 0.0772115 0.0773218 0.0984889 0.0489639 0.0258328 0.0265222 0.00740829 0.0469627 0.0706618 0.0188331 0.0549871 0.034218 0.00767237 0.00172256 0.0163691 -0.0184104 -0.0311419
internal_weight=400.829 192.1 159.697 32.4027 208.729 75.7568 49.2956 18.1003 72.0924 29.0944 21.3412 83.9404 52.7 23.7378 17.1525 12.1685 12.8427 9.25492 42.998 22.2201 20.7779 12.586 11.0615 15.0165 10.7503 48.2266 42.5119 25.598 31.2405 159.433
internal_count=2378 1099 922 177 1279 427 295 105 406 160 114 495 309 129 92 64 73 53 246 128 118 71 63 82 59 283 250 150 186 984
is_linear=0
shrinkage=0.05


Tree=6
num_leaves=31
num_cat=0
split_feature=140 145 15 162 129 143 161 143 145 145 100 8 147 23 112 11 148 10 143 142 160 148 100 162 148 148 64 159 67 112
split_gain=64.3758 21.0635 12.6509 11.2734 9.97235 8.6251 7.61357 7.40213 14.3868 6.46346 6.9928 6.57801 7.43209 6.3318 7.96181 10.8681 6.85869 6.7247 6.00964 5.82418 5.68067 5.45215 4.97041 11.4895 8.25819 4.88329 4.66677 6.34767 4.61934 4.64912
threshold=7.366666666666668 69.583333333333357 5.5000000000000009 24500.000000000004 1.0000000180025095e-35 3.5405774738222062 1.4142857142857144 4.6618968466139084 24.47727272727273 48.125000000000007 6.5000000000000009 1.5000000000000002 1.0000000180025095e-35 1.0000000180025095e-35 1.4500000000000002 1.0000000180025095e-35 16.440042561437767 1.5000000000000002 4.205155098949346 3.5000000000000004 0.2678571428571429 22.318707073936711 4.5000000000000009 4267.857142857144 13.593809088257588 18.192260223015342 1.0000000180025095e-35 0.77500000000000013 1.0000000180025095e-35 1.7083333000000003
decision_type=2 2 2 8 2 8 2 8 2 2 2 2 2 2 2 2 8 2 10 2 2 8 2 10 8 10 2 2 2 2
left_child=1 2 3 9 19 -6 7 8 -2 10 11 12 -1 14 15 16 -14 25 -17 -3 22 26 23 24 -16 -18 -10 -28 29 -26
right_child=6 4 -4 -5 5 -7 -8 -9 21 -11 -12 -13 13 -15 20 18 17 -19 -20 -21 -22 -23 -24 -25 28 -27 27 -29 -30 -31
leaf_value=0.10279466890975329 0.11200399458468405 0.010731400585231012 0.090417471279658282 -0.0086835825083802481 0.066103650019365814 0.17906204071566925 -0.032428346295842431 -0.035988972313000391 -0.025967279732371968 0.00026490673290676379 -0.010285432709131764 -0.013751939806003212 -0.0059372252273052267 -0.012738339579662703 0.095110939578289033 0.15771936051030908 0.078566083647559695 0.1165589351823241 0.061553874398140584 0.081583672606484525 -0.042637505159517697 0.051543721545116009 -0.014195229250349869 0.10712986435693822 0.018997331127361239 -0.011313812841475486 0.077779771948818965 -0.025803096727823629 0.054099457778349715 -0.042563901254681326
leaf_weight=4.1099664121866217 2.9122022539377239 6.5333138555288333 5.2360796630382529 48.661785170435905 3.6593840718269339 3.1399903148412704 100.91511821746826 15.631642848253248 18.25605112314225 30.223625794053078 10.80117094516754 6.8620660454034796 5.4332887828350076 6.647847279906272 3.2580436915159323 3.7353169322013846 2.8837632536888123 3.764186903834343 2.8750826269388199 5.2161851525306702 2.959030643105506 3.7225529104471198 5.2636111974716178 4.9900526851415625 7.2743805050849932 3.1751215606927872 2.9096534252166739 3.0081231743097305 4.1102643013000479 5.3023365139961243
leaf_count=27 21 45 34 347 24 19 748 115 134 211 76 47 38 46 22 25 20 26 20 35 21 27 37 33 50 22 21 22 27 38
internal_value=-2.89988e-05 0.0195186 0.0139222 0.0114548 0.0700754 0.118268 -0.0247184 -0.00796467 0.00625429 0.0200761 0.0272516 0.0328328 0.0376923 0.0333537 0.0389224 0.062343 0.03914 0.0640729 0.115894 0.0421862 0.023477 -0.0047853 0.0299553 0.0392751 0.0222985 0.0314651 -0.0134595 0.0251265 0.00808227 -0.00695685
internal_weight=333.471 186.116 167.567 162.331 18.5489 6.79937 147.355 46.4402 30.8086 113.669 83.4455 72.6444 65.7823 61.6723 55.0245 21.8668 15.2564 9.82307 6.6104 11.7495 33.1577 27.8964 30.1987 24.9351 19.945 6.05888 24.1738 5.91778 16.687 12.5767
internal_count=2378 1290 1167 1133 123 43 1088 340 225 786 575 499 452 425 379 151 106 68 45 80 228 204 207 170 137 42 177 43 115 88
is_linear=0
shrinkage=0.05


Tree=7
num_leaves=31
num_cat=0
split_feature=140 162 163 141 71 98 98 140 165 71 143 9 148 121 6 148 147 142 104 130 161 159 159 147 145 22 50 101 147 159
split_gain=286.787 38.8523 31.0004 27.9524 25.0515 21.3721 14.5051 13.3751 12.6477 11.1293 10.7082 10.0995 8.18639 7.87025 7.74151 7.70718 6.34837 5.99399 5.66594 6.05262 5.34523 5.13579 4.97043 6.96439 7.12732 4.84734 4.79116 4.51079 4.24264 4.23462
threshold=6.7083333333333348 32416.666666666668 0.5634920634920636 13.500000000000002 1.0000000180025095e-35 0.26785715000000004 0.45000000500000009 4.854166666666667 0.35416666666666669 1.0000000180025095e-35 4.9581511384448076 1.0000000180025095e-35 22.638460151890886 1.5000000000000002 1.0000000180025095e-35 23.353257782098279 10.500000000000002 5.5000000000000009 1.0000000180025095e-35 49.500000000000007 1.0625000000000002 0.72077922077922085 0.58571428571428574 27.500000000000004 67.166666666666671 1.0000000180025095e-35 1.0000000180025095e-35 7.7750001000000006 16.500000000000004 0.53571428571428581
decision_type=2 10 2 2 2 2 2 2 2 2 10 2 8 2 2 10 2 2 2 2 2 2 2 2 2 2 2 2 2 2
left_child=1 2 4 5 6 21 11 14 -7 12 -4 -1 17 -8 22 26 -17 -10 25 -20 -5 -2 -6 -24 -25 -13 -9 28 -15 -11
right_child=3 -3 10 20 7 8 13 15 9 29 -12 18 -14 27 -16 16 -18 -19 19 -21 -22 -23 23 24 -26 -27 -28 -29 -30 -31
leaf_value=-0.078957445170475662 0.0050751222226223603 0.020222475921914437 -0.081975496915741602 0.021079627345487 -0.057252311790060476 -0.061500339915859216 -0.076705009764238094 0.040345324438887678 -0.02958823678691308 -0.0059953536261701419 -0.014674322748743777 -0.05918191810892226 -0.055771572576569756 -0.060292693913408461 0.018671893500610864 -0.0049796832293075785 -0.072816278859172523 0.018622031912761031 0.049280565386776769 -0.012503719572652476 0.047734815784126458 0.042355061621826486 -0.054189576591245764 0.019909146510906028 -0.045910739913115853 0.00059452651724231696 0.00062123300963919722 -0.016989672751196377 -0.020650549081400068 0.025182085863023975
leaf_weight=6.1646513640880576 10.704447776079176 31.192952543497086 45.824150204658508 21.327567994594574 22.807128399610519 7.0718689858913413 34.140621364116669 8.9985726773738843 10.895702958106996 13.492323160171507 6.7854987680912009 7.6522309482097643 9.1925056278705579 37.308201670646667 6.3778387904167166 7.9271595776081067 6.1048880219459534 15.791602462530134 6.3163509368896511 10.643435746431349 159.20754164457321 67.454739928245544 12.867150604724886 10.601113796234133 6.7201780974864951 6.0908918976783752 48.510469704866409 10.659794658422468 8.2400296628475171 56.492478370666504
leaf_count=20 36 104 147 72 74 23 110 30 36 45 22 25 30 121 21 26 20 53 21 35 544 230 42 35 22 20 161 35 27 191
internal_value=7.25659e-05 -0.0329734 -0.0383134 0.0304778 -0.0311837 0.0171494 -0.0469849 -0.0158289 0.00323891 0.00756356 -0.0732951 -0.0205548 -0.0150779 -0.0577699 -0.033372 -0.00126953 -0.0344932 -0.00106091 -0.00882853 0.0105067 0.0445859 0.0372493 -0.0396353 -0.0263258 -0.00562713 -0.0326893 0.00683695 -0.0462688 -0.0531211 0.0191714
internal_weight=713.564 341.933 310.74 371.631 258.131 191.096 127.216 130.914 112.936 105.865 52.6096 36.8676 35.8798 90.3486 59.3734 71.5411 14.032 26.6873 30.7029 16.9598 180.535 78.1592 52.9956 30.1884 17.3213 13.7431 57.509 56.208 45.5482 69.9848
internal_count=2378 1118 1014 1260 845 644 414 431 378 355 169 121 119 293 194 237 46 89 101 56 616 266 173 99 57 45 191 183 148 236
is_linear=0
shrinkage=0.05


Tree=8
num_leaves=31
num_cat=0
split_feature=140 145 148 71 104 145 99 120 130 161 141 9 148 145 19 158 161 0 163 141 19 68 101 145 122 143 148 159 144 102
split_gain=65.1301 31.2265 15.9534 15.4715 14.3758 10.965 10.3832 10.3421 9.55738 8.91544 16.5956 14.8606 7.60584 6.80196 11.8078 7.6506 6.71256 6.37499 8.01158 23.7974 6.35041 5.6591 5.58895 8.20249 5.13243 8.09588 5.052 3.5882 2.40949 2.07882
threshold=4.5277777777777786 17.083333333333339 15.442544563183203 1.0000000180025095e-35 1.0000000180025095e-35 18.708333333333339 3.5000000000000004 1.0000000180025095e-35 29.500000000000004 1.7750000000000001 5.5000000000000009 1.5000000000000002 21.423117559190462 23.450000000000003 8.5000000000000018 0.57738095238095244 2.2916666666666674 91000.000000000015 0.29285714285714287 10.500000000000002 2.5000000000000004 1.0000000180025095e-35 7.2916667500000019 54.583333333333336 1.0000000180025095e-35 2.3273044783351096 13.239771347761797 0.30952380952380959 17.500000000000004 1.0000000180025095e-35
decision_type=2 2 10 2 2 2 2 2 2 2 2 2 8 2 2 2 2 8 2 2 2 2 2 2 2 8 10 2 2 2
left_child=1 4 24 5 26 8 9 -7 -2 10 -4 20 16 14 15 -5 28 18 22 -20 -12 -8 23 -14 25 -3 -1 -15 -9 -27
right_child=3 2 6 13 -6 7 21 12 -10 -11 11 -13 17 27 -16 -17 -18 -19 19 -21 -22 -23 -24 -25 -26 29 -28 -29 -30 -31
leaf_value=0.20932731404843186 0.0054253753510371877 0.076966872934020825 0.21350867624159264 0.0022172646276276318 0.043530756577836692 0.099144198146572424 0.052233903891593464 0.0046543629890214763 0.15164312593068971 0.011819077777785437 0.18252477567290337 -0.0037910100698661589 0.1047566470842041 0.019875783753553727 -0.028056566216713416 0.10800068963660003 0.05498434320085286 -0.040776708722292547 -0.020011107858431781 0.20759269849143119 0.0767946745700058 -0.04049572710878472 -0.029910631465191219 -0.020617181949469897 -0.034281508035618628 -0.030702999815145689 0.12362995176525633 -0.033150424003911882 -0.035842028671149558 0.027611222993356783
leaf_weight=3.5708149969577772 2.1444070413708678 3.8115323930978766 2.5453578084707322 3.489313296973708 3.4931115657091141 2.4929921254515639 3.2124315127730361 4.4210770428180757 2.333935871720314 3.7615713179111472 2.4506053254008275 4.0115088000893593 2.7389907389879244 3.3056103661656371 12.182355433702467 3.3504226058721542 2.6181629449129096 3.4760555773973456 2.3944383859634391 2.2069782614707947 3.3775571808218956 3.3727551624178886 4.7424877658486366 2.4910919070243835 8.1686044558882713 5.0511623993515977 3.3175440728664398 91.481659844517708 21.710530392825603 2.1913036853075027
leaf_count=26 20 36 21 36 27 23 30 48 22 34 20 38 25 35 139 31 29 36 24 19 29 37 53 26 92 54 26 1077 243 22
internal_value=-0.000176527 0.048514 0.0293019 -0.0153827 0.126155 0.00671965 0.0576548 -8.59353e-05 0.0816283 0.0792353 0.0997109 0.0702734 -0.00537185 -0.0258253 0.00146091 0.0540349 -0.0213433 0.0200671 0.034579 0.0891545 0.121252 0.00474029 0.00939752 0.045041 -0.00422688 0.0179827 0.168054 -0.0313012 -0.0289906 -0.0130593
internal_weight=219.916 52.3359 41.9544 167.581 10.3815 53.7711 22.7318 49.2928 4.47834 16.1466 12.385 9.83967 46.7998 113.809 19.0221 6.83974 28.7498 18.05 14.574 4.60142 5.82816 6.58519 9.97257 5.23008 19.2226 11.054 6.88836 94.7873 26.1316 7.24247
internal_count=2378 492 413 1886 79 568 209 526 42 142 108 87 503 1318 206 67 320 183 147 43 49 67 104 51 204 112 52 1112 291 76
is_linear=0
shrinkage=0.05


Tree=9
num_leaves=31
num_cat=0
split_feature=140 150 69 98 142 143 140 159 65 143 122 142 140 148 140 130 18 112 22 98 40 100 143 158 26 144 150 148 159 146
split_gain=93.3714 21.034 20.9307 11.8527 10.9821 10.7784 10.2366 9.43306 8.80126 9.19044 8.33394 8.81315 13.1228 8.06288 7.46335 6.596 6.17542 6.9059 6.11831 5.30132 4.7742 5.58775 13.9989 9.22371 7.87974 4.8648 4.74046 4.65078 4.54862 5.18591
threshold=6.6333333333333337 0.18333333333333332 1.0000000180025095e-35 1.4166667000000002 3.5000000000000004 5.0744433909673754 7.8166666666666673 0.58571428571428574 1.0000000180025095e-35 2.0675984740708016 1.0000000180025095e-35 1.5000000000000002 4.7750000000000012 12.434824584944275 4.5277777777777786 52.500000000000007 5.5000000000000009 0.70833334500000011 1.0000000180025095e-35 1.5833333000000003 1.0000000180025095e-35 1.0000000180025095e-35 3.5405774738222062 0.64583333333333337 1.0000000180025095e-35 29.500000000000004 0.29166666666666669 16.083114103876341 0.86607142857142871 80.500000000000014
decision_type=2 2 2 2 2 10 2 2 2 10 2 2 2 10 2 2 2 2 2 2 2 2 10 2 2 2 2 10 2 2
left_child=1 2 3 20 5 16 8 13 9 -2 11 12 -3 -4 -9 -16 17 -5 -11 27 21 24 23 -23 -1 -22 -8 -12 29 -19
right_child=6 10 7 4 -6 -7 26 14 -10 18 19 -13 -14 -15 15 -17 -18 28 -20 -21 25 22 -24 -25 -26 -27 -28 -29 -30 -31
leaf_value=-0.01189496251677064 -0.033796490613000572 0.098331869287179879 0.030793349864007592 0.093013777021581812 -0.020454209436572494 -0.032370169387802454 -0.031672341297082234 -0.022647224403119476 -0.020572403574108833 0.077771598512343665 -0.031610136150051413 0.13223672028398833 -0.010459212417080203 0.11739112588527834 0.0097413931741811045 0.10201532320023406 0.10093989272092395 0.025100736029975729 0.0099940408181500504 0.07639042812205861 -0.01503608363572711 0.13311791220133834 -0.033387312821302195 0.029256756889303848 0.054013537496713053 0.037289861180313202 0.027040567203077789 0.040741441410690693 -0.018911573908663243 0.086901011675557957
leaf_weight=24.411914587020878 5.1119375675916698 7.6169946193695086 3.916841372847558 5.4407464563846615 8.5009883344173414 4.2485310882329932 149.82433396577835 4.5118201673030853 30.409555539488792 6.8980187475681287 3.8583321869373339 6.1862464100122443 4.3577400594949722 8.5670161694288236 3.6871039718389511 4.0795331746339798 5.4371371865272513 13.473279625177389 6.4365850836038589 4.5006097108125678 48.158966928720474 3.9249686598777753 4.3603425174951544 4.6943627893924713 5.5695496201515189 4.8932434469461432 3.5186410695314398 5.2343253791332245 3.8960424661636344 4.5378689169883719
leaf_count=137 32 38 20 30 51 25 963 25 190 36 22 32 24 43 21 22 27 71 37 23 285 21 24 25 31 28 21 28 22 24
internal_value=-7.38313e-05 0.0243262 0.0172064 0.00978735 0.0307972 0.0425618 -0.0239749 0.0596155 -0.00404383 0.0232039 0.0616157 0.0837765 0.0587416 0.0902209 0.0284981 0.0582095 0.052272 0.0425962 0.0450555 0.0320081 -0.000176603 0.0122133 0.0396193 0.0765518 0.000348624 -0.0102098 -0.0303251 0.0100401 0.0300748 0.0406712
internal_weight=400.264 198.065 166.31 141.548 45.5346 37.0336 202.199 24.7623 48.8561 18.4465 31.7542 18.161 11.9747 12.4839 12.2785 7.76664 32.7851 27.3479 13.3346 13.5933 96.0133 42.9611 12.9797 8.61933 29.9815 53.0522 153.343 9.09266 21.9072 18.0111
internal_count=2378 1099 932 801 250 199 1279 131 295 105 167 94 62 63 68 43 174 147 73 73 551 238 70 46 168 313 984 50 117 95
is_linear=0
shrinkage=0.05


Tree=10
num_leaves=31
num_cat=0
split_feature=140 145 15 162 143 129 161 143 145 96 161 145 147 125 15 12 19 101 147 145 148 112 147 156 130 145 148 144 144 149
split_gain=56.767 17.2103 10.4505 9.80912 7.57155 12.158 7.39688 7.07261 12.0327 5.9975 6.63814 15.2282 6.24034 6.03642 7.68735 7.85407 6.58442 8.08615 6.09701 7.30306 8.85481 8.1683 5.87597 5.49084 5.02242 6.03135 4.89772 4.43955 8.24105 7.24295
threshold=7.366666666666668 69.583333333333357 5.5000000000000009 24500.000000000004 1.0244044240850758 1.0000000180025095e-35 1.4142857142857144 4.6618968466139084 24.47727272727273 1.5000000000000002 2.4166666666666674 62.583333333333336 44.500000000000007 1.0000000180025095e-35 1.5000000000000002 2.5000000000000004 1.0000000180025095e-35 4.1250000000000009 1.0000000180025095e-35 38.083333333333336 24.357578028416388 2.5833333500000006 73.500000000000014 0.29285714285714287 51.500000000000007 22.291666666666668 22.318707073936711 29.500000000000004 21.500000000000004 81.500000000000014
decision_type=2 2 2 8 10 2 2 8 2 2 2 2 2 2 2 2 2 2 2 2 10 2 2 2 2 2 10 2 2 2
left_child=1 2 3 9 5 22 7 8 -2 10 11 12 13 14 -1 16 -16 -18 -19 21 -21 23 -3 -20 25 -25 -10 28 29 -27
right_child=6 4 -4 -5 -6 -7 -8 -9 26 -11 -12 -13 -14 -15 15 -17 17 18 19 20 -22 -23 -24 24 -26 27 -28 -29 -30 -31
leaf_value=-0.031663509649741024 0.098576258994979876 0.094537180972971563 0.079406686369527912 -0.0085153513472009026 0.011631146283288004 0.14008071627076676 -0.031743261865698223 -0.035472612738283942 -0.012728897124026166 -0.02386712757290349 -0.0074464802886175831 0.13601518746571514 -0.032378610199636941 -0.0078231747227501293 0.11104477165580924 -0.011316790635169785 -0.022971547317445374 0.098829729825623824 0.075427434232224963 0.037418026393274399 0.14754429121405296 0.094366059898931917 0.012230996335608597 -0.0024759666018757398 -0.032474909712927463 0.086877474795653484 0.048034560398715787 -0.0020641330074921888 0.12329747270025125 -0.016478118141573708
leaf_weight=4.5408492535352698 3.1753128170967129 3.6230002939701098 5.6742036938667288 48.451735764741898 5.4504624903202048 5.4082600623369208 96.713723987340927 15.00201418250799 23.672448754310611 7.8815417885780326 16.950148344039917 3.0741240978240958 4.8409983068704596 11.396218553185461 3.2384753674268714 7.9056400656700125 5.0007661879062644 4.5584416091442099 4.2049267441034308 4.3586660027503958 3.140473261475563 4.3540432006120673 5.4013501554727554 12.294068112969404 4.8015428483486167 3.0719624459743482 3.856523483991622 3.6460643857717505 3.5974913686513901 3.7818403691053391
leaf_count=32 21 23 34 347 35 30 748 115 177 54 117 21 34 78 21 54 34 28 27 30 20 28 35 82 33 20 27 24 23 26
internal_value=-2.72066e-05 0.0178139 0.0126878 0.0103946 0.0618395 0.0808007 -0.0239098 -0.00733439 0.00641385 0.0182498 0.021302 0.0266098 0.0228195 0.0260047 0.0313225 0.0355313 0.041699 0.037746 0.0436066 0.038279 0.0835365 0.0297413 0.0452744 0.0217923 0.014562 0.0231197 -0.00421657 0.0454413 0.0620142 0.0298472
internal_weight=333.067 190.647 170.764 165.09 19.8831 14.4326 142.42 45.7063 30.7043 116.638 108.757 91.8066 88.7325 83.8915 72.4953 67.9544 60.0488 56.8103 51.8095 47.2511 7.49914 39.7519 9.02435 35.3979 31.193 26.3914 27.529 14.0974 10.4513 6.8538
internal_count=2378 1290 1167 1133 123 88 1088 340 225 786 732 615 594 560 482 450 396 375 341 313 50 263 58 235 208 175 204 93 69 46
is_linear=0
shrinkage=0.05


Tree=11
num_leaves=31
num_cat=0
split_feature=140 162 141 165 98 141 101 98 165 159 71 144 143 63 148 163 22 68 161 140 161 159 145 40 148 128 12 145 148 130
split_gain=250.843 33.6923 26.4032 25.7001 19.7605 15.9039 12.7056 11.4278 11.184 10.5119 9.9155 9.06968 8.10787 7.40052 7.37001 7.001 6.32387 6.01677 5.86823 5.45756 5.11029 4.87066 4.63779 4.26038 5.04703 4.6198 4.2106 4.20683 4.13584 4.13126
threshold=6.7083333333333348 32416.666666666668 13.500000000000002 0.61250000000000016 0.26785715000000004 5.5000000000000009 6.8750000000000009 1.4166667000000002 0.35416666666666669 0.34848484848484851 1.0000000180025095e-35 20.500000000000004 4.9581511384448076 1.0000000180025095e-35 22.638460151890886 0.18333333333333332 1.0000000180025095e-35 1.0000000180025095e-35 1.4142857142857144 8.071428571428573 1.0625000000000002 0.72077922077922085 49.125000000000007 1.0000000180025095e-35 23.644691291914743 1.0000000180025095e-35 2.5000000000000004 42.63333333333334 19.107147885527372 69.500000000000014
decision_type=2 10 2 2 2 2 2 2 2 2 2 2 10 2 8 2 2 2 2 2 2 2 2 2 10 2 2 2 8 2
left_child=1 3 4 6 21 16 -1 11 -6 18 14 -8 -9 15 19 27 22 -13 -7 -10 26 -2 -5 25 -25 -17 -4 -11 -15 -18
right_child=2 -3 20 5 8 9 7 12 10 13 -12 17 -14 28 -16 23 29 -19 -20 -21 -22 -23 -24 24 -26 -27 -28 -29 -30 -31
leaf_value=-0.069925584049946032 0.0042876399926582865 0.019454597974789649 0.036768693571360027 -0.02768404597721065 -0.057525645501932871 -0.078443830509966769 -0.04508292254516251 -0.072389646568526742 -0.01927718144693422 0.032951229342059178 0.017958087238770081 -0.023459484786501533 -0.013394984280283909 -0.014335836122040316 -0.05263577908636019 -0.012905431728477613 -0.0025852724384428367 0.032318416743700104 -0.025594971031509102 0.027005209004705363 0.046157613293048641 0.040773600028588541 -0.077073252700895725 0.010766156349237919 -0.037247506678520635 -0.062204302264505434 -0.0097551028907248045 0.00010710722728858141 -0.061903922751955255 -0.049367925486906182
leaf_weight=57.54150453209877 10.625010609626768 30.928922206163406 13.407991498708727 6.2466968297958401 7.2066578269004813 8.9033989012241381 17.522947371006012 26.25009959936142 16.148325592279438 12.320553839206694 69.031578093767166 9.6177707612514496 7.4845751523971549 8.8961905539035815 9.3381814658641797 9.6290712654590607 8.9257010817527789 9.7220106422901154 12.809894740581511 10.518390923738478 154.7338844537735 65.752344459295273 19.880974352359772 16.013894230127338 8.3152729570865613 9.3826960921287537 7.631361097097396 46.718596518039703 9.3956026136875135 10.012802988290785
leaf_count=181 36 104 46 20 23 28 56 82 53 41 236 31 24 29 30 31 29 32 41 36 544 230 63 53 27 30 26 154 30 32
internal_value=0.000108923 -0.0303479 0.0290717 -0.0352287 0.0160792 -0.0234317 -0.0524862 -0.038272 0.00272927 -0.0152382 0.00686342 -0.0190277 -0.0593007 -0.00947532 -0.0144082 -0.0042415 -0.0493188 0.00457979 -0.0472653 -0.00102161 0.0430139 0.035698 -0.0652651 -0.0195018 -0.00564405 -0.0372354 0.0198937 0.00696117 -0.0387692 -0.0273193
internal_weight=710.913 346.519 364.394 315.59 188.62 187.451 128.139 70.5974 112.243 142.385 105.036 36.8627 33.7347 120.672 36.0049 102.38 45.0662 19.3398 21.7133 26.6667 175.773 76.3774 26.1277 43.3409 24.3292 19.0118 21.0394 59.0392 18.2918 18.9385
internal_count=2378 1118 1260 1014 644 608 406 225 378 464 355 119 106 395 119 336 144 63 69 89 616 266 83 141 80 61 72 195 59 61
is_linear=0
shrinkage=0.05


Tree=12
num_leaves=31
num_cat=0
split_feature=140 145 71 148 76 149 163 146 140 68 2 159 158 159 9 145 19 162 101 161 22 149 122 143 98 145 130 159 128 145
split_gain=56.1853 23.7972 14.3832 13.529 11.2252 9.70066 9.11006 9.69925 8.97068 8.96076 8.36215 8.04983 7.18258 6.68538 9.71787 6.54592 10.4115 6.70399 6.37517 8.04305 6.13 5.69146 4.73393 6.86799 4.44338 4.33032 3.64362 3.40523 2.82581 2.31274
threshold=4.5277777777777786 17.083333333333339 1.0000000180025095e-35 15.442544563183203 1.0000000180025095e-35 54.500000000000007 0.61250000000000016 56.500000000000007 7.291666666666667 1.0000000180025095e-35 3.5000000000000004 0.38750000000000007 0.64583333333333337 0.63333333333333341 1.5000000000000002 23.450000000000003 8.5000000000000018 16125.000000000002 2.5833333500000006 0.84523809523809534 1.0000000180025095e-35 92.500000000000014 1.0000000180025095e-35 2.3273044783351096 1.2916667000000002 28.708333333333339 58.500000000000007 0.30952380952380959 1.0000000180025095e-35 19.291666666666668
decision_type=2 2 2 10 2 2 2 2 2 2 2 2 2 2 2 2 2 8 2 2 2 2 2 8 2 2 2 2 2 2
left_child=1 4 5 22 12 8 7 29 28 18 -9 -11 -1 14 -12 16 17 21 -5 -20 25 -4 23 -3 -13 -21 -15 -17 -2 -7
right_child=2 3 15 9 -6 6 -8 10 -10 11 13 24 -14 26 -16 27 -18 -19 19 20 -22 -23 -24 -25 -26 -27 -28 -29 -30 -31
leaf_value=0.18625625137690491 0.13419938686935312 0.067583717720417116 0.024892848604434633 0.14170031682148243 0.024262924703995006 0.013110160564690228 0.086439541981731094 0.088056617267264201 -0.019667621813631742 0.10174069268351303 0.087319758325617558 -0.032013224172399886 0.094529854284699136 0.024098935036914196 -0.04068165832031298 0.018403332131645734 -0.027535875477148433 -0.019798583027058957 0.13178630059420648 0.11318282757603262 -0.024236524894865188 0.13361925449228804 -0.034096565335052322 -0.013182612629868477 0.052948616905193119 0.024764293910527646 -0.040426860279035241 -0.032718930094263556 0.059211046495585978 -0.035465363528991004
leaf_weight=3.89822970330715 2.5533446818590164 4.1264435946941367 2.2684340924024609 2.9839198142290124 3.0384182259440413 2.7797333896160152 2.7272741720080367 3.4727842733263996 2.4322597682476044 2.0916425511240959 4.257196947932246 5.6315378472208977 4.7161742895841599 3.0898943543434125 2.275285542011261 3.3829800039529792 11.781625524163244 2.389528326690197 2.8754965066909781 2.5730263292789441 2.8808787316083908 2.5641928762197495 8.0095014348626137 7.2685317695140848 2.1175188720226288 2.998493567109108 7.4937072396278381 87.724368669092655 2.473163701593875 20.680479101836681
leaf_count=22 20 36 21 22 26 28 22 31 29 18 35 57 31 33 24 35 139 25 23 20 25 21 92 76 19 25 85 1077 20 241
internal_value=-0.000211695 0.0434279 -0.0148718 0.0264489 0.106893 0.00620443 -0.00223961 -0.00773013 0.0591598 0.0514261 0.0173148 0.0146983 0.136038 0.00296161 0.0427364 -0.0252529 0.00144006 0.048709 0.0766799 0.0595527 0.0349789 0.0825831 -0.00463987 0.0160652 -0.00879642 0.0655975 -0.0215885 -0.0308207 0.0973033 -0.0297098
internal_weight=219.556 55.2098 164.346 43.557 11.6528 54.2351 46.7764 44.0491 7.45877 24.1525 20.5889 9.8407 8.6144 17.1161 6.53248 110.111 19.0038 7.22216 14.3118 11.3279 8.4524 4.83263 19.4045 11.395 7.74906 5.57152 10.5836 91.1073 5.02651 23.4602
internal_count=2378 492 1886 413 79 568 499 477 69 209 208 94 53 177 59 1318 206 67 115 93 70 42 204 112 76 45 118 1112 40 269
is_linear=0
shrinkage=0.05


Tree=13
num_leaves=31
num_cat=0
split_feature=140 40 163 101 69 159 159 140 98 22 0 143 143 0 112 148 145 130 161 159 143 140 98 69 101 98 140 100 67 144
split_gain=81.7986 19.5179 17.2858 11.6246 10.8942 10.7392 11.8838 10.4103 9.62776 10.1435 8.53644 7.41396 7.40337 6.44584 6.49837 11.2834 7.2642 5.78602 5.50779 5.27385 6.91629 7.52909 5.90634 5.11851 6.09327 4.97526 4.64817 4.57653 12.5252 4.54119
threshold=7.5357142857142865 1.0000000180025095e-35 0.61250000000000016 11.366666500000003 1.0000000180025095e-35 0.58571428571428574 0.30952380952380959 5.4142857142857155 1.2916667000000002 1.0000000180025095e-35 35675.000000000007 5.5741714649328129 2.8737312384910294 27500.000000000004 2.2916666500000002 18.192260223015342 20.291666666666668 48.500000000000007 1.267857142857143 0.63333333333333341 6.2802499517609762 6.854166666666667 0.91666665500000011 1.0000000180025095e-35 10.900000000000002 0.45000000500000009 4.2678571428571432 1.0000000180025095e-35 1.0000000180025095e-35 15.500000000000002
decision_type=2 2 2 2 2 2 2 2 2 2 10 10 8 10 2 8 2 2 2 2 8 2 2 2 2 2 2 2 2 2
left_child=1 3 7 4 11 6 -6 8 18 -10 -4 13 -11 14 15 25 -16 -8 -3 20 21 22 -9 -2 -25 -1 -7 -17 -29 -28
right_child=23 2 10 -5 5 26 17 19 9 12 -12 -13 -14 -15 16 27 -18 -19 -20 -21 -22 -23 -24 24 -26 -27 29 28 -30 -31
leaf_value=-0.036624600017031363 -0.030129586432917511 0.020101924454967696 0.02606333538052031 0.11704290400855957 0.021130064157383291 -0.020803671887691784 0.08179633547304227 0.048941036735475812 0.078021275595443029 0.063823084641921671 0.11857681027734096 -0.03526971184704971 -0.019163389293414778 -0.0082988963945201232 0.11828812051613172 0.030457213718495052 0.028218655462904797 0.15544268229070421 -0.020960676158803072 -0.024133847556159469 -0.035970324963360521 0.085872738702831741 -0.027863799599436495 -0.030194789337055251 0.063606531174742839 0.013871640241116472 0.075282856105376494 0.13405217830860303 0.026013382944187036 0.0039798280684175151
leaf_weight=6.4271910488605526 150.13866482675076 15.415681272745131 5.5401975065469724 3.995093807578086 5.12838943302632 4.157892018556594 6.2047474533319456 4.2705761045217532 10.078705057501793 4.1258456110954276 4.5342011451721191 5.5120493471622458 7.7093132883310327 12.27629768848419 4.2352348715066892 15.814077511429788 4.7483985871076584 4.6774655431509018 17.365415930747986 43.287070289254189 6.5433662235736838 3.8480033427476874 6.0480865240097046 3.6952488720417014 3.2575124800205231 20.23669858276844 4.9471340477466565 4.7100453376770002 6.2323166877031326 4.0702424943447113
leaf_count=37 998 86 28 21 24 23 29 24 51 22 22 32 42 68 20 84 25 21 104 267 41 23 35 23 20 107 25 23 31 22
internal_value=-8.85901e-05 0.0181409 0.00482077 0.0332695 0.0302096 0.0563663 0.0838798 -0.000516405 0.0155012 0.0411585 0.067701 0.0206899 0.00976646 0.0248203 0.0313356 0.0247189 0.0706809 0.113452 -0.00165052 -0.0142058 0.00654539 0.0261828 0.00392335 -0.0281874 0.0137531 0.00169979 0.0229319 0.0476584 0.0725178 0.0430983
internal_weight=399.231 242.14 128.766 113.373 109.378 29.1859 16.0106 118.692 54.695 21.9139 10.0744 80.1923 11.8352 74.6803 62.404 53.4203 8.98363 10.8822 32.7811 63.9971 20.71 14.1667 10.3187 157.091 6.95276 26.6639 13.1753 26.7564 10.9424 9.01738
internal_count=2378 1337 745 592 571 144 74 695 305 115 50 427 64 395 327 282 45 50 190 390 123 82 59 1041 43 144 70 138 54 47
is_linear=0
shrinkage=0.05


Tree=14
num_leaves=31
num_cat=0
split_feature=140 145 15 162 143 129 12 145 100 8 125 148 147 112 11 2 141 67 140 0 163 19 148 148 119 8 145 144 146 143
split_gain=50.1526 14.4891 9.0227 9.07312 8.4109 13.1629 7.24054 5.64493 5.65139 5.44247 5.32345 5.91179 5.49875 6.07678 9.42455 5.05276 5.11216 10.3567 8.6483 5.04956 8.68688 5.54071 4.90767 6.33638 4.87367 4.53182 6.03679 6.1032 6.4185 4.37667
threshold=7.366666666666668 67.583333333333357 5.5000000000000009 24500.000000000004 1.0244044240850758 1.0000000180025095e-35 2.5000000000000004 48.125000000000007 6.5000000000000009 1.5000000000000002 1.0000000180025095e-35 22.897416138919045 1.0000000180025095e-35 1.4500000000000002 1.0000000180025095e-35 5.5000000000000009 9.5000000000000018 1.0000000180025095e-35 5.6904761904761916 21500.000000000004 0.41428571428571431 8.5000000000000018 16.440042561437767 19.682473616947725 1.0000000180025095e-35 1.0000000180025095e-35 17.366666666666671 20.500000000000004 34.500000000000007 3.599763858802647
decision_type=2 2 2 8 10 2 2 2 2 2 2 8 2 2 2 2 2 2 2 10 2 2 8 10 2 2 2 2 2 10
left_child=1 2 3 7 5 -3 -2 8 9 10 12 -12 -1 14 22 16 18 -18 24 20 21 -8 -14 -24 -15 -5 -27 28 -28 -9
right_child=6 4 -4 25 -6 -7 19 29 -10 -11 11 -13 13 15 -16 -17 17 -19 -20 -21 -22 -23 23 -25 -26 26 27 -29 -30 -31
leaf_value=0.090777789168533726 -0.027420174662787424 0.036134077768911137 0.071152766760373104 -0.021049735638719161 0.0089739963818021122 0.12685102613926377 0.036856141935592959 -0.012255911392796076 -0.010903783419985956 -0.014566484541580488 -0.028248160874439255 0.05562182557693706 -0.010885248216152582 -0.022584585023474203 0.10261185827307112 -0.042916277729402715 0.016072554393374038 0.11191608345526345 0.068469850919566602 -0.032965482255111554 0.10389232292838138 -0.042052132100794247 0.09678216595393066 0.014500970092887861 0.045477105245176758 -0.033416953979091807 0.011158275022409941 -0.003790099719522105 0.11516456414465195 0.040351078425022432
leaf_weight=4.4322598129510871 120.580835737288 10.018234044313436 6.0478657186031333 30.315114557743073 7.6339275687932959 6.6548869758844367 5.0428720340132731 22.908089451491836 10.966919824481009 7.0124756395816794 6.8295404911041233 3.0347211956977853 4.6791560053825387 12.064805448055269 6.8062737286090842 2.9030742570757857 7.5776881873607618 4.4879416823387146 4.9053484499454489 5.3388244509696952 2.7262565270066252 3.9807200953364372 4.2737049907445908 5.1707224100828171 3.3634747713804236 5.3937052786350277 2.7914489358663541 6.4401731640100479 3.1655948162078857 4.7783131897449485
leaf_count=25 961 62 34 220 49 34 37 159 76 47 47 20 32 79 40 20 50 27 31 40 19 31 27 33 21 38 20 46 22 31
internal_value=-6.78344e-06 0.0163283 0.0111754 0.0089676 0.052441 0.0723427 -0.0231035 0.0165278 0.0226916 0.0274432 0.0316201 -0.00244572 0.0371593 0.032933 0.0542799 0.0202771 0.0259394 0.0517226 0.0106401 0.00735594 0.0256769 0.00204609 0.0309883 0.0517341 -0.00774665 -0.00929329 0.0107393 0.0299505 0.0664276 -0.00317663
internal_weight=332.325 194.655 170.348 164.301 24.307 16.6731 137.67 116.195 88.5081 77.5412 70.5287 9.86426 60.6644 56.2322 20.9299 35.3023 32.3993 12.0656 20.3336 17.0887 11.7498 9.02359 14.1236 9.44443 15.4283 48.106 17.7909 12.3972 5.95704 27.6864
internal_count=2378 1290 1145 1111 145 96 1088 765 575 499 452 67 385 360 132 228 208 77 131 127 87 68 92 60 100 346 126 88 42 190
is_linear=0
shrinkage=0.05


Tree=15
num_leaves=31
num_cat=0
split_feature=140 162 141 165 98 141 101 163 98 159 71 105 144 143 148 40 148 163 147 130 22 76 161 142 161 112 159 64 145 12
split_gain=220.336 29.5604 24.9627 22.333 18.2669 13.7117 10.9584 9.9682 9.69517 9.10765 8.88172 8.61625 7.38761 6.92428 6.58441 6.51608 6.93892 6.79925 8.96777 6.33632 5.44132 5.161 5.14294 5.03573 4.92202 4.87294 4.65587 4.39486 4.00437 3.97326
threshold=6.7083333333333348 32416.666666666668 13.500000000000002 0.61250000000000016 0.26785715000000004 5.5000000000000009 6.8750000000000009 0.61250000000000016 1.4166667000000002 0.34848484848484851 1.0000000180025095e-35 1.0000000180025095e-35 20.500000000000004 4.9581511384448076 22.638460151890886 1.0000000180025095e-35 24.052024695687276 0.21111111111111114 56.500000000000007 49.500000000000007 1.0000000180025095e-35 1.0000000180025095e-35 1.4142857142857144 5.5000000000000009 1.0625000000000002 0.91666665500000011 0.72077922077922085 1.0000000180025095e-35 49.125000000000007 2.5000000000000004
decision_type=2 10 2 2 2 2 2 2 2 2 2 2 2 10 8 2 10 2 2 2 2 2 2 2 2 2 2 2 2 2
left_child=1 3 4 6 26 20 -1 10 11 22 14 12 -8 -10 23 17 -17 18 25 21 28 -19 -7 -6 29 -11 -2 -13 -5 -4
right_child=2 -3 24 5 7 9 8 -9 13 15 -12 27 -14 -15 -16 16 -18 19 -20 -21 -22 -23 -24 -25 -26 -27 -28 -29 -30 -31
leaf_value=-0.064560150024938798 0.0034425740157201417 0.018784767520773633 0.035384610734034164 -0.025272449787598041 -0.026860877739891362 -0.072394931868634257 -0.033584531764280327 -0.054162600818311368 -0.066470138160969194 -0.030447652888841405 0.016851906474358001 -0.022713236407415523 0.023521942419432316 -0.012195011473393504 -0.049655341925505636 0.0097410977666597086 -0.032522453600498713 0.0080595603815436963 -0.0549615952372879 -0.072858572843344682 -0.025097727471780896 -0.0524802247707154 -0.023338854220149245 0.017272506873116676 0.044703467382543598 0.020919521209315554 0.039307057643130819 -0.079804277106351018 -0.070841693147757109 -0.010024383931726182
leaf_weight=58.637613385915756 10.538495332002638 30.687089294195175 13.122227847576143 6.3185676336288479 11.069612830877306 9.0912626981735247 9.4645585417747515 7.3117122650146475 26.765427678823471 6.139491111040118 68.135882347822189 7.1934904456138593 14.101062208414076 7.5295493006706229 9.4621216058731061 53.549358159303665 11.86336103081703 7.5408939719200152 7.2755752205848685 9.5851565003395063 19.140009790658951 6.602912425994873 12.957843273878096 15.533400088548659 150.15690204501152 18.618104577064514 64.03532662987709 6.3435616791248322 20.339481920003891 7.6115911602973929
leaf_count=181 36 104 46 20 36 28 30 23 82 20 236 23 46 24 30 178 38 24 23 30 61 21 41 53 544 61 230 20 63 26
internal_value=0.000119002 -0.0280865 0.027753 -0.0325946 0.0150824 -0.0216226 -0.0485437 0.00227162 -0.0353896 -0.0140075 0.00623157 -0.0176755 0.000586516 -0.0545539 -0.0138329 -0.00862911 0.00207611 -0.0211871 -0.00616013 -0.0414728 -0.0454373 -0.0202029 -0.0435656 -0.00109156 0.0415503 0.00818128 0.0342388 -0.0494665 -0.0600407 0.0187145
internal_weight=706.722 349.744 356.977 319.057 186.087 189.022 130.035 111.513 71.3976 143.224 104.201 37.1027 23.5656 34.295 36.0651 121.175 65.4127 55.7621 32.0332 23.729 45.7981 14.1438 22.0491 26.603 170.891 24.7576 74.5738 13.5371 26.658 20.7338
internal_count=2378 1118 1260 1014 644 608 406 378 225 464 355 119 76 106 119 395 216 179 104 75 144 45 69 89 616 81 266 43 83 72
is_linear=0
shrinkage=0.05


Tree=16
num_leaves=31
num_cat=0
split_feature=140 145 71 148 104 5 99 11 144 112 130 144 145 19 141 149 159 149 0 148 149 68 122 148 145 146 130 159 148 156
split_gain=48.8818 18.7884 13.4132 11.6124 8.91142 8.75478 7.63037 7.25958 6.98027 11.2501 7.79245 6.4157 6.29193 9.26132 6.13782 6.03781 5.80589 5.31065 5.205 5.52409 6.3942 4.48029 4.39385 6.43216 3.26042 4.93675 7.73223 3.23734 2.88075 2.68147
threshold=4.5277777777777786 17.083333333333339 1.0000000180025095e-35 15.442544563183203 1.0000000180025095e-35 1.0000000180025095e-35 3.5000000000000004 1.5000000000000002 13.500000000000002 1.2916667000000002 58.500000000000007 10.500000000000002 23.450000000000003 8.5000000000000018 7.5000000000000009 64.500000000000014 0.77500000000000013 87.500000000000014 91000.000000000015 28.539446236288097 50.500000000000007 1.0000000180025095e-35 1.0000000180025095e-35 2.3189659109916136 20.527777777777782 56.500000000000007 58.500000000000007 0.30952380952380959 13.206686832142724 0.6515151515151516
decision_type=2 2 2 10 2 2 2 2 2 2 2 2 2 2 2 2 2 2 8 10 2 2 2 8 2 2 2 2 8 2
left_child=1 4 5 22 28 15 8 18 9 10 -5 -11 13 16 -10 -2 17 -4 19 20 -7 -8 23 -3 -22 -26 -27 -14 -1 -25
right_child=2 3 12 6 -6 7 21 -9 14 11 -12 -13 27 -15 -16 -17 -18 -19 -20 -21 24 -23 -24 29 25 26 -28 -29 -30 -31
leaf_value=0.14796904246752135 0.12815892779605648 0.089842322364901847 0.020286123925122242 0.096766386058174281 0.031116798911059201 0.068077454639569379 0.039779513916350678 0.085589854462783374 -0.041662426610102027 0.078251317618796751 -0.013851488395156097 0.17598752497675424 0.017103660260363307 -0.027025452142034619 0.066101609167181816 0.0096807984546447689 -0.020395666990100095 0.1216541674882593 -0.032422000928836951 0.087949642788139493 0.043813681721906861 -0.040446699019869539 -0.033897924775368918 0.015577936950083558 -0.033067592449883727 0.073889564395282381 -0.01220515119915525 -0.032286351516041853 0.090481668972754115 -0.040589795126723421
leaf_weight=4.6577469632029507 2.3519151955842963 2.279302306473256 2.4392431899905231 2.8727694898843819 4.0164876952767363 3.1856198087334624 3.6748934239149085 2.3565315306186667 2.5269548743963233 3.3031072244048119 3.5712307319045067 3.415109246969223 3.4539698734879485 11.406479582190512 2.7694088593125343 1.9811462387442587 2.3761915788054466 2.7473278567194939 12.246717460453509 1.9159631058573712 2.9267102777957943 3.305666908621788 7.8416243344545355 6.1674735322594643 13.647044569253923 3.4726154059171668 10.473169408738611 84.152724646031857 4.0952784344553956 3.2418111637234688
leaf_count=26 20 19 23 22 27 28 30 21 22 24 30 22 35 139 22 21 22 22 136 15 26 37 92 58 158 33 110 1077 26 35
internal_value=-0.00021997 0.0392536 -0.0143645 0.0240548 0.092778 0.00579803 0.0463174 -8.50636e-05 0.0631572 0.0826616 0.0354625 0.127934 -0.024686 0.00142217 0.0146862 0.0739888 0.0443281 0.0739808 -0.00430284 0.00536467 0.000670145 0.00178813 -0.00494336 0.0144816 -0.00636581 -0.0116882 0.00923314 -0.0303391 0.121072 -0.00377371
internal_weight=218.872 57.7389 161.133 44.9694 12.7695 54.5574 25.4391 50.2244 18.4586 13.1622 6.444 6.71822 106.576 18.9692 5.29636 4.33306 7.56276 5.18657 47.8678 35.6211 33.7052 6.98056 19.5302 11.6886 30.5195 27.5928 13.9458 87.6067 8.75303 9.40928
internal_count=2378 492 1886 413 79 568 209 527 142 98 52 46 1318 206 44 41 67 45 506 370 355 67 204 112 327 301 143 1112 52 93
is_linear=0
shrinkage=0.05


Tree=17
num_leaves=31
num_cat=0
split_feature=140 98 143 159 71 71 149 6 0 162 98 147 125 143 69 148 101 7 67 147 140 162 149 18 99 145 140 145 128 122
split_gain=73.0007 17.5442 13.9268 12.4022 12.1423 9.03282 10.8262 7.26263 6.98316 6.95201 8.95707 6.82629 6.43323 6.18643 5.91846 5.78294 6.83938 5.54169 5.44473 7.4111 6.76313 5.36412 5.77277 6.78729 4.9427 4.83035 4.74817 4.74751 4.59861 7.80683
threshold=7.6904761904761916 0.55000001000000009 4.3950725900277012 0.38750000000000007 1.0000000180025095e-35 1.0000000180025095e-35 49.500000000000007 1.0000000180025095e-35 785114.50000000012 42645.250000000007 2.7500000000000004 3.5000000000000004 1.0000000180025095e-35 1.3779271744364847 1.0000000180025095e-35 14.046945088335848 6.3666668000000008 1.0000000180025095e-35 1.0000000180025095e-35 15.500000000000002 4.2678571428571432 27083.333333333339 156.50000000000003 4.5000000000000009 3.5000000000000004 26.916666666666668 3.6333333333333337 55.750000000000007 1.0000000180025095e-35 1.0000000180025095e-35
decision_type=2 2 8 2 2 2 2 2 8 8 2 2 2 10 2 10 2 2 2 2 2 8 2 2 2 2 2 2 2 2
left_child=1 3 5 -1 11 6 -3 9 17 10 15 -5 27 -12 -2 -7 -17 28 19 20 -8 22 23 25 -16 -20 -6 -13 -4 -30
right_child=14 2 8 4 26 7 18 -9 -10 -11 13 12 -14 -15 24 16 -18 -19 21 -21 -22 -23 -24 -25 -26 -27 -28 -29 29 -31
leaf_value=0.056531775694742298 -0.030535887262177566 -0.024096906467795266 -0.019022264058548288 0.067589177707073872 0.021163484501329544 -0.027272616886604303 0.059677607221097523 -0.024507336243217478 0.050546149091396764 0.081390259605318704 0.010214808231793035 -0.013457218975933669 0.062221910480475831 0.091558796405024456 0.060737616179805623 0.0003096540692768736 0.05777489948088347 -0.034229420399687203 0.00013109728158130441 0.035296679308181721 0.12399861624719624 -0.0060853932505004647 0.0039536246764018731 0.107454764366055 -0.027082242640103171 0.067523194703192388 -0.032791843625001982 0.038671330864915775 0.054840235358092695 -0.0027181477746280151
leaf_weight=8.2312589883804304 138.66706457734108 4.552183896303176 11.523785114288328 4.8701222836971274 4.5881313383579245 8.4068871587514895 7.9114509522914949 7.4653693288564673 7.2862843275070182 5.5028596818447104 3.6531412005424482 24.086597874760631 4.1890592724084845 6.4896204620599747 3.337119221687316 14.113305106759073 8.1781662404537183 10.419070363044737 4.2793873846531003 8.47403936088085 8.4536552578210813 4.9680485874414435 4.9930748492479315 6.098467990756034 3.0818569213151932 7.021589919924736 36.639611199498177 5.3351621031761161 9.5017148107290268 15.503154292702675
leaf_count=40 963 23 63 26 27 46 36 43 39 29 21 138 23 31 20 74 42 64 21 40 39 25 25 27 20 35 229 28 52 89
internal_value=-9.41957e-05 0.016134 0.0257573 -0.00189964 -0.00793366 0.0359375 0.0498536 0.0212604 0.00500392 0.0286329 0.0215245 0.0122658 0.00424954 0.0622609 -0.0283631 0.00806509 0.0213922 -0.00206423 0.0563027 0.0732506 0.0929036 0.0409165 0.0513444 0.0649441 0.0185738 0.0420036 -0.0267873 -0.00400455 0.00711025 0.0191537
internal_weight=397.821 252.735 164.795 87.9399 79.7087 110.561 56.7519 53.8093 54.234 46.344 40.8411 38.4809 33.6108 10.1428 145.086 30.6984 22.2915 46.9477 52.1997 24.8391 16.3651 27.3606 22.3925 17.3994 6.41898 11.301 41.2277 29.4218 36.5287 25.0049
internal_count=2378 1375 864 511 471 557 271 286 307 243 214 215 189 52 1003 162 116 268 248 115 75 133 108 83 40 56 256 166 204 141
is_linear=0
shrinkage=0.05


Tree=18
num_leaves=31
num_cat=0
split_feature=140 147 148 129 142 15 162 161 143 145 145 100 148 143 125 148 149 149 112 11 143 101 162 67 149 146 31 76 40 148
split_gain=44.4599 12.5321 9.99506 9.1225 8.18002 7.76127 7.16912 7.14438 6.72725 9.83434 5.10473 5.09067 5.08619 5.59788 4.85617 5.81043 4.78548 7.7574 4.47692 6.76883 6.55226 4.62633 4.666 6.82252 6.52074 6.18611 5.63336 10.4709 4.77807 4.32819
threshold=7.366666666666668 63.500000000000007 3.7677669529663693 1.0000000180025095e-35 3.5000000000000004 5.5000000000000009 24500.000000000004 1.4142857142857144 4.6618968466139084 24.47727272727273 48.125000000000007 7.5000000000000009 21.917458608797052 4.8716857071457023 1.0000000180025095e-35 22.897416138919045 121.50000000000001 154.50000000000003 1.4500000000000002 1.0000000180025095e-35 4.1180465926843421 10.291666500000002 4267.857142857144 1.0000000180025095e-35 142.50000000000003 47.500000000000007 1.0000000180025095e-35 1.0000000180025095e-35 1.0000000180025095e-35 22.318707073936711
decision_type=2 2 8 2 2 2 8 2 8 2 2 2 10 10 2 8 2 2 2 2 8 2 10 2 2 2 2 2 2 8
left_child=1 5 -3 4 -4 6 10 8 9 -2 11 14 -8 -14 18 -16 -12 -18 19 -1 -21 22 24 -24 25 26 27 -20 -27 -11
right_child=7 2 3 -5 -6 -7 12 -9 -10 29 16 -13 13 -15 15 -17 17 -19 21 20 -22 -23 23 -25 -26 28 -28 -29 -30 -31
leaf_value=0.028156493012165596 0.08709474490544665 -0.0084100316702613812 -0.011071694596454079 0.1130375389849033 0.076858143505137214 0.064611423163798407 -0.014549420924700563 -0.030437946953099745 -0.034554816204745563 -0.011205464439725012 -0.029126947438616848 -0.014959506232373652 0.079023705812941464 -0.012811314732880833 -0.029807313235680272 0.050436406265362659 0.049453452042968415 -0.015345881530346734 -0.019947256254550946 0.1258397088355627 0.035710949277502117 0.063125981367499015 0.073640579915522947 -0.0076906213992829695 -0.04327489608402562 0.013804669965509626 -0.043369445287963049 0.083795718302023384 0.088743854830381039 0.045449112717442397
leaf_weight=16.02712881565094 3.436215132474902 5.6517327725887325 4.6124637871980685 6.8680916130542746 6.200733944773674 6.3752327114343634 41.105729646980762 89.188086360692978 13.919184021651743 22.675706923007969 11.056455843150617 8.9649247378110868 3.2838883250951758 3.3544002398848534 7.7126527875661823 3.1885858923196801 8.0539741367101687 10.828237503767012 6.4544031247496658 4.3654353022575387 3.7477077841758737 5.5958121940493575 6.7673655748367292 4.1657781302928925 5.7700930833816519 4.377735033631323 5.5261547565460196 3.9030119031667709 4.1372071504592896 3.9598342925310126
leaf_count=102 21 35 29 33 37 34 298 748 115 177 78 62 23 24 54 20 51 73 43 22 22 34 39 26 38 29 36 23 25 27
internal_value=3.50799e-05 0.0150541 0.0494719 0.0679736 0.0393509 0.0104589 0.00840862 -0.0223047 -0.00581528 0.00748727 0.0148988 0.0208078 -0.00799124 0.0326185 0.0247306 -0.00633622 -0.00300323 0.0122935 0.0295115 0.046994 0.0842065 0.0204739 0.0146671 0.0426515 0.00452545 0.0158299 -0.00260384 0.0191465 0.0502158 -0.00278278
internal_weight=331.274 198.095 23.333 17.6813 10.8132 174.762 168.387 133.179 43.9909 30.0718 120.643 90.704 47.744 6.63829 81.7391 10.9012 29.9387 18.8822 70.8378 24.1403 8.11314 46.6976 41.1017 10.9331 30.1686 24.3985 15.8836 10.3574 8.51494 26.6355
internal_count=2378 1290 134 99 66 1156 1122 1088 340 225 777 575 345 47 513 74 202 124 439 146 44 293 259 65 194 156 102 66 54 204
is_linear=0
shrinkage=0.05


Tree=19
num_leaves=31
num_cat=0
split_feature=140 162 141 165 98 141 101 68 161 98 10 143 159 121 22 121 63 163 76 121 161 22 144 161 159 140 68 145 156 144
split_gain=194.308 26.0768 23.6868 19.5137 16.8794 11.7984 9.67236 9.39969 9.19205 8.45106 9.67224 9.08596 8.04238 6.89083 5.94567 5.81589 5.79837 5.60312 4.77676 6.84322 4.76201 4.73221 4.66853 4.64809 4.46385 4.43587 3.92964 3.87548 3.84476 3.7215
threshold=6.7083333333333348 32416.666666666668 13.500000000000002 0.61250000000000016 0.26785715000000004 5.5000000000000009 6.8750000000000009 1.0000000180025095e-35 1.3666666666666669 1.2916667000000002 1.5000000000000002 5.1071779656668612 0.34848484848484851 1.5000000000000002 1.0000000180025095e-35 3.5000000000000004 1.0000000180025095e-35 0.18333333333333332 1.0000000180025095e-35 2.5000000000000004 1.0625000000000002 1.0000000180025095e-35 30.500000000000004 1.4142857142857144 0.72077922077922085 8.071428571428573 1.0000000180025095e-35 42.63333333333334 0.29285714285714287 22.500000000000004
decision_type=2 10 2 2 2 2 2 2 2 2 2 10 2 2 2 2 2 2 2 2 2 2 2 2 2 2 2 2 2 2
left_child=1 3 4 6 24 21 -1 13 15 10 -8 -11 23 -6 -15 25 17 27 -12 -20 26 -5 29 -7 -2 -9 -4 -14 -10 -16
right_child=2 -3 20 5 7 12 9 8 28 11 18 -13 16 14 22 -17 -18 -19 19 -21 -22 -23 -24 -25 -26 -27 -28 -29 -30 -31
leaf_value=-0.060092294548180596 0.0025985272738765115 0.018111106294264153 -0.014360759476459348 -0.055532763709769596 -0.064032440475947819 -0.067861904719503013 -0.053244371181555707 -0.037659611925265207 0.0030891610719108375 -0.06129310064663035 0.025377550795559634 0.0049464533859107504 0.031951775391007652 -0.037325970108491036 0.017659078401797201 0.017780440834746065 -0.03355236496873526 -0.016803507770030007 -0.055447582118981854 0.018553215479437578 0.043366674156104429 -0.023116207960736268 0.03439111716340628 -0.021463889518147147 0.037912457857481402 0.01378023980058987 0.032642210121836532 0.00025676915486894363 0.04384634541071103 -0.031723061249745603
leaf_weight=59.332753926515579 10.449746936559675 30.422666907310486 6.5425608456134805 27.017697781324387 6.4698092043399802 9.1973766088485736 11.533578246831892 13.691729605197908 7.7251932024955776 29.950799077749252 11.688216507434845 6.2588027417659751 12.155096709728239 11.741966933012007 6.644587546586993 17.334640473127365 18.696705132722855 43.877471446990967 6.3580787777900696 6.1421352624893188 145.5755766928196 19.300851732492447 9.083957910537718 13.065988689661024 62.294941186904907 6.039789915084838 13.881462872028351 46.696169227361679 23.054640531539917 8.9597125351428968
leaf_count=181 36 104 23 83 21 28 36 46 27 91 38 20 41 38 23 60 59 141 20 20 544 61 31 41 230 21 49 154 81 30
internal_value=0.000105532 -0.0261327 0.0265092 -0.0303223 0.0141283 -0.0200801 -0.045148 0.00183759 0.0134208 -0.0328212 -0.0155664 -0.0498436 -0.0130062 -0.0164812 -0.00803632 -0.00335017 -0.00794106 -0.00327979 0.00239927 -0.0190864 0.0401946 -0.0420248 0.00589411 -0.0406317 0.0328396 -0.0219139 0.0175854 0.00680303 0.033617 -0.0106953
internal_weight=701.185 351.694 349.49 321.272 183.491 190.007 131.264 110.746 67.846 71.9316 35.722 36.2096 143.689 42.9 36.4302 37.0662 121.425 102.729 24.1884 12.5002 166 46.3185 24.6883 22.2634 72.7447 19.7315 20.424 58.8513 30.7798 15.6043
internal_count=2378 1118 1260 1014 644 608 406 378 235 225 114 111 464 143 122 127 395 336 78 40 616 144 84 69 266 67 72 195 108 53
is_linear=0
shrinkage=0.05


Tree=20
num_leaves=31
num_cat=0
split_feature=140 145 71 148 100 159 145 76 101 145 16 59 145 19 24 158 158 165 156 65 122 143 101 112 159 31 147 140 159 102
split_gain=42.6871 15.0883 12.573 10.0914 8.20251 16.2761 8.93524 7.91093 6.69382 10.6756 6.15467 6.63118 6.01811 8.21341 5.23581 5.18234 5.14798 4.73877 6.97945 4.4799 4.08401 5.52977 3.88181 3.89615 3.08297 3.02255 3.43195 2.68661 3.14925 1.86739
threshold=4.5277777777777786 17.083333333333339 1.0000000180025095e-35 15.442544563183203 4.5000000000000009 0.2678571428571429 19.550000000000004 1.0000000180025095e-35 4.416666750000001 34.291666666666679 3.5000000000000004 1.0000000180025095e-35 23.450000000000003 8.5000000000000018 1.0000000180025095e-35 0.57738095238095244 0.64583333333333337 0.61250000000000016 0.44155844155844154 1.0000000180025095e-35 1.0000000180025095e-35 2.3273044783351096 3.1000000000000005 1.2916667000000002 0.30952380952380959 1.0000000180025095e-35 19.500000000000004 7.2250000000000005 0.63333333333333341 1.0000000180025095e-35
decision_type=2 2 2 10 2 2 2 2 2 2 2 2 2 2 2 2 2 2 2 2 2 8 2 2 2 2 2 2 2 2
left_child=1 7 4 20 10 -6 -7 16 9 -5 11 19 13 15 27 -4 -1 18 -10 25 21 -3 23 -11 -14 -2 -27 28 -8 -23
right_child=2 3 12 8 5 6 14 -9 17 22 -12 -13 24 -15 -16 -17 -18 -19 -20 -21 -22 29 -24 -25 -26 26 -28 -29 -30 -31
leaf_value=0.14153895435002731 -0.034730445451379731 0.056224180746699152 -0.0018617066897032852 0.13158247770331119 0.15558083415357213 0.095733164121191289 0.052797542732026449 0.015821608319149805 0.093104636722154716 0.023754400836802397 -0.036782233115354036 0.086107958139293436 0.015960198412138284 -0.026519439190621937 0.054652700147986934 0.079136785788226305 0.07085139081966603 -0.028938036888417392 -0.00092590534596729245 0.056972912883520833 -0.033691751216242807 -0.030760118005369243 -0.0093686099852193522 0.099055414552406795 -0.0318513118157032 0.055403562915354823 -0.023739463786425188 -0.03355119617733078 -0.017004919033546954 0.023367581173059898
leaf_weight=4.7640078812837583 8.028303638100633 4.5775593891739854 3.8014574944973019 4.2642613500356701 2.2632491961121586 2.9009709954261806 2.6364241093397158 3.4399543181061736 3.3028728589415532 3.7835022956132871 13.359268859028814 2.3569166809320441 3.5185737758874884 11.052166394889353 3.6336567848920813 4.1095322519540787 5.6072529554367065 4.0938538163900366 4.9028367549180984 2.5590402185916892 7.6719151064753524 5.060466744005681 3.1000472232699394 3.1463116854429245 80.756779722869396 2.5800093635916701 2.9202054515480995 7.3654670268297195 4.1742944940924644 2.3257828876376152
leaf_count=22 83 36 36 26 15 24 23 26 23 30 150 24 35 139 34 31 31 40 42 28 92 54 28 20 1077 25 31 88 43 22
internal_value=-0.000218589 0.0356704 -0.0138551 0.0219703 0.00550719 0.0282719 0.0143597 0.0815279 0.0420437 0.0653131 -0.0109373 0.00778208 -0.0241287 0.00132049 0.00110512 0.0402147 0.103322 0.0150009 0.0369222 -0.0036931 -0.00521617 0.0130441 0.0371382 0.057943 -0.0298551 -0.0151686 0.0133845 -0.0126203 0.0100156 -0.0137164
internal_weight=218.057 60.0406 158.016 46.2294 54.7778 22.9741 20.7108 13.8112 26.5937 14.2941 31.8037 18.4445 103.239 18.9632 17.8098 7.91099 10.3713 12.2996 8.20571 16.0876 19.6357 11.9638 10.0299 6.92981 84.2754 13.5285 5.50021 14.1762 6.81072 7.38625
internal_count=2378 492 1886 413 568 227 212 79 209 104 341 191 1318 206 188 67 53 105 65 167 204 112 78 50 1112 139 56 154 66 76
is_linear=0
shrinkage=0.05


Tree=21
num_leaves=31
num_cat=0
split_feature=140 98 143 159 71 30 145 149 143 119 98 0 147 150 104 9 69 140 130 7 141 101 140 148 128 122 71 154 149 140
split_gain=65.0139 15.2467 11.7206 10.6963 11.2619 7.77681 10.414 8.05828 7.52391 6.82485 8.18726 6.02835 5.94954 5.92171 5.87426 5.68598 5.66712 5.60481 6.36997 5.15667 4.70443 4.52051 4.43936 4.34035 4.2031 6.78337 9.98853 4.13767 4.64284 4.00895
threshold=7.6904761904761916 0.55000001000000009 4.3950725900277012 0.38750000000000007 1.0000000180025095e-35 1.0000000180025095e-35 18.291666666666668 50.500000000000007 2.9860788111948202 1.0000000180025095e-35 2.7500000000000004 785114.50000000012 3.5000000000000004 0.53571428571428581 1.0000000180025095e-35 1.0000000180025095e-35 1.0000000180025095e-35 4.2250000000000005 49.500000000000007 1.0000000180025095e-35 9.5000000000000018 10.900000000000002 3.6333333333333337 17.119176613247777 1.0000000180025095e-35 1.0000000180025095e-35 1.0000000180025095e-35 0.45000000000000007 91.500000000000014 4.5277777777777786
decision_type=2 2 8 2 2 2 2 2 10 2 2 8 2 2 2 2 2 2 2 2 2 2 2 10 2 2 2 2 2 2
left_child=1 3 5 -1 12 7 -7 -3 13 10 17 19 -5 14 -9 -14 27 23 -19 24 29 -18 -6 -8 -4 26 -26 -2 -29 -10
right_child=16 2 11 4 22 6 9 8 20 -11 -12 -13 15 -15 -16 -17 21 18 -20 -21 -22 -23 -24 -25 25 -27 -28 28 -30 -31
leaf_value=0.050790885375167197 -0.031829391889521573 -0.021006823861297257 -0.018640870304548449 0.06170157012562634 0.019416054553316329 0.073602047655215927 0.018843805373042311 0.028252188534077516 0.069871350309889987 -0.016654873858516946 0.068068787715440005 0.045875271204527335 0.062667375769006592 -0.015993115784772374 0.087972233851704273 -0.003331482877389299 -0.026504756145771847 0.0041971529152230068 0.058922833382601007 -0.033719483991155749 0.031662257286986378 0.057468021975523323 -0.032296492588628954 -0.045674130809064309 -0.0029726211639329479 -0.0027558401788630423 0.097619871894863403 0.052859519175274976 -0.029400641242819825 0.12132225512960614
leaf_weight=8.6433627456426603 126.25175599753857 3.9781973958015433 11.399624943733214 5.1083091497421256 4.6963681876659384 8.2043511271476728 4.6230636984109861 13.813905194401746 11.789491236209875 14.190123677253721 8.2566369920968992 7.6061204820871344 3.659356713294982 4.7793222665786734 5.8663389086723319 30.161108523607254 3.0062844902276984 12.9091714322567 9.0416354238986951 10.119850829243658 5.0730384439229956 3.4327280819416046 35.685959547758102 5.9769751727581024 4.6665927916765213 15.494198113679886 5.2375283688306808 3.1365647464990607 3.7855577766895294 5.5770163834094992
leaf_count=40 914 20 63 26 27 37 24 64 51 80 40 39 18 22 26 171 20 67 47 64 24 20 229 31 24 89 28 22 27 24
internal_value=-9.31117e-05 0.0148487 0.0236523 -0.00202731 -0.00778346 0.0327661 0.0210532 0.0473164 0.0531119 0.0132142 0.0236006 0.00458355 0.0114063 0.0339299 0.0460537 0.00380956 -0.0275506 0.0123211 0.0267389 -0.0021105 0.0740206 0.0182623 -0.0262824 -0.0175355 0.00658233 0.0179034 0.050223 -0.0297657 0.00787323 0.0863941
internal_weight=396.171 256.558 168.603 87.9545 79.3111 114.079 63.202 50.8773 46.8991 54.9976 40.8075 54.5239 38.9288 24.4596 19.6802 33.8205 139.613 32.5508 21.9508 46.9178 22.4395 6.43901 40.3823 10.6 36.7979 25.3983 9.90412 133.174 6.92212 17.3665
internal_count=2378 1375 864 511 471 557 326 231 211 289 209 307 215 112 90 189 1003 169 114 268 99 40 256 55 204 141 52 963 49 75
is_linear=0
shrinkage=0.05


Tree=22
num_leaves=31
num_cat=0
split_feature=140 145 161 162 8 145 143 145 148 104 100 143 129 148 143 161 147 125 144 98 148 31 146 68 148 64 159 143 122 19
split_gain=39.3788 10.9802 6.88664 6.81637 7.38921 7.80551 6.40442 8.51154 6.09511 11.4841 7.42996 5.84781 8.52132 5.57238 5.93102 5.6397 7.5459 5.30534 4.94307 6.76865 5.97206 4.93775 4.76468 4.20541 3.87501 4.32528 7.81225 3.8441 3.68386 3.65467
threshold=7.366666666666668 67.583333333333357 1.4142857142857144 21339.285714285717 1.5000000000000002 48.125000000000007 4.6618968466139084 24.47727272727273 12.017348070399022 1.0000000180025095e-35 6.5000000000000009 1.0244044240850758 1.0000000180025095e-35 18.848208324561881 5.5151255279398672 0.84523809523809534 13.500000000000002 1.0000000180025095e-35 26.500000000000004 0.7750000050000001 17.178508713825156 1.0000000180025095e-35 53.500000000000007 1.0000000180025095e-35 22.318707073936711 1.0000000180025095e-35 0.72077922077922085 3.599763858802647 1.0000000180025095e-35 3.5000000000000004
decision_type=2 2 2 8 2 2 8 2 10 2 2 10 2 10 8 2 2 2 2 2 10 2 2 2 8 2 2 10 2 2
left_child=1 3 6 4 5 8 7 -2 9 -1 17 12 29 -5 15 -15 -17 18 21 -20 -21 -10 -19 -4 25 -9 -27 -7 -13 -3
right_child=2 11 23 13 -6 27 -8 24 10 -11 -12 28 -14 14 -16 16 -18 22 19 20 -22 -23 -24 -25 -26 26 -28 -29 -30 -31
leaf_value=0.11743896444433891 0.079228111432354323 -0.0068979531211456812 -0.011692080840790861 -0.015944172243458773 -0.02724902143640064 -0.012367310997505487 -0.0340590337809401 -0.023625213373809014 0.034968055118767993 0.0086657489493715285 -0.020688639710312481 -0.029768957125862396 0.09919639008730223 -0.024730344445529882 -0.042338336426020806 0.097151344619306024 0.00082120992128880104 -0.042813349721049998 0.016778657139641929 0.044394398708456594 0.12230445411133406 -0.0018832331460832898 0.036993256421426784 -0.036556576200759722 0.042394220613083754 0.090359323118547302 -0.02625013379159204 0.03596478725361496 0.039259312040309774 0.053305464941897009
leaf_weight=4.9407367110252363 3.639360889792445 4.067142486572271 23.43109505623579 37.523721225559711 9.236476816236971 22.950654581189159 13.367854706943033 16.477825701236732 30.153066582977772 4.7685685753822327 9.0083802193403226 3.5594090074300757 7.7770372331142417 2.7407341822981808 2.9329015389084825 4.9828555360436422 3.4339752942323685 4.7050463110208502 6.5666876286268261 5.0529471486806852 4.7926235795021057 13.012895211577414 3.1041043028235435 62.01100604981184 4.0893433243036261 2.6265639811754218 3.1695497557520866 5.0125010013580313 4.2294715493917465 6.6304191946983337
leaf_count=29 21 25 201 271 60 159 115 134 176 30 62 22 34 19 22 33 24 33 40 29 28 79 20 547 27 18 25 31 27 37
internal_value=8.44149e-05 0.0139052 -0.0215012 0.00937893 0.0157648 0.0192478 -0.00527434 0.00755085 0.0267014 0.0640168 0.021959 0.0440506 0.05937 -0.00587681 0.0209331 0.0375648 0.0578497 0.0276601 0.0327393 0.056096 0.0823194 0.0238588 -0.0110906 -0.0297379 -0.00234395 -0.0105576 0.0265925 -0.0037036 0.00771436 0.0304165
internal_weight=329.995 201.182 128.813 174.919 123.305 114.068 43.3705 30.0026 86.1051 9.70931 76.3958 26.2635 18.4746 51.6142 14.0905 11.1576 8.41683 67.3874 59.5782 16.4123 9.84557 43.166 7.80915 85.4421 26.3633 22.2739 5.79611 27.9632 7.78888 10.6976
internal_count=2378 1290 1088 1145 776 716 340 225 526 59 467 145 96 369 98 76 57 405 352 97 57 255 53 748 204 177 43 190 49 62
is_linear=0
shrinkage=0.05


Tree=23
num_leaves=31
num_cat=0
split_feature=140 162 141 163 71 98 160 157 148 68 161 147 140 159 121 143 121 22 140 125 161 144 146 149 130 66 119 98 54 161
split_gain=171.816 23.1884 22.3781 17.0677 15.6423 15.5679 9.68781 9.63676 9.53622 8.5712 8.3843 8.22922 7.50623 6.86953 6.22176 6.14699 5.28513 5.24442 5.12691 4.68782 4.61739 4.38455 4.32434 4.26135 4.21039 4.1628 4.04512 3.87727 6.17373 5.12723
threshold=6.7083333333333348 32416.666666666668 13.500000000000002 0.5634920634920636 1.0000000180025095e-35 0.26785715000000004 0.22500000000000003 1.0000000180025095e-35 22.071474541888865 1.0000000180025095e-35 1.3666666666666669 57.500000000000007 5.4142857142857155 0.69047619047619058 1.5000000000000002 4.9581511384448076 3.5000000000000004 1.0000000180025095e-35 5.8285714285714292 1.0000000180025095e-35 1.0625000000000002 30.500000000000004 59.500000000000007 118.50000000000001 46.500000000000007 1.0000000180025095e-35 1.0000000180025095e-35 1.4166667000000002 1.0000000180025095e-35 2.4166666666666674
decision_type=2 10 2 2 2 2 2 2 8 2 2 2 2 2 2 10 2 2 2 2 2 2 2 2 2 2 2 2 2 2
left_child=1 3 5 4 7 22 12 11 13 14 16 -1 19 -9 -7 -5 26 -16 24 27 -4 -19 25 -24 -15 -2 -11 29 -29 -6
right_child=2 -3 20 15 6 9 -8 8 -10 10 -12 -13 -14 18 17 -17 -18 21 -20 -21 -22 -23 23 -25 -26 -27 -28 28 -30 -31
leaf_value=0.035708927632562421 0.043403186207533424 0.017513826519930716 0.016493886461090301 -0.059751354356341602 -0.021571151460327835 -0.060760654090422153 0.026208604034956132 -0.042462071042974767 -0.062736985698894451 -0.03546185208003215 0.032259132882464188 -0.039303696956444117 -0.00087068870363221401 -0.047451908954556088 -0.035172873999673081 -0.0095394676267887123 0.017034757088692908 -0.01067316089354441 0.014103778758928579 -0.0594826297077862 0.042096254516421863 0.033264829138079141 -0.022044861217316768 0.032671395603519171 -0.0035377490453656793 0.0053437473089826826 0.014050167627318472 -0.065698432035126986 -0.0080320164009104449 0.022461061283966743
leaf_weight=8.329163581132887 48.221188485622406 30.186670958995819 20.126208692789078 48.777488023042679 32.974502414464951 6.5622840821743003 15.48165127635002 51.986483544111252 33.088992387056351 13.986010104417803 30.091662138700485 6.5168692767620078 48.996226996183395 11.952776789665224 11.851623415946959 6.9656391143798819 17.164086610078812 15.581728845834734 11.245294481515883 9.2935100197792035 140.9007608294487 8.9329564571380597 6.7151818573474866 7.5695002377033234 10.045544028282164 8.4424142241477949 5.8510505855083457 10.470626711845398 8.3367732167243958 8.2691447436809522
leaf_count=27 182 104 72 147 104 21 51 160 101 47 108 20 162 37 38 22 60 53 37 29 544 31 25 28 32 31 20 32 26 27
internal_value=8.1588e-05 -0.0243927 0.0253374 -0.0283125 -0.0230585 0.0132727 -0.0109857 -0.0351908 -0.0399553 0.00149624 0.0126594 0.00278111 -0.0158516 -0.0311108 -0.0159506 -0.0534769 -0.00328032 -0.00786466 -0.0133595 -0.0264366 0.0388963 0.00533749 0.0315348 0.00694946 -0.0273985 0.0377326 -0.020858 -0.0213223 -0.0401366 -0.0127429
internal_weight=694.914 352.917 341.997 322.731 266.988 180.97 133.822 133.165 118.319 110.021 67.0928 14.846 118.341 85.2301 42.9286 55.7431 37.0011 36.3663 33.2436 69.3446 161.027 24.5147 70.9483 14.2847 21.9983 56.6636 19.8371 60.051 18.8074 41.2436
internal_count=2378 1118 1260 1014 845 644 431 414 367 378 235 47 380 266 143 169 127 122 106 218 616 84 266 53 69 213 67 189 58 131
is_linear=0
shrinkage=0.05


Tree=24
num_leaves=31
num_cat=0
split_feature=140 65 145 99 9 145 162 101 2 144 156 140 120 146 140 147 12 31 57 10 112 2 94 112 159 144 55 149 165 124
split_gain=37.9117 17.0015 15.709 13.0553 10.1472 9.65581 11.6958 8.74922 7.62067 7.51909 7.39798 6.3692 6.10258 5.55653 5.12267 11.0058 5.20316 4.37901 4.36116 8.75813 4.30093 4.28934 4.85933 4.0464 3.52237 6.43734 10.3836 3.23676 2.49778 2.1862
threshold=6.4142857142857155 1.0000000180025095e-35 19.422222222222224 1.0000000180025095e-35 1.5000000000000002 63.250000000000007 16125.000000000002 5.3666668000000008 4.5000000000000009 9.5000000000000018 0.61250000000000016 3.4642857142857149 1.0000000180025095e-35 56.500000000000007 2.8035714285714293 54.500000000000007 2.5000000000000004 1.0000000180025095e-35 1.0000000180025095e-35 1.5000000000000002 2.2916666500000002 3.5000000000000004 2.5000000000000004 2.8333333500000006 0.53571428571428581 14.500000000000002 1.0000000180025095e-35 61.500000000000007 0.35416666666666669 1.0000000180025095e-35
decision_type=2 2 2 2 2 2 10 2 2 2 2 2 2 2 2 2 2 2 2 2 2 2 2 2 2 2 2 2 2 2
left_child=1 2 3 21 5 6 7 9 27 17 20 -6 -2 -10 15 -3 24 -4 19 -14 -5 -1 -23 29 25 26 -16 -9 -26 -20
right_child=12 14 4 10 11 -7 -8 8 13 -11 -12 -13 18 -15 16 -17 -18 -19 23 -21 -22 22 -24 -25 28 -27 -28 -29 -30 -31
leaf_value=0.063357325693952138 0.06756871878212603 0.10239863175690063 0.01487337693268051 0.095020747099535618 0.038665915463492434 -0.015517744705622694 -0.021478956901009646 0.048265683817586245 0.035196774607424645 0.1505063228708669 -0.041938792685958612 -0.032473555829393375 0.09511548245435153 0.14006782965481798 -0.023835457796357887 -0.040828061668609639 0.058542387410869291 0.10548556602588402 -0.030964258474982589 -0.040015118601924179 0.010700817441198879 0.085758511816013336 0.16461013693894644 0.033804942099173112 0.020625244407002797 -0.027594102783442251 0.10897488327418406 -0.014239761463952449 -0.033514665223495048 -0.00024225864159780209
leaf_weight=4.1120601594448107 1.8279792740941037 3.0776822417974463 2.6521285548806244 3.2549116685986501 4.2742533385753658 7.756236605346202 5.0599592477083197 3.3106099814176542 2.6013401448726645 4.0956918373703957 2.836952343583107 11.922940500080584 2.206031769514083 2.455224297940731 2.9218953698873502 2.377287283539772 2.4659173637628546 2.681410901248455 83.897332757711411 2.6268879249691963 2.8247734233736992 3.7878246158361435 4.035489983856678 2.6533017307519904 2.3692601844668415 7.1262905299663544 2.965310350060463 5.5321917980909348 21.130562238395214 6.2200148925185195
leaf_count=22 16 21 24 24 32 76 50 27 24 26 24 125 25 18 30 25 21 19 1142 34 23 21 22 26 19 69 24 53 239 77
internal_value=-0.000216498 0.0189955 0.0338063 0.0705056 0.0191861 0.0339233 0.0474314 0.062378 0.0371577 0.0995546 0.0247328 -0.0137007 -0.0229445 0.0861171 -0.00540147 0.0399801 -0.0117524 0.0604282 -0.0246397 0.0216665 0.0558436 0.104701 0.126432 -0.027052 -0.0164998 0.00436901 0.0430594 0.00916132 -0.0280563 -0.0288438
internal_weight=217.06 117.628 73.194 20.852 52.342 36.1448 28.3886 23.3286 13.8994 9.42923 8.91664 16.1972 99.4315 5.05656 44.4342 5.45497 38.9792 5.33354 97.6036 4.83292 6.07969 11.9354 7.82331 92.7706 36.5133 13.0135 5.88721 8.8428 23.4998 90.1173
internal_count=2378 1058 610 136 474 317 241 191 122 69 71 157 1320 42 448 46 402 43 1304 59 47 65 43 1245 381 123 54 80 258 1219
is_linear=0
shrinkage=0.05


Tree=25
num_leaves=31
num_cat=0
split_feature=140 40 163 101 140 149 143 0 98 22 143 124 154 121 143 69 147 159 143 140 98 22 149 0 112 69 99 154 149 10
split_gain=58.0562 13.4098 12.4577 10.0399 7.58076 7.26358 7.35279 7.08396 6.94783 7.30428 6.05181 7.11933 6.42912 6.02102 5.75866 5.39429 5.24288 5.05478 6.57052 7.42247 5.16408 4.73954 9.15541 5.43679 4.67257 4.57616 4.21272 4.03004 4.23654 3.65675
threshold=7.6904761904761916 1.0000000180025095e-35 0.61250000000000016 11.366666500000003 5.4142857142857155 48.500000000000007 4.2524389856503806 82264.500000000015 1.2916667000000002 1.0000000180025095e-35 2.9860788111948202 1.0000000180025095e-35 0.17424242424242423 1.5000000000000002 2.8737312384910294 1.0000000180025095e-35 3.5000000000000004 0.63333333333333341 6.2802499517609762 6.854166666666667 0.91666665500000011 1.0000000180025095e-35 93.500000000000014 15500.000000000002 1.4500000000000002 1.0000000180025095e-35 3.5000000000000004 0.45000000000000007 91.500000000000014 1.5000000000000002
decision_type=2 2 2 2 2 2 10 8 2 2 8 2 2 2 8 2 2 2 8 2 2 2 2 10 2 2 2 2 2 2
left_child=1 3 4 5 8 -1 10 -8 24 -10 11 13 21 25 -11 27 -4 18 19 20 -6 23 -23 29 -3 -7 -17 -2 -29 -12
right_child=15 2 16 -5 17 6 7 -9 9 14 12 -13 -14 -15 -16 26 -18 -19 -20 -21 -22 22 -24 -25 -26 -27 -28 28 -30 -31
leaf_value=-0.021682154070964341 -0.031121057402427956 -0.022512395073365138 0.082317120357464107 0.096206765818014933 0.042593704399579969 0.015926747395109176 -0.020489663386600972 0.047258676012432096 0.061017287760714113 0.049923139091669476 0.081414815472997101 0.076923351300465959 0.089542154012582253 -0.00030996454650630617 -0.02027036173089912 0.054799939729512331 0.01580391774502991 -0.02266446263067063 -0.035553128986044409 0.079407571080598482 -0.028006334156244667 0.050184911409147638 -0.045490113832590655 0.001013575438921733 0.01481691191089381 0.078227082803135395 -0.026157780835751474 0.049982122753663621 -0.028671736736729819 0.041296247082302555
leaf_weight=8.5275899618864042 121.10157958418131 16.156267493963242 6.440602779388426 4.8447827994823447 4.5277382135391253 7.0960687547922117 13.984838277101518 5.3287311643362036 11.425024434924126 4.6417169570922843 9.6083598732948357 4.7748053669929496 6.8826770633459082 28.213356360793114 7.8861978203058252 3.5132534801959983 5.4866626262664795 45.433011144399643 6.4120237380266181 4.4116064459085456 6.0525875687599182 5.6317555010318738 4.49718277156353 5.1585230082273474 17.423248797655106 5.0417854189872742 2.961351066827774 3.225498065352439 3.6486659348011017 13.892413452267645
leaf_count=47 914 96 27 22 24 33 75 27 51 22 42 21 31 144 42 20 26 292 42 24 35 27 24 25 94 20 20 22 27 62
internal_value=-8.3323e-05 0.0137205 0.00290761 0.0256554 -0.00177363 0.0227743 0.0262172 -0.00179748 0.0115316 0.0321045 0.0321763 0.01919 0.0450076 0.0123584 0.00573703 -0.0267544 0.0517204 -0.0132266 0.00680668 0.0249239 0.0022062 0.0371053 0.00770582 0.0474958 -0.00314351 0.0418049 0.0177715 -0.0290071 0.00823426 0.0576988
internal_weight=394.23 259.78 136.297 123.483 124.369 118.638 110.11 19.3136 57.5325 23.9529 90.7969 45.126 45.6709 40.3512 12.5279 134.45 11.9273 66.837 21.404 14.9919 10.5803 38.7882 10.1289 28.6593 33.5795 12.1379 6.4746 127.976 6.87416 23.5008
internal_count=2378 1375 775 600 722 578 531 102 305 115 429 218 211 197 64 1003 53 417 125 83 59 180 51 129 190 53 40 963 49 104
is_linear=0
shrinkage=0.05


Tree=26
num_leaves=31
num_cat=0
split_feature=140 147 148 15 15 71 129 142 79 148 149 141 143 143 126 15 149 77 130 0 149 148 159 149 145 112 95 150 13 12
split_gain=35.0009 9.52479 7.82187 6.76762 6.44494 6.03706 5.95407 6.48243 5.79166 5.47327 7.23188 5.18783 4.99743 5.2998 5.62041 4.62574 4.59215 4.33366 4.70847 4.12207 4.40505 5.97841 6.38236 7.64201 6.42009 8.27233 5.33258 4.92041 4.80303 4.03368
threshold=7.366666666666668 63.500000000000007 3.7677669529663693 4.5000000000000009 5.5000000000000009 1.0000000180025095e-35 1.0000000180025095e-35 3.5000000000000004 1.0000000180025095e-35 20.631280906670998 103.50000000000001 14.500000000000002 6.357406995882406 4.5862097778857214 1.0000000180025095e-35 5.5000000000000009 71.500000000000014 1.0000000180025095e-35 42.500000000000007 131000.00000000001 153.50000000000003 15.890247716673482 0.38750000000000007 123.50000000000001 26.708333333333339 1.4500000000000002 2.5000000000000004 0.15476190476190474 1.5000000000000002 2.5000000000000004
decision_type=2 2 8 2 2 2 2 2 2 10 2 2 10 10 2 2 2 2 2 10 2 10 2 2 2 2 2 2 2 2
left_child=1 4 -3 11 8 -5 7 -4 12 -10 -11 29 13 19 16 -7 -15 18 -18 20 21 27 -23 24 25 -24 -25 -1 -26 -2
right_child=3 2 6 5 -6 15 -8 -9 9 10 -12 -13 -14 14 -16 -17 17 -19 -20 -21 -22 22 23 26 28 -27 -28 -29 -30 -31
leaf_value=0.010536382500323863 -0.018958367715894504 -0.0093290780954382781 -0.011398942599239667 0.067953385335700112 0.056540197582349128 -0.028242168715367146 0.090715461323002122 0.065216422963640358 -0.029383069950080793 0.076307292893240855 -0.021145170068037469 -0.037814598836361749 -0.029226888532823632 -0.012398299253167858 0.089674316062124476 0.047585523800050308 0.10330563835588785 0.010222811078631015 0.031747115305874721 -0.033492977518174677 -0.012399408839960799 -0.023551680120002347 0.11497959086601993 0.11226220366141684 -0.029417334679424707 0.020028144119473887 0.039606536092546218 -0.031633849656725853 0.031520128041039666 0.033236886033795342
leaf_weight=39.780024275183678 61.682071261107922 5.7592307031154659 4.6479047387838381 3.6070573478937122 6.8183865100145331 7.3204110190272331 7.8184251487255088 6.8002268821001053 18.537754110991958 3.3302037939429274 4.4443913921713829 45.372806675732136 7.3763550147414199 6.4946754276752534 3.7113934010267249 2.773156113922596 3.743091881275177 8.3500928655266762 5.9575322270393372 5.6631593257188788 17.733767010271549 4.9218764975666991 3.401905685663225 4.7562827914953214 7.0976224988698942 7.0424683392047882 5.3844259828329086 8.3731636032462102 5.9396449327468872 3.9378161281347266
leaf_count=261 528 35 29 26 34 60 33 37 130 21 29 425 53 44 21 21 24 54 38 43 116 31 17 26 46 44 34 54 36 28
internal_value=0.000144706 0.0129068 0.041798 -0.0207223 0.0088643 0.0124322 0.0570812 0.0341108 0.00697478 -0.014615 0.020598 -0.0248148 0.010873 0.013011 0.0323275 -0.0074089 0.0236564 0.0366289 0.0593588 0.00805319 0.0103062 0.0149506 0.0296261 0.0374106 0.0217456 0.0509554 0.0736841 0.00320357 -0.00165485 -0.0158262
internal_weight=328.577 203.884 25.0258 124.693 178.858 13.7006 19.2666 11.4481 172.04 26.3123 7.7746 110.993 145.727 138.351 28.2568 10.0936 24.5454 18.0507 9.70062 110.094 104.431 86.6974 38.5442 33.6224 23.4816 10.4444 10.1407 48.1532 13.0373 65.6199
internal_count=2378 1290 134 1088 1156 107 99 66 1122 180 50 981 942 889 181 81 160 116 62 708 665 549 234 203 143 61 60 315 82 556
is_linear=0
shrinkage=0.05


Tree=27
num_leaves=31
num_cat=0
split_feature=140 68 98 6 98 143 31 98 160 54 94 140 156 22 26 158 144 161 147 130 144 161 154 12 162 162 148 130 0 161
split_gain=152.169 29.0554 19.4873 13.3358 13.0513 12.6555 9.43034 7.57992 7.17148 7.0478 8.9895 6.98207 6.7611 6.58481 5.75136 5.60774 5.58681 6.07151 5.48439 5.51329 5.25723 5.38086 4.77737 4.46221 4.39663 4.1743 4.14485 4.09903 4.09827 5.20637
threshold=7.7750000000000012 1.0000000180025095e-35 1.4166667000000002 1.0000000180025095e-35 0.69047621000000003 5.261495113064738 1.0000000180025095e-35 0.36666667500000005 0.18333333333333332 1.0000000180025095e-35 1.5000000000000002 4.4142857142857155 0.29285714285714287 1.0000000180025095e-35 1.0000000180025095e-35 0.57738095238095244 19.500000000000004 2.4166666666666674 7.5000000000000009 46.500000000000007 14.500000000000002 1.2250000000000003 0.45000000000000007 2.5000000000000004 15500.000000000002 17071.428571428576 6.0104076400856554 53.500000000000007 13500.000000000002 1.7083333333333337
decision_type=2 2 2 2 2 10 2 2 2 2 2 2 2 2 2 2 2 2 2 2 2 2 2 2 8 10 10 2 8 2
left_child=1 4 3 7 11 9 8 28 20 -4 -11 24 -13 -6 16 -8 17 25 -14 -20 27 23 -23 -22 -1 -9 -15 -2 29 -3
right_child=6 2 5 -5 13 -7 15 14 -10 10 -12 12 18 26 -16 -17 -18 -19 19 -21 21 22 -24 -25 -26 -27 -28 -29 -30 -31
leaf_value=-0.054306802039872315 0.025735343474417145 0.030862863864240798 -0.054919309236167696 0.037136640889769555 -0.048718377744697693 0.028557796720579582 0.017429709766776508 -0.035507071403858129 0.045627155335455583 0.0072985853074069964 -0.050514300103746274 -0.04332516930990607 -0.0258992998560038 0.0020611054951374668 -0.050943093611283512 -0.03358474998001526 0.010478210892328343 0.026810558898987421 0.041937986038318859 -0.0010757789892911766 0.027279521530625281 0.038103114974155555 -0.00060618740534158202 -0.01699722600264569 -0.0083312614796734342 0.0025806343189668859 -0.033295106590429412 -0.024274059943335577 0.039897681865174457 -0.016673419757375237
leaf_weight=15.570461541414263 8.1113124340772647 10.479795396327974 27.015966862440109 27.018459916114807 85.766149401664734 8.5679334998130781 17.038288176059726 26.992241650819778 81.392529308795929 14.868744462728502 12.275005072355269 10.700550824403761 14.62157082557678 10.474701076745985 7.8462752997875205 7.87754863500595 30.499432355165482 6.5740064382553092 10.038313984870909 28.88816887140274 13.533574491739275 101.94741950929165 8.646775081753729 9.8187411576509458 7.8074797689914694 9.8075481355190259 39.730888932943344 8.2803804874420148 12.870221316814421 12.789568632841108
leaf_count=48 32 37 83 94 262 29 64 85 321 48 38 34 47 33 25 28 103 22 34 95 50 398 33 35 25 33 124 30 45 43
internal_value=4.69499e-05 -0.0180962 -0.00462652 0.00545337 -0.0306024 -0.0279073 0.0305301 -0.00180983 0.0336728 -0.0368399 -0.0188457 -0.0155548 -0.00704112 -0.0402999 -0.0102422 0.00130066 -0.00591924 -0.0174495 0.000209549 0.0100166 0.0272008 0.0304716 0.0350766 0.00866287 -0.0389525 -0.0253563 -0.0259185 0.000472737 0.0172576 0.00473544
internal_weight=687.85 431.203 207.605 144.878 223.598 62.7276 256.647 117.859 231.731 54.1597 27.1437 87.6265 64.2486 135.972 81.7195 24.9158 73.8732 43.3738 53.5481 38.9265 150.338 133.947 110.594 23.3523 23.3779 36.7998 50.2056 16.3917 36.1396 23.2694
internal_count=2378 1387 685 487 702 198 991 393 899 169 86 283 210 419 268 92 243 140 176 129 578 516 431 85 73 118 157 62 125 80
is_linear=0
shrinkage=0.05


Tree=28
num_leaves=31
num_cat=0
split_feature=140 65 145 99 9 145 162 125 2 156 140 2 146 140 143 9 100 0 159 98 57 10 112 130 2 94 55 73 98 141
split_gain=33.9819 14.7601 12.9232 10.3126 9.08664 8.33524 9.99514 7.48134 8.23345 6.61582 5.86595 5.60753 11.5061 5.42431 4.86876 5.667 3.78946 4.77681 4.16613 8.21511 3.57921 7.45186 3.45548 3.37435 3.32712 3.55481 3.28596 3.18208 2.53559 2.07112
threshold=6.4142857142857155 1.0000000180025095e-35 19.422222222222224 1.0000000180025095e-35 1.5000000000000002 63.250000000000007 16125.000000000002 1.0000000180025095e-35 4.5000000000000009 0.61250000000000016 3.4642857142857149 3.5000000000000004 57.500000000000007 3.4642857142857149 5.0398369274603256 1.0000000180025095e-35 1.0000000180025095e-35 41250.000000000007 0.58571428571428574 1.4166667000000002 1.0000000180025095e-35 1.5000000000000002 2.2916666500000002 68.500000000000014 3.5000000000000004 2.5000000000000004 1.0000000180025095e-35 1.0000000180025095e-35 0.91666665500000011 4.5000000000000009
decision_type=2 2 2 2 2 2 10 2 2 2 2 2 2 2 8 2 2 10 2 2 2 2 2 2 2 2 2 2 2 2
left_child=1 2 3 24 5 6 7 8 13 22 -6 12 28 -4 15 -3 17 18 23 -20 21 -13 -5 -17 -1 -26 -15 -10 -2 -7
right_child=11 14 4 9 10 29 -8 -9 27 -11 -12 20 -14 26 -16 16 -18 -19 19 -21 -22 -23 -24 -25 25 -27 -28 -29 -30 -31
leaf_value=0.056366024704373643 -0.039917910384351461 0.057545528175668395 0.076801121911063253 0.083766582965115216 0.035265410434674425 0.010960659034108925 -0.021164597609809883 0.11910325271348153 0.11663965731582171 -0.04182467448995808 -0.032230824167473311 0.092742418210799524 0.08554517072541612 0.033828625849213763 -0.032460661418422201 0.083704555079779613 -0.034517366347200956 -0.04108479903999368 -0.027265323348807054 0.068882673713774309 -0.029239110812652187 -0.039905343310299296 0.0098439818213365577 0.0046642859776364854 0.076047490780305385 0.14054260690412373 -0.023575557285812135 0.05013807295723454 0.020626506189246861 -0.041014505868732544
leaf_weight=4.3571538999676731 5.8959940522909147 4.3961361125111571 3.2740632295608618 3.5245340391993505 4.4424814805388477 3.8113221377134314 4.9943061023950568 3.9881463870406142 4.0402900576591483 2.7768161073327065 11.688062749803064 1.8670844212174404 3.5283614024519911 4.5962228849530202 12.05291438102722 3.5704740509390929 7.2877547293901435 4.0635695531964293 7.5524011105298978 3.1475175470113754 80.088512286543846 2.4456398263573647 2.8666417226195335 2.1715724319219589 4.0552158281207067 4.5154996961355209 5.4478202685713768 3.2423900961875916 2.4470208510756493 3.8557350039482117
leaf_count=22 81 29 21 24 32 37 50 29 26 24 125 20 34 39 137 30 73 44 87 27 1124 33 23 21 21 22 49 27 28 39
internal_value=-0.000208151 0.0175765 0.0310179 0.0631757 0.0177069 0.0312818 0.0433226 0.0564208 0.044286 0.0226132 -0.0136418 -0.0223241 0.0098516 0.0209114 -0.00535433 0.00479529 -0.00354836 0.00745816 0.0194554 0.00101784 -0.0268498 0.0175211 0.05061 0.0538125 0.0919413 0.110027 0.00269299 0.0870319 -0.0221601 -0.0151775
internal_weight=215.992 119.719 75.4767 22.0959 53.3808 37.2503 29.5832 24.5889 20.6008 9.16799 16.1305 96.2726 11.8714 13.3181 44.2423 32.1894 27.7933 20.5055 16.442 10.6999 84.4012 4.31272 6.39118 5.74205 12.9279 8.57072 10.044 7.28268 8.34301 7.66706
internal_count=2378 1058 610 136 474 317 241 191 162 71 157 1320 143 109 448 311 282 209 165 114 1177 53 47 51 65 43 88 53 109 76
is_linear=0
shrinkage=0.05


Tree=29
num_leaves=31
num_cat=0
split_feature=140 98 160 159 71 143 80 143 158 0 69 30 143 147 125 143 19 147 143 149 10 141 140 26 149 100 154 149 99 145
split_gain=51.8039 12.0271 9.25989 8.64179 9.89392 5.70159 5.58464 6.06693 5.40838 5.34507 5.11781 4.97328 4.9394 4.85858 5.4327 4.70154 4.15044 5.94705 5.47661 5.48405 5.98301 4.47615 4.14204 4.11436 4.51791 8.07124 3.81281 3.80179 3.76188 3.65343
threshold=7.6904761904761916 0.55000001000000009 0.18333333333333332 0.38750000000000007 1.0000000180025095e-35 4.3950725900277012 1.0000000180025095e-35 2.850354224007603 0.76388888888888895 87000.000000000015 1.0000000180025095e-35 1.0000000180025095e-35 2.5132957790129056 3.5000000000000004 1.0000000180025095e-35 5.5640200676837246 2.5000000000000004 6.5000000000000009 4.0228508600522819 123.50000000000001 2.5000000000000004 9.5000000000000018 3.6333333333333337 1.0000000180025095e-35 159.50000000000003 5.5000000000000009 0.45000000000000007 91.500000000000014 3.5000000000000004 55.750000000000007
decision_type=2 2 2 2 2 8 2 10 2 8 2 2 10 2 2 10 2 2 10 2 2 2 2 2 2 2 2 2 2 2
left_child=1 3 5 -1 13 6 7 12 16 -7 26 -4 23 -5 29 -11 -9 18 19 20 -18 -19 -6 24 25 -3 -2 -28 -12 -15
right_child=10 2 11 4 22 9 -8 8 -10 15 28 -13 -14 14 -16 -17 17 21 -20 -21 -22 -23 -24 -25 -26 -27 27 -29 -30 -31
leaf_value=0.043488742602131036 -0.030387215455705947 -0.010872459496146156 0.028742374731233866 0.053655727656070941 0.018039857351304336 -0.0019411621654980143 0.071342639269816072 0.0014698038065440655 0.086457055796844706 0.011923923704258798 0.051056336096831904 -0.025083598760446926 -0.021589664719988501 -0.01343084644114307 0.05425296379632466 0.070854284258706809 0.029367142617571607 0.090441441893124683 -0.019424074748526227 -0.0035671209924392254 0.098571684928575182 0.035198213655156733 -0.031628145949161246 0.05329174731166722 0.052718439604559166 0.056804721214043098 0.045986153573991939 -0.028179178242982234 -0.025466516751069059 0.03089555950186551
leaf_weight=9.1989107728004438 116.03626951575279 19.59406757354737 5.9077479690313348 5.4626113772392264 4.7817527055740348 30.964330047369003 7.8973811119794837 8.1616032719612104 5.4603954553604117 8.5962703078985196 3.6349613666534415 15.685126215219498 7.8346576690673819 23.996102273464206 4.4734346419572821 5.5825321376323691 8.2727727144956642 8.1610846370458585 5.317100688815116 5.5811429619789115 5.0172362625598899 6.6584488004446021 34.360516034066677 8.2436954379081708 5.9657952934503546 5.6833387464284888 3.358094945549964 3.5594844594597816 2.8774107247591019 5.76540783047676
leaf_count=40 914 98 30 26 27 167 35 39 22 45 20 96 39 138 23 31 36 34 25 26 20 32 229 35 28 26 22 27 20 28
internal_value=-6.45817e-05 0.012696 0.0202943 -0.00237183 -0.00772278 0.0246204 0.0308652 0.027667 0.0393478 0.00970116 -0.0259495 -0.010357 0.0146759 0.00986547 0.00287819 0.0351262 0.0338944 0.0406786 0.0253973 0.0380261 0.0554932 0.0656205 -0.0255605 0.0218714 0.0135809 0.00434399 -0.0282374 0.00782391 0.0172457 -0.00484392
internal_weight=392.09 262.623 174.585 88.0387 78.8398 152.992 107.849 99.9513 52.6298 45.1431 129.466 21.5929 47.3216 39.6976 34.2349 14.1788 47.1694 39.0078 24.1883 18.8712 13.29 14.8195 39.1423 39.4869 31.2432 25.2774 122.954 6.91758 6.51237 29.7615
internal_count=2378 1375 864 511 471 738 495 460 234 243 1003 126 226 215 189 76 212 173 107 82 56 66 256 187 152 124 963 49 40 166
is_linear=0
shrinkage=0.05


Tree=30
num_leaves=31
num_cat=0
split_feature=140 145 161 79 143 145 15 148 96 0 8 144 161 157 145 81 122 140 24 146 126 106 68 149 148 142 129 95 14 148
split_gain=31.0475 8.44972 6.49043 6.05331 5.96733 7.04128 5.90711 5.79449 4.58908 5.13715 4.95912 4.46579 4.30244 4.5634 7.50097 7.33603 4.61457 7.29559 4.8703 5.9729 4.44283 4.72924 4.22623 3.99099 3.84976 3.87777 3.99699 3.81386 3.76181 3.50181
threshold=7.366666666666668 69.583333333333357 1.4142857142857144 1.0000000180025095e-35 4.6618968466139084 24.47727272727273 5.5000000000000009 19.939486436889343 1.5000000000000002 131000.00000000001 1.0000000180025095e-35 19.500000000000004 0.64583333333333337 1.5000000000000002 66.166666666666671 1.0000000180025095e-35 1.0000000180025095e-35 5.7750000000000012 1.0000000180025095e-35 49.500000000000007 1.0000000180025095e-35 1.0000000180025095e-35 1.0000000180025095e-35 103.50000000000001 3.7677669529663693 3.5000000000000004 1.0000000180025095e-35 3.5000000000000004 1.5000000000000002 22.318707073936711
decision_type=2 2 2 2 8 2 2 10 2 8 2 2 2 2 2 2 2 2 2 2 2 2 2 2 8 2 2 2 2 8
left_child=1 3 4 6 5 -2 8 -5 9 12 -11 28 -1 14 16 20 17 -14 19 -18 21 27 -4 -9 -3 26 -26 -15 -12 -7
right_child=2 24 22 7 -6 29 -8 23 -10 10 11 -13 13 15 -16 -17 18 -19 -20 -21 -22 -23 -24 -25 25 -27 -28 -29 -30 -31
leaf_value=-0.025700497771140803 0.070992306559345519 -0.0012261200507292728 -0.0099627150116088983 -0.029366982967698813 -0.033158174494007632 -0.0094272641134999415 0.063326551172168843 0.057059565196416417 -0.025448169251921338 -0.024237406230854155 0.087530331184169613 -0.011431043611974704 -0.035887325779957631 0.039317912241912244 0.083439762246270754 -0.025464737230790763 0.042926324630908043 0.01841476511495933 0.059802751194001608 -0.020633623582029845 0.069976240903580095 -0.020806191186670334 -0.035671977493747724 -0.0085504888446088743 0.00095198381811992792 0.077448589894998698 0.058837642883719114 -0.015207403297261963 0.0082081279110048002 0.040655110724812919
leaf_weight=5.5154810771346083 3.8732781410217312 4.6339191943407085 22.294845759868622 18.522793509066108 12.413769967854021 21.560978241264824 5.4478393644094458 3.9505983889102918 8.4590381234884244 16.520263567566875 3.0515759065747243 6.3925234451889992 13.607252433896067 35.593196779489517 3.1205193251371375 5.5284133628010741 6.3278502076864269 11.340319678187369 5.7538279443979254 8.8877222090959531 7.772875487804412 4.3055244833230963 56.480888232588768 5.6081025078892708 5.6051913201808947 7.5792684257030478 6.3726122081279755 3.5246571972966185 2.9296205341815948 4.1644411832094184
leaf_count=35 21 27 201 131 115 177 26 24 57 123 20 46 90 205 18 36 39 76 34 60 42 27 547 35 35 35 26 23 20 27
internal_value=0.000201387 0.0119863 -0.0199316 0.00829917 -0.0040607 0.00814285 0.0121903 -0.013051 0.010316 0.0124743 -0.00631029 0.0176244 0.0173518 0.019597 0.00842655 0.0292537 0.00332865 -0.0112034 0.0206177 0.00579968 0.0351624 0.0289307 -0.0283958 0.0185661 0.0397506 0.0494598 0.0317492 0.034405 0.0486779 -0.00131991
internal_weight=327.139 206.351 120.788 182.16 42.0125 29.5987 154.079 28.0815 148.631 140.172 28.894 12.3737 111.278 105.762 49.0375 56.7247 45.917 24.9476 20.9694 15.2156 51.1963 43.4234 78.7757 9.5587 24.191 19.5571 11.9778 39.1179 5.9812 25.7254
internal_count=2378 1290 1088 1167 340 225 977 190 951 894 209 86 685 650 317 333 299 166 133 99 297 255 748 59 123 96 61 228 40 204
is_linear=0
shrinkage=0.05


Tree=31
num_leaves=31
num_cat=0
split_feature=140 40 159 6 98 160 98 66 144 22 12 161 143 162 145 98 119 146 148 147 121 19 71 57 143 18 144 147 143 159
split_gain=135.411 26.0866 22.0267 13.308 12.6593 9.03428 8.19559 8.0155 7.45745 6.81091 6.60169 6.04395 5.80522 5.43231 4.97321 4.89676 4.69044 4.23795 4.17323 4.56968 4.15603 4.11478 3.97831 4.75424 3.94904 3.9152 5.69932 3.8713 4.22993 6.03013
threshold=7.7750000000000012 1.0000000180025095e-35 0.48076923076923078 1.0000000180025095e-35 0.26785715000000004 0.18333333333333332 0.45000000500000009 1.0000000180025095e-35 12.500000000000002 1.0000000180025095e-35 1.0000000180025095e-35 1.0625000000000002 6.0083217912982656 21339.285714285717 22.81666666666667 0.91666665500000011 1.0000000180025095e-35 54.500000000000007 18.524757661850938 59.500000000000007 1.5000000000000002 8.5000000000000018 1.0000000180025095e-35 1.0000000180025095e-35 3.5237092451084924 4.5000000000000009 29.500000000000004 26.500000000000004 4.3124349452727992 0.81666666666666676
decision_type=2 2 2 2 2 2 2 2 2 2 2 2 8 10 2 2 2 2 8 2 2 2 2 2 10 2 2 2 10 2
left_child=1 4 12 6 8 7 -4 11 10 15 -1 17 -3 14 -6 -8 21 -2 -13 27 -16 -5 23 -22 -9 -11 -27 28 29 -20
right_child=5 2 3 16 13 -7 9 24 -10 25 -12 18 -14 -15 20 -17 -18 -19 19 -21 22 -23 -24 -25 -26 26 -28 -29 -30 -31
leaf_value=0.01450996390590027 0.015754383411083404 -0.044980682487097613 0.014743113232596167 -0.0070514130113400221 -0.051145667533256015 0.042936529154946723 -0.0016176299147997134 -0.032733340375515931 0.031915951042473259 0.0042855575263164624 -0.035929024967904823 0.038526547000606044 -0.00096794589240107492 -0.0052544019145900648 -0.048145021637422368 -0.038197602645789627 0.048878307365760772 -0.033625435821673683 -0.040476856051978982 -0.013983529697659942 -0.061890840673509431 0.037900091253043354 -0.005867603986720215 -0.022826802235273898 0.01974899713405627 -0.060141267696541628 0.0019447292886171676 0.042685480749544175 0.040767919329617999 0.0183199462990742
leaf_weight=10.038996934890749 14.530573055148126 38.143036276102066 39.89353384077549 11.457904428243639 57.240099787712097 81.707814514636993 13.102305620908735 9.144728094339369 10.116083949804304 54.695559695363045 18.336380839347839 69.027282491326332 9.3233710676431638 12.410034120082853 27.375709265470505 30.319468438625336 16.191417545080185 6.1986500024795523 5.886223956942561 8.2374567836523038 10.801045835018156 9.1615978777408582 19.162367790937424 27.92754340171814 5.8947988152503958 6.4312886595726004 8.6922166943550092 21.220736190676689 11.077361792325972 16.826156631112099
leaf_count=33 53 117 138 39 175 334 43 33 35 182 58 277 30 40 83 95 57 22 22 31 33 33 61 86 22 20 29 86 45 66
internal_value=6.4641e-06 -0.0169747 -0.0058697 0.0017436 -0.0306062 0.0292988 -0.00474519 0.0226677 -0.00494339 -0.0116107 -0.0180841 0.0260914 -0.0363357 -0.0369825 -0.0397455 -0.0271598 0.0287371 0.000988359 0.0300254 0.0207474 -0.0320925 0.0129213 -0.0245016 -0.0337214 -0.0121627 -0.00194046 -0.0244574 0.0259481 0.0154366 0.00308195
internal_weight=680.572 430.82 237.412 189.945 193.408 249.752 153.134 168.044 38.4915 113.241 28.3754 153.004 47.4664 154.917 142.507 43.4218 36.8109 20.7292 132.275 63.2479 85.2667 20.6195 57.891 38.7286 15.0395 69.8191 15.1235 55.0105 33.7897 22.7124
internal_count=2378 1387 783 636 604 991 507 657 126 369 91 602 147 478 438 138 129 75 527 250 263 72 180 119 55 231 49 219 133 88
is_linear=0
shrinkage=0.05


Tree=32
num_leaves=31
num_cat=0
split_feature=140 65 145 99 9 145 162 101 140 2 146 121 2 40 143 9 147 100 0 159 98 57 10 156 144 70 149 98 141 112
split_gain=30.4659 12.9824 10.7796 8.66199 8.18604 7.35562 8.63938 6.09385 5.45026 5.34865 9.94538 5.26633 5.1003 4.89081 4.57667 4.99343 3.94928 3.58852 4.45762 3.55007 7.33505 3.42044 6.54055 3.30266 3.1848 2.93339 2.77013 2.42326 1.96695 1.96218
threshold=6.4142857142857155 1.0000000180025095e-35 19.422222222222224 3.5000000000000004 1.5000000000000002 63.250000000000007 16125.000000000002 5.3666668000000008 3.4642857142857149 3.5000000000000004 57.500000000000007 1.5000000000000002 4.5000000000000009 1.0000000180025095e-35 5.0398369274603256 1.0000000180025095e-35 8.5000000000000018 1.0000000180025095e-35 41250.000000000007 0.58571428571428574 1.4166667000000002 1.0000000180025095e-35 1.5000000000000002 0.58571428571428574 14.500000000000002 1.0000000180025095e-35 61.500000000000007 0.91666665500000011 4.5000000000000009 1.9166667000000002
decision_type=2 2 2 2 2 2 10 2 2 2 2 2 2 2 8 2 2 2 10 2 2 2 2 2 2 2 2 2 2 2
left_child=1 2 3 13 5 6 7 11 -6 10 27 -4 26 25 15 -3 -14 18 19 24 -21 22 -11 -5 -17 -1 -9 -2 -7 -28
right_child=9 14 4 23 8 28 -8 12 -10 21 -12 -13 16 -15 -16 17 -18 -19 -20 20 -22 -23 -24 -25 -26 -27 29 -29 -30 -31
leaf_value=0.1285675305730524 -0.039802988748616965 0.052633945904814163 0.029315935353744001 0.040666733807514115 0.032512755135733339 0.0099555445390745474 -0.020783840351115586 0.042137937455034136 -0.031988758671029814 0.083170138802676652 0.076570149599312951 0.10425650768586242 0.02565416822051372 0.03713005460459478 -0.032139791243375924 0.083243528817197029 0.10779484190908875 -0.034261899487780224 -0.040976295415629312 -0.026899546723483537 0.06251066595795006 -0.028716548732428356 -0.039806064206466069 -0.025697361355409065 0.010498933878896902 0.075275251708611116 -0.041109022615532287 0.019443834765008203 -0.040886803610947244 0.018580330620720537
leaf_weight=4.5041817575693148 5.6191957108676416 4.5913808643817893 3.4502992033958488 4.7349169999361029 4.586281523108485 3.8782597556710234 4.9179305359721175 3.5296985507011396 11.455089185386894 2.0047960951924315 3.7827662900090209 7.3133580312132835 2.8858857527375212 4.7972666695713988 11.715269528329371 3.1788291931152441 2.9685839936137199 7.1216232851147643 3.9381715655326834 7.3867712542414647 3.3270420804619789 76.974018771201372 2.3469695784151554 3.1035153344273567 2.8567564487457275 6.0511230155825615 3.0855453833937645 2.4909429252147675 3.7337300926446915 2.4862764477729797
leaf_count=20 81 29 26 34 32 37 50 27 125 20 34 43 21 26 137 26 21 73 44 87 27 1124 33 27 25 29 31 28 39 22
internal_value=-0.000192631 0.016294 0.0286217 0.0571565 0.0164327 0.0290061 0.0399353 0.0515455 -0.0135476 -0.0216984 0.00962084 0.0802342 0.0308986 0.0789909 -0.00535751 0.00432632 0.0673047 -0.00364942 0.00688882 0.018143 0.000865688 -0.0262784 0.0168473 0.0143908 0.0488121 0.0980162 0.00748076 -0.021606 -0.014983 -0.0144742
internal_weight=214.816 121.598 77.4819 23.191 54.2909 38.2496 30.6376 25.7196 16.0414 93.2187 11.8929 10.7637 14.956 15.3526 44.1158 32.4006 5.85447 27.8092 20.6876 16.7494 10.7138 81.3258 4.35177 7.83843 6.03559 10.5553 9.10152 8.11014 7.61199 5.57182
internal_count=2378 1058 610 136 474 317 241 191 157 1320 143 69 122 75 448 311 42 282 209 165 114 1177 53 61 51 49 80 109 76 53
is_linear=0
shrinkage=0.05


Tree=33
num_leaves=31
num_cat=0
split_feature=140 98 160 159 71 143 149 156 69 128 0 162 147 145 13 30 71 68 144 0 18 156 149 143 156 140 154 143 149 147
split_gain=46.2225 10.5007 7.93279 7.58572 9.15543 4.94989 5.1894 5.16842 4.80535 4.77997 4.72642 4.5917 5.51377 8.15095 5.50764 4.5859 4.21485 6.04895 4.20627 4.80578 4.19672 5.46884 4.13686 4.01899 5.49728 3.92066 3.70574 3.67332 3.456 3.3944
threshold=7.6904761904761916 0.55000001000000009 0.18333333333333332 0.38750000000000007 1.0000000180025095e-35 4.3950725900277012 48.500000000000007 0.2678571428571429 1.0000000180025095e-35 1.0000000180025095e-35 87000.000000000015 24500.000000000004 17.500000000000004 54.583333333333336 1.5000000000000002 1.0000000180025095e-35 1.0000000180025095e-35 1.0000000180025095e-35 17.500000000000004 1.0000000180025095e-35 2.5000000000000004 0.58571428571428574 82.500000000000014 5.6435647767980406 0.44155844155844154 3.6333333333333337 0.45000000000000007 4.0393888659823265 91.500000000000014 66.500000000000014
decision_type=2 2 2 2 2 8 2 2 2 2 8 10 2 2 2 2 2 2 2 8 2 2 2 10 2 2 2 10 2 2
left_child=1 3 5 -1 11 6 -3 9 26 -8 -7 12 14 -14 -5 -4 17 18 20 -20 -9 -22 -18 24 -12 -6 -2 -16 -28 -24
right_child=8 2 15 4 25 10 7 16 -10 -11 23 -13 13 -15 27 -17 22 -19 19 -21 21 -23 29 -25 -26 -27 28 -29 -30 -31
leaf_value=0.039802234317641669 -0.029666263705142182 -0.02443160621741065 0.02718665892951095 0.074551888380598258 0.017023367136957564 -0.0021987648045853053 0.013223228273443233 0.036876518909794355 0.016447502133416003 0.071602434211246568 -0.032564941382196899 -0.034439873686047368 -0.025056785020100721 0.043467181360312156 -0.015876675603428363 -0.024403655796489589 0.05017580084684381 0.072923961580277349 0.060525548835676284 0.010461842578201718 -0.047881681965626144 0.024613525787488353 0.00064989675136057506 0.06704227916660345 0.045256246045093013 -0.031094868659219923 0.04355218097405502 0.047607305972291451 -0.027395426669015219 0.048640515563625253
leaf_weight=9.5010768920183164 111.27983801066875 4.4615525454282752 5.9965005069971093 6.2014623880386344 4.8475686013698569 31.088794529438019 4.8492565155029306 8.1056425422430056 6.5762824341654769 12.660832911729813 3.91913193464279 5.235644817352294 12.857961036264898 6.5506819039583197 4.9180200994014722 15.293397039175034 6.5215109437704077 8.884603410959242 13.41660797595978 7.458306059241294 5.1283626407384855 5.2796630710363388 29.411166608333588 5.2991251349449149 5.3906595259904861 33.407875955104828 3.4431083202362052 4.2457579076290131 3.4228611513972282 4.2123190462589255
leaf_count=40 914 22 30 31 27 167 22 35 40 53 22 32 76 30 25 96 28 36 54 32 23 21 147 28 26 229 22 21 27 22
internal_value=-4.92172e-05 0.0117586 0.0187579 -0.00238707 -0.0075087 0.022663 0.0283919 0.0306167 -0.0251512 0.0554349 0.00882414 0.00921339 0.0157859 -0.00192901 0.0381626 -0.00987276 0.0257018 0.0356571 0.027251 0.0426385 0.00990103 -0.0111072 0.0137309 0.0322817 0.012496 -0.0249975 -0.0274667 0.0135367 0.00818299 0.00666212
internal_weight=389.866 265.143 177.377 87.766 78.265 156.088 110.39 105.928 124.722 17.5101 45.6977 40.0095 34.7739 19.4086 15.3652 21.2899 88.4182 48.2732 39.3886 20.8749 18.5137 10.408 40.145 14.6089 9.30979 38.2554 118.146 9.16378 6.86597 33.6235
internal_count=2378 1375 864 511 471 738 495 473 1003 75 243 215 183 106 77 126 398 201 165 86 79 44 197 76 48 256 963 46 49 169
is_linear=0
shrinkage=0.05


Tree=34
num_leaves=31
num_cat=0
split_feature=140 145 12 79 148 15 0 163 19 96 0 8 65 161 157 81 145 122 140 24 146 144 149 123 12 130 145 76 122 149
split_gain=27.5256 7.34913 6.3141 5.51421 5.43019 5.07172 4.66362 6.9224 4.63883 4.25523 4.6083 4.58186 4.15136 3.98998 4.03509 6.55087 6.32453 4.25218 6.88524 4.16927 5.39904 3.9394 3.83599 3.77303 3.45106 5.7856 7.72734 6.73664 5.85774 5.06194
threshold=7.366666666666668 69.583333333333357 2.5000000000000004 1.0000000180025095e-35 19.939486436889343 5.5000000000000009 21500.000000000004 0.43650793650793651 8.5000000000000018 1.5000000000000002 131000.00000000001 1.0000000180025095e-35 1.0000000180025095e-35 0.64583333333333337 1.5000000000000002 1.0000000180025095e-35 66.166666666666671 1.0000000180025095e-35 5.7750000000000012 1.0000000180025095e-35 49.500000000000007 19.500000000000004 85.500000000000014 1.0000000180025095e-35 2.5000000000000004 49.500000000000007 27.900000000000002 1.0000000180025095e-35 1.0000000180025095e-35 100.50000000000001
decision_type=2 2 2 2 10 2 10 2 2 2 8 2 2 2 2 2 2 2 2 2 2 2 2 2 2 2 2 2 2 2
left_child=1 3 12 5 -5 9 7 8 -4 10 13 -12 -2 -1 16 23 17 18 -15 20 -19 -13 -6 24 25 26 27 29 -27 -16
right_child=2 -3 6 4 22 -7 -8 -9 -10 -11 11 21 -14 14 15 -17 -18 19 -20 -21 -22 -23 -24 -25 -26 28 -28 -29 -30 -31
leaf_value=-0.025471555071871189 -0.00733247366459537 0.036657564761587359 0.03409524851150534 -0.02894651763191779 0.061125408445502509 0.057651946854508231 -0.031595472270816528 0.093992771561024535 -0.041313608083945366 -0.025102609320741567 -0.023779231298750592 0.044702218285933987 -0.030059598450563326 -0.035548211341142943 -0.0062314097713108522 -0.025007770116510897 0.07428627136712318 0.039923577734989488 0.017239227451610575 0.054639151193606399 -0.020159637023176431 -0.01125180038724044 -0.0051827044461639701 -0.016988455806273832 -0.0034930353273818862 0.10687302728965851 -0.032616600687323909 0.069407180660789797 0.041770751659695071 0.054737592681768137
leaf_weight=5.4660785049200049 27.718392632901669 24.883640691637993 5.1996317431330699 18.13743514567614 3.3055623173713666 5.70169873535633 4.7982746213674536 2.8926266580820075 3.3555031642317772 8.3391453102231008 16.210713326931003 6.2258098497986776 73.035946264863014 13.303856663405897 9.0459140613675135 5.4326335564255706 3.3384193480014792 6.52990594506264 11.531738638877867 6.0235805064439765 8.7479260191321355 6.3581062704324722 6.4121033623814583 3.5666551887989035 4.9090251773595801 5.5433679521083805 4.473707176744937 10.425277806818485 9.1726112812757492 5.4587735906243333
leaf_count=35 245 123 38 131 19 26 40 18 31 57 123 40 716 90 53 36 18 39 76 34 60 46 40 20 30 29 28 57 51 29
internal_value=0.000267565 0.0111576 -0.019143 0.00770265 -0.0127874 0.0113659 0.00978313 0.0271268 0.00451831 0.00960771 0.0116495 -0.0062064 -0.0238072 0.0162008 0.0183196 0.0272643 0.00782882 0.00302004 -0.0110378 0.0194102 0.00552056 0.0164311 0.0173727 0.0326635 0.0362755 0.0407004 0.0278912 0.0387494 0.0662942 0.016714
internal_weight=325.544 208.544 117 183.66 27.8551 155.805 16.246 11.4478 8.55513 150.103 141.764 28.7946 100.754 112.969 107.503 58.028 49.4754 46.137 24.8356 21.3014 15.2778 12.5839 9.71767 52.5953 49.0287 44.1197 29.4037 24.93 14.716 14.5047
internal_count=2378 1290 1088 1167 190 977 127 87 69 951 894 209 961 685 650 333 317 299 166 133 99 86 59 297 277 247 167 139 80 82
is_linear=0
shrinkage=0.05


Tree=35
num_leaves=31
num_cat=0
split_feature=140 68 160 98 98 31 99 112 54 159 160 19 140 156 22 0 112 144 161 147 130 154 142 105 12 10 145 154 142 143
split_gain=120.563 23.6546 16.4752 13.5804 10.2348 8.82642 8.01842 7.27712 8.51986 7.12572 6.88079 6.38428 5.78982 5.82538 5.3205 5.02621 4.95163 4.89198 4.86604 4.76786 5.06607 4.55633 4.41143 4.12289 4.02917 3.95575 3.91798 6.35865 4.89183 4.71268
threshold=7.7750000000000012 1.0000000180025095e-35 0.22500000000000003 1.4166667000000002 0.69047621000000003 1.0000000180025095e-35 6.5000000000000009 1.6333333000000003 1.0000000180025095e-35 0.77500000000000013 0.18333333333333332 9.5000000000000018 4.4142857142857155 0.29285714285714287 1.0000000180025095e-35 21500.000000000004 0.91666665500000011 14.500000000000002 1.2250000000000003 7.5000000000000009 46.500000000000007 0.45000000000000007 6.5000000000000009 1.0000000180025095e-35 2.5000000000000004 1.5000000000000002 25.450000000000003 0.2678571428571429 1.5000000000000002 3.6866875904165766
decision_type=2 2 2 2 2 2 2 2 2 2 2 2 2 2 2 10 2 2 2 2 2 2 2 2 2 2 2 2 2 10
left_child=1 4 3 9 12 10 7 8 -5 11 17 26 -1 -14 -6 22 -10 -2 24 -15 -21 -20 -7 -11 -19 -22 29 28 -28 -3
right_child=5 2 -4 6 14 15 -8 -9 16 23 -12 -13 13 19 -16 -17 -18 18 21 20 25 -23 -24 -25 -26 -27 27 -29 -30 -31
leaf_value=-0.03512203250496071 -0.0012256492347365059 -0.062889333890825502 0.031374825201835078 -0.045953598835215187 -0.043349967540324059 -0.032689024181944783 0.021307850722356539 -0.06466342322496664 -0.023539777744293767 0.020021984110657969 0.043508076213520638 0.019349022125334514 -0.039621982222056644 -0.023598569061979678 -0.022875958500793384 0.036350617069100026 0.035027246568616027 0.025397672233880023 0.035809085784137905 0.040824347049499478 -0.018325060887498645 -0.0025074442794852459 0.020044532453029337 -0.019123678663085938 -0.017040035218161942 0.018731194967829986 0.025111694939829034 -0.047539264765025298 -0.01874525969219696 -0.01604315959178795
leaf_weight=23.480471819639206 15.975447446107863 8.7447744309902209 28.765169382095337 18.527051687240601 85.818691492080688 11.52230821549893 6.7243441790342322 15.938349813222883 7.3343771100044233 43.778393477201462 75.507217228412628 14.293743476271628 10.786382973194121 14.683463394641874 50.346722304821014 6.7033782899379721 7.1050848066806793 13.064186289906504 95.854372546076775 9.850418806076048 15.14262703061104 8.4418944865465146 6.0474301278591147 7.9473266154527655 9.7802415043115598 13.733663812279699 13.696528524160387 7.5247576236724845 11.86718690395355 13.90534135699272
leaf_count=73 62 27 102 57 262 43 22 49 23 152 321 49 34 47 157 26 23 50 398 34 49 33 23 28 35 46 45 24 39 45
internal_value=-3.94354e-05 -0.0159462 -0.00372617 -0.00941816 -0.0272006 0.0281201 -0.0298856 -0.0369246 -0.0235136 -6.69558e-05 0.031296 -0.0104623 -0.0138768 -0.00610611 -0.0357798 -0.000484617 0.00527873 0.0248529 0.0281297 0.000662544 0.00986129 0.0327077 -0.0145384 0.0140075 0.00722908 -0.000700977 -0.0181072 -0.0071394 0.00475242 -0.0341296
internal_weight=672.891 429.995 206.152 177.387 223.842 242.896 55.6292 48.9049 32.9665 121.758 218.623 70.0323 87.677 64.1966 136.165 24.2731 14.4395 143.116 127.141 53.4102 38.7267 104.296 17.5697 51.7257 22.8444 28.8763 55.7386 33.0885 25.5637 22.6501
internal_count=2378 1387 685 583 702 991 174 152 103 409 899 229 283 210 419 92 46 578 516 176 129 431 66 180 85 95 180 108 84 72
is_linear=0
shrinkage=0.05


Tree=36
num_leaves=31
num_cat=0
split_feature=140 163 65 9 145 120 2 59 69 149 100 142 69 31 111 146 0 141 147 162 24 19 124 149 130 31 158 161 71 143
split_gain=27.3417 12.1909 9.24365 10.0754 7.62972 5.75826 5.42162 5.70839 5.12889 7.16505 6.35903 4.7221 5.17577 4.58202 5.09808 9.57761 4.55481 4.35053 4.02417 3.69864 3.28304 4.15885 3.1373 4.47125 2.85224 2.59412 2.53656 2.46153 2.37662 2.3719
threshold=6.5357142857142865 0.61250000000000016 1.0000000180025095e-35 1.5000000000000002 63.250000000000007 1.0000000180025095e-35 4.5000000000000009 1.0000000180025095e-35 1.0000000180025095e-35 59.500000000000007 2.5000000000000004 1.0000000180025095e-35 1.0000000180025095e-35 1.0000000180025095e-35 2.5000000000000004 56.500000000000007 87000.000000000015 5.5000000000000009 1.0000000180025095e-35 16125.000000000002 1.0000000180025095e-35 1.5000000000000002 1.0000000180025095e-35 112.50000000000001 39.500000000000007 1.0000000180025095e-35 0.73214285714285732 1.9000000000000001 1.0000000180025095e-35 2.5232168032791438
decision_type=2 2 2 2 2 2 2 2 2 2 2 2 2 2 2 2 8 2 2 8 2 2 2 2 2 2 2 2 2 8
left_child=1 2 3 4 6 -2 7 11 9 -3 -11 12 16 22 15 24 25 -5 -4 -8 29 -22 -7 -24 -15 -1 -13 -23 -19 -20
right_child=5 8 18 17 -6 13 19 -9 -10 10 -12 26 -14 14 -16 -17 -18 28 20 -21 21 27 23 -25 -26 -27 -28 -29 -30 -31
leaf_value=0.047288876160834104 0.0656709740583407 5.9666445385714808e-05 0.057404750773838643 0.054199406126540922 -0.015317678892117728 -0.030938671495184169 0.077830723331266102 0.071243029674208952 0.094844071828887877 0.015150926605335605 0.10416875873335255 -0.032635789921599379 -0.025728466668788044 0.035728596479242543 -0.030871951781521662 0.13871439138719086 0.0010209521226832794 -0.036347351743577234 -0.0019201735232720176 0.017488083138735969 0.068009914327466059 -0.025188430326071667 -0.039749711002763415 0.0554665996701093 -0.039990091534971947 0.10815952164017462 0.023915591777358615 0.031505464926736386 0.0092639649871636195 -0.03521192477624676
leaf_weight=4.3840070441365286 1.8494515642523754 7.3354973718524006 2.0082514807581893 2.0187446773052242 7.7184521108865729 68.811882056295872 10.952869102358815 5.5749062597751609 4.8668775781989089 3.3876085653901082 4.9198410734534264 5.8965636119246465 2.9150817543268195 2.625899210572241 5.4327985942363739 1.6536693647503851 3.3297335878014573 10.657878194004295 7.6418930590152767 3.30588272958994 2.2485799416899672 6.3026492521166784 2.3458789810538283 2.5988738089799881 2.3628278039395809 2.9135325700044632 2.9875382110476494 2.7499282360076904 3.9014352932572356 17.839820854365826
leaf_count=32 15 39 18 13 78 1056 68 38 23 24 26 59 24 32 72 15 25 111 84 27 18 70 34 33 32 17 23 29 40 203
internal_value=-0.0001838 0.0147496 0.00788336 0.0191904 0.0303946 -0.0216191 0.0387435 0.0259638 0.0500176 0.036071 0.0678691 0.0147081 0.0332911 -0.0235 0.0050514 0.034433 0.0494803 -0.0145872 -0.0115169 0.0638403 -0.0152799 0.00715056 -0.0281744 0.0102943 -0.000134304 0.0715914 -0.0136187 -0.00796636 -0.024125 -0.0252278
internal_weight=213.539 125.858 105.348 66.5566 49.9786 87.6813 42.2601 28.0014 20.5098 15.6429 8.30745 22.4265 13.5424 85.8318 12.0752 6.6424 10.6273 16.5781 38.7911 14.2588 36.7829 11.3012 73.7566 4.94475 4.98873 7.29754 8.8841 9.05258 14.5593 25.4817
internal_count=2378 1089 977 555 391 1289 313 218 112 89 50 180 98 1274 151 79 74 164 422 95 404 117 1123 67 64 49 82 99 151 287
is_linear=0
shrinkage=0.05


Tree=37
num_leaves=31
num_cat=0
split_feature=140 162 94 40 141 159 144 72 103 130 2 158 163 140 150 148 147 55 148 24 156 19 104 158 121 147 130 149 130 122
split_gain=41.277 9.69323 7.49153 9.16296 6.49331 6.25361 6.72318 5.72072 6.63676 5.52009 5.76565 5.97121 5.13257 6.48835 4.91892 4.91345 4.88405 5.2792 4.70265 4.44998 4.2807 4.04858 3.98224 3.80822 3.81901 3.69402 3.68802 3.2679 3.19865 3.17222
threshold=7.6904761904761916 32416.666666666668 2.5000000000000004 1.0000000180025095e-35 9.5000000000000018 0.38750000000000007 13.500000000000002 1.0000000180025095e-35 1.0000000180025095e-35 53.500000000000007 4.5000000000000009 0.45299145299145299 0.2678571428571429 4.2250000000000005 0.29166666666666669 17.683560123296441 59.500000000000007 1.0000000180025095e-35 13.904430576440939 1.0000000180025095e-35 0.21111111111111114 5.5000000000000009 1.0000000180025095e-35 0.73214285714285732 2.5000000000000004 5.5000000000000009 70.500000000000014 96.500000000000014 48.500000000000007 1.0000000180025095e-35
decision_type=2 10 2 2 2 2 2 2 2 2 2 2 2 2 2 10 2 2 10 2 2 2 2 2 2 2 2 2 2 2
left_child=1 2 3 9 23 6 -5 -7 -9 12 29 -12 28 25 16 18 -2 26 -15 22 -3 -13 -6 24 -4 -14 -18 -17 -1 -11
right_child=14 20 4 5 19 7 -8 8 -10 10 11 21 13 15 -16 27 17 -19 -20 -21 -22 -23 -24 -25 -26 -27 -28 -29 -30 -31
leaf_value=-0.037887696365370732 -0.029403953005470097 0.033690540137250903 0.018050389193778819 0.00026917358013181899 -0.024559080583120656 -0.01201571294424085 0.063291362813922059 -0.010562016304148086 0.078670443892240371 0.059798763643162736 -0.021583385230904483 0.0074884427954845347 0.011544534564611145 0.044256449975703244 0.038109850280480015 0.089561289865476748 -0.042171029465835196 0.064102972201187575 -0.0064920127964688034 0.04655047904360516 -0.028566826679878112 0.071366691765241783 0.034125059848762136 0.083710187075263356 0.060042194986549668 -0.038914731699675548 0.022752270574813029 0.030590079258573252 0.013040930801657755 0.023403886610014579
leaf_weight=7.8716592788696271 105.41319667547941 3.2034063562750843 11.453672334551817 10.551175266504289 9.2276552096009272 70.752457097172737 7.0657192766666403 4.3970181792974454 3.9608408510684967 18.100690588355064 7.8243849873542812 5.4164994508028013 9.2369097471237165 8.5870494246482902 3.0708926394581786 4.9723041206598264 5.0928411707282049 2.8283081501722327 9.7460434362292272 5.6992468833923331 19.994296409189701 4.5761134997010231 4.2096651047468177 5.7346804141998282 10.269105225801466 5.9722068458795539 3.834276981651783 4.453269436955452 5.0680654421448708 8.9463955014944094
leaf_count=48 888 19 45 51 48 427 30 26 19 76 39 26 43 39 21 20 41 23 47 25 131 21 19 20 41 28 30 21 27 39
internal_value=-2.78789e-05 0.0109168 0.0138521 0.00959752 0.0318863 -0.00139508 0.0255459 -0.0073945 0.0317258 0.0201489 0.0332124 0.0111279 0.00966587 0.0179796 -0.0243577 0.0323615 -0.025995 0.00457415 0.0172781 0.00952809 -0.0199696 0.0367415 -0.00617442 0.0474689 0.0379014 -0.00826945 -0.0142859 0.0616994 -0.0179406 0.0477604
internal_weight=387.53 267.291 244.093 197.499 46.594 96.7272 17.6169 79.1103 8.35786 100.772 44.8641 17.817 55.9075 42.9678 120.24 27.7587 117.169 11.7554 18.3331 19.1366 23.1977 9.99261 13.4373 27.4575 21.7228 15.2091 8.92712 9.42557 12.9397 27.0471
internal_count=2378 1375 1225 1027 198 553 81 472 45 474 201 86 273 198 1003 127 982 94 86 92 150 47 67 106 86 71 71 41 75 115
is_linear=0
shrinkage=0.05


Tree=38
num_leaves=31
num_cat=0
split_feature=140 145 161 143 145 79 148 143 68 96 141 77 15 145 74 64 149 112 142 16 101 149 160 125 163 112 71 148 98 130
split_gain=24.4568 6.33096 6.15788 5.61104 5.85037 5.05741 5.12488 4.52592 4.19674 4.15438 5.66137 5.10922 5.09804 3.86142 3.57317 7.14218 3.41051 3.3987 8.43003 5.14244 8.6874 3.71695 3.8526 4.23836 3.72447 3.5969 4.76935 9.5275 6.07269 5.1409
threshold=7.366666666666668 69.583333333333357 1.4142857142857144 4.6618968466139084 24.47727272727273 1.0000000180025095e-35 19.939486436889343 6.357406995882406 1.0000000180025095e-35 1.5000000000000002 11.500000000000002 1.0000000180025095e-35 5.5000000000000009 66.583333333333357 1.0000000180025095e-35 1.0000000180025095e-35 85.500000000000014 1.4500000000000002 1.0000000180025095e-35 2.5000000000000004 6.3666668000000008 171.50000000000003 0.22500000000000003 1.0000000180025095e-35 0.61250000000000016 2.5833333500000006 1.0000000180025095e-35 17.77216875316326 0.36666667500000005 31.500000000000004
decision_type=2 2 2 8 2 2 10 10 2 2 2 2 2 2 2 2 2 2 2 2 2 2 2 2 2 2 2 8 2 2
left_child=1 5 3 4 -2 7 -7 9 -4 10 12 -12 13 17 15 -6 -8 18 19 -1 -21 22 23 24 25 26 28 -28 -19 -30
right_child=2 -3 8 -5 14 6 16 -9 -10 -11 11 -13 -14 -15 -16 -17 -18 21 -20 20 -22 -23 -24 -25 -26 -27 27 -29 29 -31
leaf_value=0.0010233098868995269 0.064497912553148434 0.033721325098099129 -0.0084458275877864943 -0.032269799860897619 -0.0049146432995879723 -0.028554777954685223 0.056563492817157814 -0.028601350819383687 -0.034802286528947006 -0.020808872304555723 0.097019877321875073 0.01335319794580863 0.061769564535221311 0.065045946316003148 -0.029000614129305314 0.071648202677157241 -0.0051550794103514975 0.048354186463639419 0.0048010883205561478 0.10593839508075537 0.02342914778205471 -0.043156850277578235 -0.029739365610598117 -0.033810146786940998 -0.021703791929616498 0.048319887336809288 0.0035580325796382159 0.07642198514400006 0.032440698867583634 -0.033014654364140326
leaf_weight=4.4492059499025354 4.0728890746831921 25.608271613717079 21.372442871332169 11.546616800129412 13.592988133430486 17.785711750388149 3.4400977343320829 7.0123143494129172 51.49172905087471 8.8144464045762998 3.8525216281414023 3.46659105271101 5.0002277940511695 3.144105225801467 7.4999660253524771 3.9257461279630652 6.4074362367391586 4.3148076906800297 36.100930795073509 6.1940213590860367 6.5785470977425575 4.3044488728046408 7.2395586147904387 5.3182432875037184 6.8215062692761412 8.0335114598274213 12.569430038332941 6.9764225855469695 3.8881890177726772 13.128643639385698
leaf_count=28 21 123 201 115 117 131 19 51 547 59 21 22 22 16 59 28 40 27 237 31 40 29 49 36 44 46 79 39 23 78
internal_value=0.000332916 0.0104222 -0.018374 -0.0027794 0.00892551 0.00719425 -0.0125325 0.0106617 -0.0270714 0.0124948 0.0145712 0.0573924 0.0122333 0.0103142 -0.000121335 0.0122422 0.0164054 0.00894754 0.0185323 0.0473161 0.0634418 0.0019073 0.00474777 0.00883735 0.012907 0.017734 0.0117231 0.0295651 -0.0046252 -0.0180587
internal_weight=323.952 210.449 113.502 40.6382 29.0916 184.841 27.6332 157.208 72.8642 150.195 141.381 7.31911 134.062 129.062 25.0187 17.5187 9.84753 125.917 53.3227 17.2218 12.7726 72.5948 68.2903 61.0508 55.7325 48.911 40.8775 19.5459 21.3316 17.0168
internal_count=2378 1290 1088 340 225 1167 190 977 748 926 867 43 824 802 204 145 59 786 336 99 71 450 421 372 336 292 246 118 128 101
is_linear=0
shrinkage=0.05


Tree=39
num_leaves=31
num_cat=0
split_feature=140 40 159 6 98 160 66 144 148 98 0 112 12 161 143 162 154 119 163 35 148 147 19 147 147 146 159 64 144 0
split_gain=107.456 21.8243 18.5894 11.0844 10.1732 8.62607 7.14037 6.54561 6.53117 6.15329 5.93033 6.47285 5.72406 5.48258 5.04096 4.65348 4.63253 4.53596 4.47022 4.51692 4.08734 4.24609 3.99664 3.89951 4.21506 3.78084 3.73218 3.67652 3.64214 3.62112
threshold=7.7750000000000012 1.0000000180025095e-35 0.48076923076923078 1.0000000180025095e-35 0.26785715000000004 0.18333333333333332 1.0000000180025095e-35 12.500000000000002 24.052024695687276 0.69047621000000003 125259.00000000001 1.6333333000000003 1.0000000180025095e-35 1.0625000000000002 6.0083217912982656 21339.285714285717 0.2678571428571429 1.0000000180025095e-35 0.61250000000000016 1.0000000180025095e-35 18.524757661850938 59.500000000000007 8.5000000000000018 26.500000000000004 13.500000000000002 54.500000000000007 0.86607142857142871 1.0000000180025095e-35 15.500000000000002 1.0000000180025095e-35
decision_type=2 2 2 2 2 2 2 2 10 2 10 2 2 2 8 10 2 2 2 2 8 2 2 2 2 2 2 2 2 8
left_child=1 4 14 8 7 6 13 12 9 16 11 -11 -1 25 -3 18 -4 22 19 28 -15 23 -5 24 -22 -2 -26 -14 -6 -8
right_child=5 2 3 17 15 -7 29 -9 -10 10 -12 -13 27 20 -16 -17 -18 -19 -20 -21 21 -23 -24 -25 26 -27 -28 -29 -30 -31
leaf_value=0.013946837695927332 0.014009347756559973 -0.040850156888996299 0.016590598067126101 -0.0081666597603263814 -0.038455152319132879 0.040886159024915068 -0.031669225171328183 0.030618333471126677 -0.030426531989328827 -0.0022269996236903059 0.030638421834231756 -0.035503799201901678 -0.051764948737979481 0.036417855175295472 0.00017883224654061591 -0.003849540295304257 -0.024569590188604759 0.047448069826258599 -0.056124572893415381 -0.057498590268642652 0.043139288769372092 -0.015327131536510675 0.036632493406027845 0.040941877414911509 -0.032270370743308609 -0.032795621173933816 0.013465979443208967 -0.0063572286533756794 -0.019683513587504392 0.019191961673773003
leaf_weight=9.9441734254360217 14.133510529994966 38.130585879087448 55.904872894287109 11.291830971837046 47.356215626001358 75.803955972194672 9.3010508269071543 9.8880868852138502 19.822506234049797 37.384874239563942 7.9589706361293784 23.991536051034927 10.859951585531237 64.885558128356934 9.315287694334982 12.40713047981262 7.7883796691894522 15.64817839860916 22.687636315822601 15.069636046886442 8.4638780653476697 8.1068752855062467 8.9042723476886732 19.954886212944984 5.9416212141513851 6.2105824351310721 17.893023923039436 7.56166648864746 56.872738808393478 5.6104736328125009
leaf_count=33 53 117 195 39 145 334 34 35 63 120 28 75 34 277 30 40 26 57 70 46 36 31 33 86 23 22 74 24 177 21
internal_value=-8.68997e-05 -0.0150065 -0.00481796 0.00221657 -0.0274954 0.0269856 0.0204204 -0.00441235 -0.00365184 0.000337833 -0.00996889 -0.0152346 -0.0166238 0.0237955 -0.0327947 -0.0332147 0.0115576 0.0272413 -0.0357807 -0.0319118 0.027706 0.018341 0.0115849 0.0235645 0.0128283 -0.00027913 0.00206459 -0.0331261 -0.0282124 -0.0125327
internal_weight=665.094 428.789 236.141 188.695 192.647 236.305 160.501 38.2539 152.851 133.029 69.3354 61.3764 28.3658 145.59 47.4459 154.393 63.6933 35.8443 141.986 119.299 125.246 60.3603 20.1961 52.2534 32.2985 20.3441 23.8346 18.4216 104.229 14.9115
internal_count=2378 1387 783 636 604 991 657 126 507 444 223 195 91 602 147 478 221 129 438 368 527 250 72 219 133 75 97 58 322 55
is_linear=0
shrinkage=0.05


Tree=40
num_leaves=31
num_cat=0
split_feature=140 65 145 0 79 100 30 144 100 9 163 148 69 19 112 57 143 159 145 140 101 56 147 122 159 100 143 148 98 158
split_gain=24.6403 10.17 8.21713 8.00789 6.4359 5.47679 5.02333 4.87158 6.10812 4.5988 5.81859 5.71009 8.11639 5.43574 4.17873 5.6297 4.16434 4.28636 4.69486 5.25618 4.43777 3.72684 3.72072 4.5382 3.11304 4.25355 3.08274 2.98926 2.96228 2.93472
threshold=6.4142857142857155 1.0000000180025095e-35 16.100000000000005 87000.000000000015 1.0000000180025095e-35 3.5000000000000004 1.0000000180025095e-35 32.500000000000007 9.5000000000000018 2.5000000000000004 0.61250000000000016 15.392677592708235 1.0000000180025095e-35 2.5000000000000004 2.4166666500000002 1.0000000180025095e-35 5.0398369274603256 0.69047619047619058 24.071428571428573 3.7386363636363638 7.7750001000000006 1.0000000180025095e-35 34.500000000000007 1.0000000180025095e-35 0.40833333333333338 6.5000000000000009 0.57735026918962584 12.434824584944275 1.4166667000000002 0.22500000000000003
decision_type=2 2 2 10 2 2 2 2 2 2 2 10 2 2 2 2 8 2 2 2 2 2 2 2 2 2 8 10 2 2
left_child=1 2 27 4 9 -6 7 8 14 10 11 21 13 -13 15 -2 17 18 19 -3 -21 26 -20 -24 25 -8 -4 -1 -19 -28
right_child=6 16 3 -5 5 -7 24 -9 -10 -11 -12 12 -14 -15 -16 -17 -18 28 22 20 -22 -23 23 -25 -26 -27 29 -29 -30 -31
leaf_value=0.09022843033895378 0.077628472264378801 0.085193072256901356 0.042454816419687805 -0.041648954203771252 0.014606579619968127 0.087690594811965394 -0.023522322665938587 -0.040219994412819475 0.1075455869186099 -0.040699633059903526 0.086931164083734677 0.082522624375189868 -0.023509397916156818 0.026420064035849546 0.080313134822446869 -0.022599402618421548 -0.031611518915655439 -0.034715970973264253 -0.032521618479220964 -0.041294784526313827 0.048992236716580581 0.052628153511080016 0.072692659376921945 -0.021548884663733246 -0.029502421471267762 0.075626111787523237 0.018026379350904832 0.041334645479087086 0.022320386687930491 -0.030176762636200727
leaf_weight=5.2406640127301198 1.6743916980922193 4.1710787340998667 2.3738788664341035 5.2519937939941874 4.3106537386774999 6.3243449628353119 2.9513595551252356 4.8578296154737464 1.6743361726403225 3.4157778173685065 2.9866326600313178 6.9263572022318902 5.1418867260217658 11.462782878428696 1.6141033470630635 8.5817009322345292 11.189025588333605 8.8823726437985879 5.7780262716114503 2.3493918403983116 3.2350001931190491 2.6169328168034545 2.5807977542281151 2.5294636785984039 64.571479830890894 1.7076051346957681 4.1832534372806576 7.7473153471946716 3.0609766989946356 12.878524489700792
leaf_count=21 17 23 23 52 35 37 36 67 19 38 15 38 40 94 13 115 137 109 61 23 25 21 19 26 1036 17 39 38 25 119
internal_value=-0.00016646 0.0141178 0.0246267 0.0176543 0.022628 0.0580677 -0.0204825 0.00273652 0.0181431 0.015378 0.0193217 0.014892 0.0320235 0.0475514 0.00553258 -0.00623638 -0.00529361 0.00374284 0.0175359 0.0427267 0.0110079 -0.0033881 -0.00503411 0.0260452 -0.0266544 0.0128176 -0.0109305 0.0610633 -0.020098 -0.0183582
internal_weight=212.27 124.637 80.861 67.873 62.621 10.635 87.6328 18.4024 13.5445 51.986 48.5702 45.5836 23.531 18.3891 11.8702 10.2561 43.7761 32.5871 20.6438 9.75547 5.58439 22.0526 10.8883 5.11026 69.2304 4.65896 19.4357 12.988 11.9433 17.0618
internal_count=2378 1058 610 551 499 72 1320 231 164 427 389 374 172 132 145 132 448 311 177 71 48 202 106 45 1089 53 181 59 134 158
is_linear=0
shrinkage=0.05


Tree=41
num_leaves=31
num_cat=0
split_feature=140 162 71 165 159 149 148 130 143 143 163 145 98 162 150 147 55 7 150 156 140 2 100 18 149 13 140 130 66 143
split_gain=36.9008 8.89935 7.88988 8.616 8.0103 6.34687 6.13311 7.90357 5.72326 7.96802 6.39043 6.43237 5.3156 5.0527 4.72235 4.84466 4.70395 4.62387 4.3552 4.03754 3.80027 3.97448 3.65832 3.92553 5.28204 5.28026 3.58506 3.53758 3.30485 4.76218
threshold=7.8166666666666673 32416.666666666668 1.0000000180025095e-35 0.29670329670329676 0.34848484848484851 49.500000000000007 16.782924895479422 71.500000000000014 4.0455716152953496 5.371201450763027 0.29285714285714287 52.625000000000007 0.55000001000000009 4550.0000000000009 0.29166666666666669 59.500000000000007 1.0000000180025095e-35 1.0000000180025095e-35 0.53571428571428581 0.21111111111111114 3.6333333333333337 3.5000000000000004 5.5000000000000009 4.5000000000000009 135.50000000000003 1.5000000000000002 4.4142857142857155 70.500000000000014 1.0000000180025095e-35 3.3788333188416639
decision_type=2 10 2 2 2 2 8 2 10 10 2 2 2 8 2 2 2 2 2 2 2 2 2 2 2 2 2 2 2 10
left_child=1 2 5 -4 6 -1 -5 -8 10 -10 11 -7 20 -11 15 -2 27 28 22 -3 -6 -22 23 25 -25 -12 -27 -17 29 -14
right_child=14 19 3 4 12 8 7 -9 9 13 18 -13 17 -15 -16 16 -18 -19 -20 -21 21 -23 -24 24 -26 26 -28 -29 -30 -31
leaf_value=-0.016553019546496388 -0.029308629266056121 0.031684536566620382 0.068594989923806124 0.068995714691257065 0.020714791200425221 -0.0098843577808479278 0.046735552156606679 -0.037234378254092287 -0.016055652988748385 0.005051751359918511 0.059815749019078712 0.030742245412936409 -0.0099901468478208206 0.077559068164417821 0.036690652769088568 -0.041977124562853803 0.059244293973606026 -0.025821832367799048 0.0080067682184356958 -0.028230464292769208 0.01693142281357975 -0.036443172462163741 0.073797233134231477 0.084108365384898964 0.021533179229082943 -0.023152731178734027 0.035255051826812253 0.02198853800351766 0.047333399452625775 0.021617677990029588
leaf_weight=10.201672345399855 98.48732627928257 3.2774052023887661 4.8715182244777671 6.7455739229917553 4.5586338192224494 15.191270932555197 6.1962503641843778 5.1161186695098877 17.281429529190067 4.8826251626014683 6.441491022706038 27.165678754448891 24.537446185946465 4.7305814176797876 3.1195173785090438 4.8892462626099569 2.9556715413928023 11.242776371538637 7.7035768479108802 19.792759872972965 4.092865593731406 23.59254264831543 10.925168499350546 8.6302101016044599 5.535453036427497 5.9851472079753858 4.6827184408903122 3.8742510974407196 5.2010386884212485 23.16867920011282
leaf_count=54 869 19 18 29 25 82 26 26 82 26 29 116 125 21 21 41 23 75 32 133 26 168 41 31 23 27 20 30 24 116
internal_value=-7.00648e-06 0.00998825 0.0127442 0.00347127 0.000699347 0.0212979 0.0312608 0.00875941 0.0245385 0.00424251 0.0304549 0.0161716 -0.00502587 0.040732 -0.0239752 -0.0256924 0.00469822 0.00329843 0.0425783 -0.0197188 -0.0215872 -0.0285526 0.0488893 0.0401883 0.0596561 0.0240698 0.00248569 -0.0136986 0.00948649 0.00536033
internal_weight=385.077 271.751 248.68 119.323 114.452 129.357 18.0579 11.3124 119.155 26.8946 92.2607 42.3569 96.394 9.61321 113.326 110.206 11.7192 64.1499 49.9038 23.0702 32.244 27.6854 42.2002 31.275 14.1657 17.1094 10.6679 8.7635 52.9072 47.7061
internal_count=2378 1394 1242 658 640 584 81 52 530 129 401 198 559 47 984 963 94 340 203 152 219 194 171 130 54 76 47 71 265 241
is_linear=0
shrinkage=0.05


Tree=42
num_leaves=31
num_cat=0
split_feature=140 161 145 143 145 79 148 143 68 96 141 15 77 54 130 154 140 140 146 130 147 74 64 31 148 142 129 161 162 162
split_gain=21.7151 5.91254 5.55778 5.33542 5.15046 4.64852 4.77408 4.15758 4.1249 3.87262 4.96027 4.43828 4.30212 3.56502 5.65041 5.40354 4.72093 6.64437 4.65476 4.62979 3.43905 3.38948 6.13934 3.12773 3.12103 3.07226 3.28584 3.06156 3.03588 5.64647
threshold=7.366666666666668 1.4142857142857144 69.583333333333357 4.6618968466139084 24.47727272727273 1.0000000180025095e-35 19.939486436889343 6.357406995882406 1.0000000180025095e-35 1.5000000000000002 11.500000000000002 5.5000000000000009 1.0000000180025095e-35 1.0000000180025095e-35 69.500000000000014 0.2678571428571429 5.2250000000000005 4.6833333333333345 39.500000000000007 52.500000000000007 1.0000000180025095e-35 1.0000000180025095e-35 1.0000000180025095e-35 1.0000000180025095e-35 3.7677669529663693 3.5000000000000004 1.0000000180025095e-35 1.2250000000000003 13380.952380952383 4267.857142857144
decision_type=2 2 2 8 2 2 10 10 2 2 2 2 2 2 2 2 2 2 2 2 2 2 2 2 8 2 2 2 8 8
left_child=2 3 5 4 -2 7 -7 9 -3 10 11 13 -12 14 20 16 17 -15 -18 -20 -1 22 -6 -8 -4 26 -26 -11 29 -22
right_child=1 8 24 -5 21 6 23 -9 -10 27 12 -13 -14 15 -16 -17 18 -19 19 -21 28 -23 -24 -25 25 -27 -28 -29 -30 -31
leaf_value=0.042810564457103489 0.060017219622829188 -0.0078571869438085595 -0.0045319717576156509 -0.031780571965523405 -0.0042628962344290972 -0.028119541247048626 0.037801322549752409 -0.02810834367299363 -0.034331235521257865 0.019252936085792705 0.087828821798804038 0.056800544698794087 0.012406094948957627 0.014810772694633781 0.064082972669304031 0.074598294490044001 -0.043035796971665909 0.074899344826912503 0.036301162241993964 -0.017273213924128658 0.0001456538377103137 -0.028422916073973403 0.065450749423580243 -0.019385132329062957 -0.0027277202195517616 0.063150374573261045 0.047838092886126192 -0.042556953242962589 -0.016687279281754751 0.06559684217893888
leaf_weight=4.4878059253096572 4.2232650369405773 21.029087550938129 4.9353607743978527 11.102108240127562 13.37839031964541 17.406258091330532 6.0554846674203855 6.8479018062353125 48.99055290967226 3.1085954010486585 4.0924246013164511 5.1966129690408698 3.5142444744706154 17.562214098870758 3.6400036364793769 4.187482312321662 5.1880375444889095 6.2334467917680731 8.6687283441424388 7.5402890294790259 44.721401013433933 7.268337443470954 4.1339643523097029 3.9511345475912094 6.0132255554199237 8.3906010687351209 6.8983340561389923 5.6349659860134125 24.344909526407719 3.5573173016309729
leaf_count=24 21 201 27 115 117 131 36 51 547 18 21 22 22 105 20 24 36 35 54 49 272 59 28 23 35 35 26 41 165 18
internal_value=0.000402459 -0.0176121 0.00975252 -0.00230413 0.00897883 0.00671271 -0.0122987 0.0100002 -0.0263803 0.0117207 0.0136967 0.0114884 0.0529839 0.00967896 0.00320737 0.0202619 0.0152272 0.0305514 -0.0018148 0.0113788 0.000333774 0.000280583 0.0121937 0.0152211 0.031295 0.0395955 0.0242884 -0.0205817 -0.0022911 0.00496829
internal_weight=322.302 110.126 212.177 40.1061 29.004 185.939 27.4129 158.526 70.0196 151.678 142.935 135.328 7.60667 130.132 80.7514 49.3802 45.1927 23.7957 21.3971 16.209 77.1114 24.7807 17.5124 10.0066 26.2375 21.3022 12.9116 8.74356 72.6236 48.2787
internal_count=2378 1088 1290 340 225 1167 190 977 748 926 867 824 43 802 499 303 279 140 139 103 479 204 145 59 123 96 61 59 455 290
is_linear=0
shrinkage=0.05


Tree=43
num_leaves=31
num_cat=0
split_feature=140 68 160 98 22 160 99 66 144 161 112 54 161 159 143 143 76 165 71 112 162 99 148 18 147 147 143 159 146 143
split_gain=95.7668 19.7797 13.772 11.1433 8.93724 8.42706 7.18839 6.70738 6.57273 7.27037 6.54747 7.64343 5.12718 4.82341 8.76796 5.64951 5.10602 4.72306 4.53043 4.51893 4.3609 4.25997 4.00309 3.94029 3.93211 3.80526 4.66787 6.06475 3.49543 3.4828
threshold=7.7750000000000012 1.0000000180025095e-35 0.22500000000000003 1.4166667000000002 1.0000000180025095e-35 0.18333333333333332 6.5000000000000009 1.0000000180025095e-35 19.500000000000004 2.2916666666666674 1.6333333000000003 1.0000000180025095e-35 1.0625000000000002 0.58571428571428574 1.8450981649110816 4.6169972286013694 1.0000000180025095e-35 0.61250000000000016 1.0000000180025095e-35 0.91666665500000011 14200.000000000002 1.5000000000000002 18.524757661850938 3.5000000000000004 59.500000000000007 28.500000000000004 4.161329433774676 0.81666666666666676 54.500000000000007 3.5237092451084924
decision_type=2 2 2 2 2 2 2 2 2 2 2 2 2 2 8 10 2 2 2 2 10 2 8 2 2 2 10 2 2 10
left_child=1 4 3 8 13 7 10 12 9 -3 11 -5 28 20 -15 16 21 -6 -10 -13 -1 23 -14 -16 25 26 27 -24 -2 -9
right_child=5 2 -4 6 17 -7 -8 29 18 -11 -12 19 22 14 15 -17 -18 -19 -20 -21 -22 -23 24 -25 -26 -27 -28 -29 -30 -31
leaf_value=-0.048635198162847365 0.013294002050725534 -0.019473317049164628 0.029725167381357727 -0.041967617653415563 -0.02752272286687828 0.0399316170450668 0.02202850688160439 -0.031644221370522849 -0.020169182658625329 0.01617637091514966 -0.059897785749132716 -0.020794899600003552 0.035368823415173022 0.011507276402080237 -0.062646303440543227 0.0031346435797709703 -0.069204888707213433 -0.0037170770742849437 0.020768194180528596 0.035099034842671538 -0.010869299842558284 -0.012420461550872767 -0.04666914666856025 -0.016219279200763506 -0.015073785516160301 0.041760058721942168 0.036470345393622199 0.01425983372667082 -0.031697319567641415 0.018069066597043323
leaf_weight=51.834588974714279 13.970077008008959 50.669108808040619 27.92323911190033 18.490540832281113 32.605132430791855 72.921976715326309 6.668791562318801 9.1772581189870817 8.0424516797065717 19.925758421421051 15.702211320400236 7.3917939960956556 62.771742045879364 14.042889490723608 12.958783417940142 9.3073252737522107 11.081334114074705 57.71989443898201 42.32760788500309 7.0795471370220184 8.9661535620689374 17.345072507858276 5.5397027283906963 7.0598865747451773 8.1238034069538099 16.917090132832527 12.863058343529699 15.544373631477354 6.2476600259542456 5.7183010578155509
leaf_count=160 53 164 102 57 102 334 22 33 26 69 49 23 277 46 40 29 34 186 150 23 28 55 21 22 31 76 57 65 22 22
internal_value=-0.000139558 -0.0141419 -0.0029005 -0.00806797 -0.0244402 0.0258879 -0.0266542 0.0193597 0.00043392 -0.00941101 -0.0333256 -0.0206672 0.0227085 -0.0327032 -0.0239274 -0.0325435 -0.0393981 -0.0123103 0.0142318 0.00654906 -0.0430659 -0.030558 0.0265803 -0.0462731 0.0172281 0.0223872 0.0127329 -0.00174886 -0.00060916 -0.0125596
internal_weight=656.937 427.142 204.221 176.298 222.921 229.795 55.3329 156.873 120.965 70.5949 48.6641 32.9619 141.978 132.596 71.7953 57.7524 48.4451 90.325 50.3701 14.4713 60.8007 37.3637 121.76 20.0187 58.988 50.8642 33.9471 21.0841 20.2177 14.8956
internal_count=2378 1387 685 583 702 991 174 657 409 233 152 103 602 414 226 180 151 288 176 46 188 117 527 62 250 219 143 86 75 55
is_linear=0
shrinkage=0.05


Tree=44
num_leaves=31
num_cat=0
split_feature=140 65 145 99 9 145 162 144 112 0 101 146 146 130 146 146 31 140 144 143 144 12 122 121 40 2 71 147 149 158
split_gain=22.2202 9.67997 7.27003 5.84295 5.4916 5.52465 6.20426 5.37642 6.30178 5.4145 4.9273 4.11322 7.18804 4.98509 5.82811 4.08428 4.92761 4.07279 3.97058 3.94808 4.11877 4.65516 4.43824 3.17486 3.17234 3.09009 3.08255 3.05557 3.02546 2.75172
threshold=6.5357142857142865 1.0000000180025095e-35 19.422222222222224 3.5000000000000004 1.5000000000000002 63.250000000000007 16125.000000000002 32.500000000000007 2.8333333500000006 91000.000000000015 5.3666668000000008 65.500000000000014 57.500000000000007 61.500000000000007 60.500000000000007 43.500000000000007 1.0000000180025095e-35 3.4642857142857149 9.5000000000000018 5.0398369274603256 11.500000000000002 2.5000000000000004 1.0000000180025095e-35 1.5000000000000002 1.0000000180025095e-35 4.5000000000000009 1.0000000180025095e-35 8.5000000000000018 61.500000000000007 0.45299145299145299
decision_type=2 2 2 2 2 2 10 2 2 8 2 2 2 2 2 2 2 2 2 8 2 2 2 2 2 2 2 2 2 2
left_child=1 2 3 24 5 6 10 8 9 11 18 12 15 14 26 16 -2 -6 -4 20 22 -22 -3 -15 -1 28 -14 -27 -12 -5
right_child=7 19 4 29 17 -7 -8 -9 -10 -11 25 -13 13 23 -16 -17 -18 -19 -20 -21 21 -23 -24 -25 -26 27 -28 -29 -30 -31
leaf_value=0.075734457660439361 -0.0065509889418887733 0.053477187385393359 0.038361581420211087 -0.026161512968827495 0.026789406846282705 -0.015463202138032912 -0.020764000700387218 -0.037774062862925763 0.072891553560338107 -0.039532313932470448 0.037885066598023411 -0.034177980132535042 0.092169760010382448 0.05530211096429255 0.16089427631358966 -0.030650791812322838 0.083744388416704119 -0.02765653143689345 0.095970990199721204 -0.031569892909186853 -0.018155293730471471 0.053833886459955863 -0.010605599696575664 -0.039401075967594623 0.02899837196723061 0.014654651638788966 -0.0079539133982272827 0.081081157546355823 -0.016982235576076737 0.033190110770674901
leaf_weight=12.065738938748842 6.0618571974337154 6.634617976844309 6.5819070935249346 3.1547538861632329 4.8959182277321842 7.7342443317174903 4.8996439799666396 28.920645758509636 2.1479315496981135 15.224632918834685 4.2744460776448268 8.5916898101568204 1.4828833565115911 1.5410415455698969 1.4838215932250021 11.250683616846798 2.0125712379813194 11.50927112624049 5.4820922464132309 11.267074957489966 19.500190436840061 2.5379033274948588 4.558161873370409 2.0787718221545219 5.1938791647553435 3.3719205260276786 1.59622797742486 3.5579149425029755 6.0952322408556938 5.126128301024437
leaf_count=49 98 46 43 27 32 78 50 484 18 246 30 126 14 16 18 181 25 130 26 142 212 20 42 35 26 23 28 22 57 34
internal_value=-0.00014018 0.0128605 0.0228544 0.0451052 0.0131237 0.0227062 0.0313222 -0.0204068 -0.0110136 -0.0145251 0.0400134 -0.00397851 0.00545387 0.0447327 0.0794925 -0.0111778 0.0159554 -0.0114078 0.0645403 -0.00599237 0.0026798 -0.00986503 0.02738 0.000916347 0.0616703 0.0229094 0.0402651 0.0487593 0.00563441 0.010579
internal_weight=210.834 128.441 83.9431 25.5405 58.4026 41.9974 34.2632 82.3928 53.4721 51.3242 29.3635 36.0995 27.5079 8.18275 4.56293 19.3251 8.07443 16.4052 12.064 44.4979 33.2309 22.0381 11.1928 3.61981 17.2596 17.2995 3.07911 6.92984 10.3697 8.28088
internal_count=2378 1089 627 136 491 329 251 1289 805 787 201 541 415 111 60 304 123 162 69 462 320 232 88 51 75 132 42 45 87 61
is_linear=0
shrinkage=0.05


Tree=45
num_leaves=31
num_cat=0
split_feature=140 162 71 165 159 149 148 130 143 143 163 145 98 150 147 162 55 6 150 156 140 2 130 122 130 122 100 18 13 149
split_gain=32.9881 8.1179 6.83306 7.57389 7.19855 5.6719 5.29513 7.16914 5.03441 7.24553 5.62873 5.74565 4.98979 4.4455 4.64575 4.37287 4.22503 4.15594 3.82309 3.74789 3.56798 3.78033 3.38823 3.20529 5.40756 3.20468 3.19317 3.42814 4.68357 4.57855
threshold=7.8166666666666673 32416.666666666668 1.0000000180025095e-35 0.29670329670329676 0.34848484848484851 49.500000000000007 16.782924895479422 71.500000000000014 4.0455716152953496 5.371201450763027 0.29285714285714287 52.625000000000007 0.55000001000000009 0.29166666666666669 59.500000000000007 4550.0000000000009 1.0000000180025095e-35 1.0000000180025095e-35 0.53571428571428581 0.21111111111111114 3.6333333333333337 3.5000000000000004 70.500000000000014 1.0000000180025095e-35 44.500000000000007 1.0000000180025095e-35 5.5000000000000009 4.5000000000000009 1.5000000000000002 135.50000000000003
decision_type=2 10 2 2 2 2 8 2 10 10 2 2 2 2 2 8 2 2 2 2 2 2 2 2 2 2 2 2 2 2
left_child=1 2 5 -4 6 -1 -5 -8 10 23 11 -7 20 14 -2 -11 22 -14 26 -3 -6 -22 -16 24 -10 -13 27 28 -12 -29
right_child=13 19 3 4 12 8 7 -9 9 15 18 25 17 -15 16 -17 -18 -19 -20 -21 21 -23 -24 -25 -26 -27 -28 29 -30 -31
leaf_value=-0.016186097052328922 -0.028608532196954601 0.02941787512175258 0.063336253478404395 0.063435707276172315 0.019397204016437394 -0.0098390882073757097 0.043346416687644995 -0.036678209044855623 -0.035873198091130133 0.0045711588945776798 0.055131580843474984 0.04325066669947264 0.0088801234145441856 0.035120663131205085 -0.041796284808500672 0.071174696619469222 0.055175339867543333 -0.025007908211675048 0.0071990095500402661 -0.027750297217356602 0.015764688372895665 -0.036048436244922093 0.021203012963597494 -0.040558337013577375 0.038667755372476846 0.0089316601462721499 0.068141561117714286 0.077333228281128319 0.0018179982518996063 0.019775753706643709
leaf_weight=10.111382558941839 94.47732924669981 3.3648518472909954 5.0236360877752295 7.0139341354370144 4.6367036998271969 15.159225240349768 6.3699647486209852 4.9920266717672348 4.6616633832454735 4.9167870208620998 6.6789632886648205 15.765706986188889 53.283962540328503 3.1739754974842063 4.6923427581787092 4.9408807903528222 3.070426143705844 10.897572107613085 7.7748844623565665 19.374464362859726 4.1606100574135807 22.87791957706213 3.914814293384552 7.4312251359224311 5.0893072485923767 11.964516147971153 11.289800480008124 8.9476958811283094 10.749683842062948 5.6286094784736624
leaf_count=54 869 19 18 29 25 82 26 26 23 26 29 64 265 21 41 21 23 75 32 133 26 168 30 36 23 52 41 31 47 23
internal_value=2.18914e-05 0.0093131 0.011911 0.00325004 0.000607617 0.0197889 0.0292747 0.00818664 0.0227952 0.00378354 0.0282665 0.0149125 -0.00488793 -0.0231877 -0.0249311 0.0379543 0.00482079 0.00312617 0.0394815 -0.0192908 -0.0211264 -0.0280756 -0.0131422 -0.0158207 0.00303183 0.0284433 0.0452788 0.0372139 0.0222487 0.0551075
internal_weight=382.435 273.106 250.367 119.256 114.233 131.11 18.3759 11.362 120.999 27.0399 93.9591 42.8894 95.8568 109.329 106.155 9.85767 11.6776 64.1815 51.0696 22.7393 31.6752 27.0385 8.60716 17.1822 9.75097 27.7302 43.2948 32.005 17.4286 14.5763
internal_count=2378 1394 1242 658 640 584 81 52 530 129 401 198 559 984 963 47 94 340 203 152 219 194 71 82 46 116 171 130 76 54
is_linear=0
shrinkage=0.05


Tree=46
num_leaves=31
num_cat=0
split_feature=140 12 147 148 143 149 143 44 112 145 99 128 24 55 150 126 154 146 146 35 0 163 129 142 19 65 156 145 67 19
split_gain=19.3037 5.79917 4.94574 4.92658 4.38567 5.87839 4.2968 6.51502 4.36652 12.2493 5.2069 7.34538 5.42863 7.05134 4.92638 4.34918 4.29029 4.58208 7.09913 5.18519 4.25733 5.63265 4.24163 4.13865 4.12511 3.83056 3.69841 4.9213 4.67179 3.26402
threshold=7.366666666666668 2.5000000000000004 63.500000000000007 3.7677669529663693 6.357406995882406 47.500000000000007 4.5862097778857214 1.0000000180025095e-35 1.4500000000000002 26.291666666666668 5.5000000000000009 1.0000000180025095e-35 1.0000000180025095e-35 1.0000000180025095e-35 0.13392857142857142 1.0000000180025095e-35 0.22500000000000003 47.500000000000007 51.500000000000007 1.0000000180025095e-35 21500.000000000004 0.43650793650793651 1.0000000180025095e-35 3.5000000000000004 8.5000000000000018 1.0000000180025095e-35 0.58571428571428574 27.535714285714288 1.0000000180025095e-35 9.5000000000000018
decision_type=2 2 2 8 8 2 10 2 2 2 2 2 2 2 2 2 2 2 2 2 10 2 2 2 2 2 2 2 2 2
left_child=2 25 4 -4 5 -1 8 -8 9 14 12 -12 -11 -14 -7 29 17 19 -19 -10 21 24 23 -5 -3 -2 27 -20 -29 -9
right_child=1 20 3 22 -6 6 7 15 16 10 11 -13 13 -15 -16 -17 -18 18 26 -21 -22 -23 -24 -25 -26 -27 -28 28 -30 -31
leaf_value=-0.042360748532507264 -0.0056913030522911662 0.032561644324603289 -0.011471394586446877 -0.014443055802674996 -0.015733805499687614 0.093624716836568575 -0.033006600154065334 0.039048888118111497 -0.016200805686874646 -0.020942749755853772 -0.0091078540698176259 0.068289991757016041 0.072898618164625825 -0.01976258648687931 0.020987656547839538 0.078008422633730853 -0.03707352878224339 0.061077354225967544 -0.024679467417250425 0.040648051987114762 -0.030483440759892608 0.085362292637555043 0.065732517513147543 0.043213649614934353 -0.040932710404114829 -0.028262440034597533 -0.024760265254216873 0.0088837079759210968 0.075164348498400146 0.0014450995973265528
leaf_weight=5.4134142920374861 26.495037205517292 5.2719227671623212 6.0365191176533726 5.0108824968338022 20.327425390481949 6.3821233883500081 4.0846493393182746 16.707009404897697 32.372892260551453 19.584610633552074 5.7148016914725304 6.6124279871582967 4.1888148263096827 4.0268830358982086 3.6803698986768723 4.7843618020415297 7.5479695722460738 7.0364173129200962 4.7877980023622539 4.578343652188777 4.4156686365604392 3.0589678436517707 9.0918822586536407 8.2150820940732938 2.9933351799845695 64.69888436794281 7.6363683864474288 6.4842950999736768 4.5060988217592239 8.8157430216670019
leaf_count=41 245 38 35 29 149 33 24 101 206 127 37 39 22 25 20 24 49 39 28 24 40 18 33 37 31 716 48 40 23 57
internal_value=0.00047495 -0.0168673 0.00915584 0.0286029 0.00617965 0.0088802 0.010619 0.0262717 0.00631719 0.0177306 0.00536127 0.032409 -0.00663224 0.0274812 0.0670576 0.0342609 -0.00132577 0.00267741 0.0170382 -0.0091571 0.0111597 0.0273977 0.0394421 0.0213694 0.00594502 -0.0217047 0.00380378 0.0176283 0.036059 0.0260603
internal_weight=320.561 106.934 213.627 28.3544 185.273 164.945 159.532 34.3918 125.14 50.19 40.1275 12.3272 27.8003 8.2157 10.0625 30.3071 74.9502 67.4022 30.451 36.9512 15.7399 11.3242 22.3178 13.226 8.26526 91.1939 23.4146 15.7782 10.9904 25.5228
internal_count=2378 1088 1290 134 1156 1007 966 206 760 303 250 76 174 47 53 182 457 408 178 230 127 87 99 66 69 961 139 91 63 158
is_linear=0
shrinkage=0.05


Tree=47
num_leaves=31
num_cat=0
split_feature=140 22 98 144 160 140 159 148 165 71 0 156 143 146 162 148 71 158 54 99 149 147 147 143 143 156 149 121 149 0
split_gain=85.4361 17.846 13.0624 9.23893 8.22811 8.15455 7.98838 7.90985 6.92643 6.47525 6.27487 6.92711 4.26141 7.42143 4.23869 3.9511 3.90764 4.79521 4.20891 4.30491 3.86076 3.67675 8.50844 5.62462 4.20174 3.63644 3.62819 3.52004 3.47637 3.31914
threshold=7.7750000000000012 1.0000000180025095e-35 1.1000000000000003 20.500000000000004 0.18333333333333332 5.2250000000000005 0.63333333333333341 22.419955543609131 0.35416666666666669 1.0000000180025095e-35 175500.00000000003 0.2678571428571429 3.5237092451084924 53.500000000000007 32416.666666666668 19.802146096780849 1.0000000180025095e-35 0.57738095238095244 1.0000000180025095e-35 9.5000000000000018 92.500000000000014 22.500000000000004 47.500000000000007 4.7010516777896649 2.3273044783351096 0.84523809523809534 133.50000000000003 2.5000000000000004 71.500000000000014 82264.500000000015
decision_type=2 2 2 2 2 2 2 10 2 2 10 2 10 2 10 10 2 2 2 2 2 2 2 10 8 2 2 2 2 8
left_child=1 2 3 6 10 14 -1 8 -7 26 11 12 13 -2 20 29 17 18 19 -13 28 23 -23 24 -8 -4 -5 -9 -3 -10
right_child=4 5 25 9 -6 7 21 27 15 -11 -12 16 -14 -15 -16 -17 -18 -19 -20 -21 -22 22 -24 -25 -26 -27 -28 -29 -30 -31
leaf_value=-0.040254675998500605 0.015107989154011722 -0.01468522392897389 -0.044495973850371975 0.010843827224330051 0.039020502751445169 -0.037333773094322127 -0.00032865942007456153 -0.041469404358867638 0.0052113086785525661 0.025229817287477731 0.047980813177781086 0.017588979539828475 0.020104993172300842 -0.046313631104709783 0.016538402655889132 0.044655537990496624 0.027000433194987062 -0.033196766097555105 0.040335164543678186 -0.039660120969842033 -0.0089701229753054532 0.029802452004209404 -0.022486259631149721 0.008629755567249325 -0.048083352021060254 -0.0075216349862808583 -0.027746317680558803 -0.00092808486946574043 -0.048509396090644509 0.027511420930144515
leaf_weight=40.729317754507065 8.6897577047348076 14.545736700296404 64.230933576822281 9.9954723268747347 70.106253489851952 6.6559680551290503 6.13640929758549 10.957616999745371 56.710035443305969 20.138300850987434 15.994537547230719 9.9747085273265856 10.159752935171126 11.33038818836212 9.6164977550506574 10.307052001357077 75.721064925193787 6.2442006468772879 10.292224019765854 4.8952786624431619 42.038694083690643 13.736898705363275 17.940540865063667 9.7923485487699491 18.470637157559395 7.4178971052169791 15.59194555878639 10.470133394002913 15.900444984436033 23.642358139157295
leaf_count=126 37 46 201 32 334 21 20 35 194 71 72 40 43 42 33 38 338 23 43 19 132 47 58 32 58 23 49 36 49 86
internal_value=-0.00020213 -0.0133604 -0.023058 -0.0147861 0.024831 -0.00253609 -0.0228377 0.00584135 0.0118968 0.00402084 0.0183421 0.0148896 -0.00626924 -0.0196535 -0.0146524 0.0155112 0.0208504 0.00602262 0.0157552 -0.00125773 -0.0187904 -0.012102 0.000188702 -0.0234202 -0.0361745 -0.040668 -0.0126715 -0.0216599 -0.0323498 0.0117727
internal_weight=648.433 425.025 224.181 152.532 223.408 200.845 106.806 118.743 97.3154 45.7257 153.302 137.307 30.1799 20.0201 82.1014 90.6594 107.127 31.4064 25.1622 14.87 72.4849 66.0768 31.6774 34.3994 24.607 71.6488 25.5874 21.4278 30.4462 80.3524
internal_count=2378 1387 717 493 991 670 341 410 339 152 657 585 122 79 260 318 463 125 102 59 227 215 105 110 78 224 81 71 95 280
is_linear=0
shrinkage=0.05


Tree=48
num_leaves=31
num_cat=0
split_feature=140 65 145 79 144 112 0 9 101 5 145 143 19 146 146 143 130 143 146 54 77 162 159 24 9 146 146 146 145 10
split_gain=20.0287 8.70406 6.27719 5.4981 5.31024 5.58197 5.27037 4.43708 4.35353 5.53485 4.88456 4.18196 4.20664 3.96153 6.37993 4.22801 5.15114 8.95067 3.91091 4.41882 7.72598 3.81878 3.95785 3.8039 4.97771 3.92969 3.3795 4.28291 5.42423 5.43598
threshold=6.5357142857142865 1.0000000180025095e-35 63.250000000000007 1.0000000180025095e-35 32.500000000000007 2.8333333500000006 91000.000000000015 2.5000000000000004 3.4166666500000002 1.0000000180025095e-35 49.875000000000007 3.0523202998496379 6.5000000000000009 65.500000000000014 57.500000000000007 4.5780249698132947 61.500000000000007 3.0055453054181624 43.500000000000007 1.0000000180025095e-35 1.0000000180025095e-35 18291.666666666668 0.2678571428571429 1.0000000180025095e-35 1.0000000180025095e-35 63.500000000000007 66.500000000000014 58.500000000000007 22.81666666666667 1.5000000000000002
decision_type=2 2 2 2 2 2 8 2 2 2 2 10 2 2 2 10 2 8 2 2 2 8 2 2 2 2 2 2 2 2
left_child=1 2 3 7 5 6 13 8 10 -10 -1 -5 -13 14 18 16 17 -16 19 -2 -21 22 -11 -3 -25 -26 27 28 29 -24
right_child=4 23 -4 11 -6 -7 -8 -9 9 21 -12 12 -14 -15 15 -17 -18 -19 -20 20 -22 -23 26 24 25 -27 -28 -29 -30 -31
leaf_value=0.080995765884315687 -0.017533738538534151 -0.016250445786959628 -0.018560343606168223 0.077262607753171703 -0.03759117916000395 0.066262229501998171 -0.03942524286370893 -0.031094453367970537 0.066402208786170133 0.071057480287563479 0.003562368248583297 -0.010388295111122122 0.054194350100208323 -0.033905621907631203 0.026393295109497741 -0.039509965907789941 0.0081126522266664024 0.17580701602823023 -0.030231513513045063 0.11212910025020761 -0.039430418761036028 -0.012423356253779478 0.080351458189563713 0.073425059306458429 -0.017933918168356554 0.045927411596887742 -0.042720535287210579 0.070236474773942001 -0.022736256665062828 0.0044907679480487191
leaf_weight=5.8519069105386716 4.4769845269620472 29.644375845789909 8.8183358795940858 7.8955004960298565 27.523666482418776 2.2677367813885203 14.439626529812811 4.1997763253748408 4.8338926136493674 3.3894997313618687 3.1237637028098106 4.1105505004525167 6.5220210924744606 8.2905147261917573 2.2120845019817335 1.3483004830777643 3.0593454129993916 1.8328295052051542 10.833283118903635 2.3002472817897797 1.3253568150103094 13.054387524724005 3.8376104086637586 2.910108506679534 8.3930516056716424 3.3786399140954009 2.4185671880841246 3.4931998997926703 7.4405502676963797 6.1393221467733383
leaf_count=32 66 324 90 46 484 18 246 45 29 19 21 23 28 126 28 22 42 19 181 35 22 117 19 20 87 31 20 25 66 47
internal_value=-0.000125561 0.0120247 0.0213801 0.0259956 -0.0198091 -0.0104664 -0.0139382 0.0183958 0.0222748 0.0158817 0.054047 0.0496966 0.0292267 -0.00362337 0.00554311 0.0416627 0.0570683 0.0940956 -0.0105799 0.0156946 0.0567258 0.00974163 0.0205711 -0.00594248 0.0148706 0.000395176 0.013236 0.019708 0.00957415 0.0336705
internal_weight=209.365 129.455 85.1289 76.3105 79.91 52.3863 50.1186 57.7825 53.5827 44.607 8.97567 18.5281 10.6326 35.6789 27.3884 8.45256 7.10426 4.04491 18.9359 8.10259 3.6256 39.7731 26.7187 44.3262 14.6818 11.7717 23.3292 20.9107 17.4175 9.97693
internal_count=2378 1089 627 537 1289 805 787 440 395 342 53 97 51 541 415 111 89 47 304 123 57 313 196 462 138 118 177 157 132 66
is_linear=0
shrinkage=0.05


Tree=49
num_leaves=31
num_cat=0
split_feature=140 162 69 150 98 77 149 149 148 101 148 148 111 101 150 147 55 159 159 140 143 156 140 148 112 105 145 130 148 140
split_gain=29.4806 7.29328 6.14725 7.42511 6.57067 5.35923 5.91605 7.03937 5.95353 5.73476 5.2484 8.05589 5.05193 4.9427 4.24223 4.42324 3.78216 3.58847 5.71088 4.32218 3.6464 3.52192 3.50435 4.62436 3.46486 3.3972 3.32425 3.20726 3.12215 2.81261
threshold=7.8166666666666673 32416.666666666668 1.0000000180025095e-35 0.18333333333333332 1.4166667000000002 1.0000000180025095e-35 53.500000000000007 83.500000000000014 17.683560123296441 5.3666668000000008 16.648322486411153 14.147184583897195 1.5000000000000002 4.7083332500000008 0.29166666666666669 59.500000000000007 1.0000000180025095e-35 0.58571428571428574 0.30952380952380959 4.2678571428571432 5.3167522344674181 0.21111111111111114 5.5857142857142863 28.03270621135329 1.9166667000000002 1.0000000180025095e-35 69.583333333333357 70.500000000000014 13.100572410054037 6.0714285714285721
decision_type=2 10 2 2 2 2 2 2 10 2 8 10 2 2 2 2 2 2 2 2 8 2 2 8 2 2 2 2 10 2
left_child=1 2 3 4 5 6 -1 8 9 -8 11 13 -7 -6 15 -2 27 18 -4 -19 29 -3 23 -12 -15 -14 -25 -17 -11 -21
right_child=14 21 17 -5 10 12 7 -9 -10 28 22 -13 25 24 -16 16 -18 19 -20 20 -22 -23 -24 26 -26 -27 -28 -29 -30 -31
leaf_value=-0.029762239656008854 -0.027908847360804602 0.02794574940185417 0.0052670841990865302 0.028282775330056062 0.044709844612346408 0.04155874883173518 0.067910068969231033 -0.0019001325672209333 0.086145992845900271 0.024654023217996229 -0.016926952107064571 0.070570127228117924 -0.027927197028707759 -0.027438879058129001 0.034220569299447695 -0.041626477466779388 0.051218835091883103 -0.027419308527339231 0.057952881625960864 0.029533214001767782 0.05874843668694392 -0.027179025577199659 -0.023893591837489434 0.062699558828608323 0.028270379195304087 0.012621698331252816 0.0099474528980707019 0.020038996087588509 -0.026612263330802952 -0.023458419243559403
leaf_weight=10.411307372152804 90.705375529825687 3.4228754490613964 7.5334278345108059 35.551722846925259 7.8523717224597993 3.3783880621194831 4.6398459672927919 37.348401643335819 4.3758105784654608 6.8826272115111333 7.6187683641910615 9.2072782814502698 35.47352822124958 7.3961990997195226 3.2066419124603263 4.4903263598680478 3.1892221793532363 5.0557887107133892 16.212819173932076 6.2567239850759471 5.4632964581251153 18.878331951797009 9.0819762647151929 5.2595187723636609 4.4826831817626953 6.0457155629992476 6.910143107175827 3.9753179326653481 5.2239149287343025 4.1747988313436508
leaf_count=65 869 19 28 150 32 17 20 206 19 35 33 36 217 37 21 41 23 25 58 27 23 133 52 22 20 37 33 30 29 21
internal_value=4.19457e-05 0.00868753 0.0111144 0.00748567 0.00317668 -0.00379755 0.00496334 0.0111466 0.0342159 0.0206466 0.0169034 0.0319512 -0.0172385 0.0139303 -0.0224091 -0.0241831 0.00481285 0.0279313 0.0412385 0.0128484 0.0256566 -0.0187183 0.00182 0.0136214 -0.00641611 -0.0220228 0.032746 -0.0126695 0.00253287 0.00832544
internal_weight=379.705 274.138 251.837 207.14 171.588 113.78 68.8819 58.4706 21.1222 16.7464 57.8089 28.9385 44.8976 19.7313 105.567 102.36 11.6549 44.6969 23.7462 20.9506 15.8948 22.3012 28.8704 19.7884 11.8789 41.5192 12.1697 8.46564 12.1065 10.4315
internal_count=2378 1394 1242 1060 910 645 374 309 103 84 265 125 271 89 984 963 94 182 86 96 71 152 140 88 57 254 55 71 64 48
is_linear=0
shrinkage=0.05


Tree=50
num_leaves=31
num_cat=0
split_feature=141 98 9 149 112 99 145 153 160 94 15 0 144 140 122 68 140 64 115 158 154 146 142 143 161 145 65 145 100 145
split_gain=17.7607 9.52312 9.35907 7.04204 5.1713 5.22947 5.699 4.8538 4.5418 4.73342 7.37157 4.3154 4.09127 4.14587 4.6494 3.71792 3.50177 4.93038 3.47364 3.83745 4.78306 3.22231 8.76934 7.10802 3.57717 3.19481 3.18136 5.68777 8.01008 2.99064
threshold=13.500000000000002 1.0000000180025095e-35 3.5000000000000004 45.500000000000007 1.4500000000000002 9.5000000000000018 23.450000000000003 1.0000000180025095e-35 0.22500000000000003 3.5000000000000004 5.5000000000000009 87000.000000000015 33.500000000000007 7.2250000000000005 1.0000000180025095e-35 1.0000000180025095e-35 6.5357142857142865 1.0000000180025095e-35 1.0000000180025095e-35 0.64583333333333337 0.2678571428571429 68.500000000000014 1.0000000180025095e-35 1.7199379676144055 2.4166666666666674 39.583333333333336 1.0000000180025095e-35 34.583333333333336 5.5000000000000009 46.732142857142868
decision_type=2 2 2 2 2 2 2 2 2 2 2 10 2 2 2 2 2 2 2 2 2 2 2 10 2 2 2 2 2 2
left_child=1 15 26 -3 5 6 -5 8 9 10 -6 12 13 16 -15 18 17 21 19 20 -1 22 -8 24 -23 -24 27 28 -2 -21
right_child=2 3 -4 4 7 -7 11 -9 -10 -11 -12 -13 -14 14 -16 -17 -18 -19 -20 29 -22 23 25 -25 -26 -27 -28 -29 -30 -31
leaf_value=-0.017591608455906346 0.082105951206096289 -0.041994304099395224 0.082293895522972754 0.058492808003693386 0.013487742911323587 -0.024930986768190583 0.10397885647990267 -0.01910396450385932 -0.025534465274379983 -0.021651401027224501 0.085604299778385962 -0.023827264213022885 0.072280638997916938 0.028467812319214438 -0.041466726825097493 -0.028367586583385809 0.062285510217064716 -0.00011495029707567957 -0.041668724623223921 0.076546584066301451 0.057962130643685467 0.077075100281228118 -0.016357961538046664 -0.015611597511151796 0.025031506383713459 0.050361468593846138 -0.03474019483017507 -0.040682795513549086 -0.041132403609461292 0.0092957868926630324
leaf_weight=14.093094915151605 3.2150889933109266 6.1597127988934508 1.9669416397809971 10.423738479614256 70.873939983546734 5.8823147267103186 4.9085436165332776 17.736032620072365 8.4185673072934133 8.8143183961510641 3.7299695163965216 5.4356282949447623 3.884254276752471 4.2260846942663175 5.4304788187146187 22.899173699319363 5.5455606505274764 18.874229311943054 4.441057324409484 2.9149513021111479 2.4604753628373137 4.7746655642986324 3.5613485276699066 8.5989566072821599 10.703179910778998 3.6160293892025948 43.740409985184669 5.4462050050497055 2.2351568564772606 3.818964384496212
leaf_count=112 29 50 15 56 428 52 23 112 60 56 17 45 29 33 50 219 31 99 39 21 18 23 22 51 49 19 512 59 22 27
internal_value=0.000539388 0.00602223 -0.0248607 0.010683 0.0122625 0.0207436 0.0237294 0.00484241 0.00946707 0.0129994 0.0170934 0.0191747 0.0223281 0.0195657 -0.0108607 -0.0134575 0.0244156 0.0205998 -0.00114428 0.00658397 -0.00636152 0.0314113 0.0524773 0.0208367 0.0410861 0.0172559 -0.0287183 -0.00454518 0.0315657 0.0384071
internal_weight=318.829 262.225 56.6038 211.598 205.438 95.865 89.9827 109.573 91.8368 83.4182 74.6039 79.559 74.1233 70.2391 9.65656 50.6277 60.5825 55.037 27.7285 23.2875 16.5536 36.1627 12.0859 24.0768 15.4778 7.17738 54.6369 10.8965 5.45025 6.73392
internal_count=2378 1741 637 1305 1255 582 530 673 561 501 445 474 429 400 83 436 317 286 217 178 130 187 64 123 72 41 622 110 51 48
is_linear=0
shrinkage=0.05


Tree=51
num_leaves=31
num_cat=0
split_feature=140 40 159 6 160 98 0 156 145 148 98 22 119 143 18 35 154 143 146 122 148 71 130 165 19 145 162 99 149 22
split_gain=76.1359 16.3361 14.5667 8.85901 8.0412 7.81625 6.09356 6.47783 5.57782 5.53929 4.75065 4.64702 4.44029 4.20107 4.17205 4.11121 4.01537 3.93361 6.67532 3.8709 4.75669 3.68087 4.63645 6.49962 3.61314 3.46946 4.12874 4.01324 3.32352 3.15758
threshold=7.7750000000000012 1.0000000180025095e-35 0.48076923076923078 1.0000000180025095e-35 0.18333333333333332 0.26785715000000004 175500.00000000003 0.2678571428571429 42.63333333333334 24.052024695687276 0.69047621000000003 1.0000000180025095e-35 1.0000000180025095e-35 6.0083217912982656 4.5000000000000009 1.0000000180025095e-35 0.2678571428571429 3.5237092451084924 53.500000000000007 1.0000000180025095e-35 9.6059876278648186 1.0000000180025095e-35 52.500000000000007 0.93750000000000011 8.5000000000000018 20.354166666666668 16275.000000000002 6.5000000000000009 162.50000000000003 1.0000000180025095e-35
decision_type=2 2 2 2 2 2 10 2 2 10 2 2 2 8 2 2 2 10 2 2 10 2 2 2 2 2 10 2 2 2
left_child=1 5 13 9 6 8 7 17 -1 10 16 -12 24 -3 19 25 -4 18 -2 20 -13 22 -9 -24 -5 -7 27 28 -27 -10
right_child=4 2 3 12 -6 15 -8 21 29 -11 11 14 -14 -15 -16 -17 -18 -19 -20 -21 -22 -23 23 -25 -26 26 -28 -29 -30 -31
leaf_value=0.022230479276657979 0.014194631402804515 -0.036057301789599788 0.015763564016287323 -0.009052358161261511 0.038148323610020927 -0.037745128492934134 0.047245840932288743 0.024980711603528771 -0.031093639452897028 -0.027343762911426622 -0.025785136543248502 -0.043775711627285691 0.04592811981858097 0.0015649336335322441 -0.030957325243900737 -0.050937264895513659 -0.022503196051196314 0.019140911451769441 -0.044191265152964489 0.02185692239830344 0.013528718443846384 0.025916337421175911 -0.06027951072615445 0.0084755611691112662 0.034356881779749798 -0.03216688007323891 0.010819450086194674 0.010809613363510393 -0.0050231592434548935 0.0066073415745428231
leaf_weight=13.752157375216482 8.5303993672132545 37.65065586566925 54.952755182981491 11.085045769810678 67.378955960273743 40.585943132638931 15.307818651199339 15.311288937926294 15.570217549800873 19.770385071635246 24.000561475753784 6.3729148507118216 14.946320757269858 9.2414008080959302 8.1310760676860792 18.087634712457657 7.8322857320308676 9.9593109190464002 11.488734439015387 22.094152078032494 8.3873512297868711 73.591239124536514 5.069495573639867 10.676135167479515 8.4459156692028028 62.352596193552017 9.6025592982768995 7.6163646578788748 13.767083078622816 8.6331780999898911
leaf_count=48 37 117 195 39 334 128 72 63 50 63 75 20 57 30 26 57 26 43 42 74 28 338 18 44 33 195 31 24 43 28
internal_value=-0.000252442 -0.0126132 -0.00373792 0.00254015 0.0238008 -0.0234948 0.0173532 0.0139543 -0.00319783 -0.00266442 0.00103837 -0.00801862 0.0254163 -0.0286428 0.00146014 -0.0285627 0.0109899 -0.00653755 -0.0193123 0.0086123 -0.0112131 0.0198245 0.00538967 -0.013661 0.00971942 -0.0255408 -0.0202341 -0.0237952 -0.0272576 -0.017646
internal_weight=640.192 422.879 232.911 186.019 217.313 189.968 149.934 134.627 37.9556 151.541 131.771 68.9861 34.4773 46.8921 44.9855 152.012 62.785 29.9784 20.0191 36.8544 14.7603 104.648 31.0569 15.7456 19.531 133.925 93.3386 83.736 76.1197 24.2034
internal_count=2378 1387 783 636 991 604 657 585 126 507 444 223 129 147 148 478 221 122 79 122 48 463 125 62 72 421 293 262 238 78
is_linear=0
shrinkage=0.05


Tree=52
num_leaves=31
num_cat=0
split_feature=140 65 145 9 76 5 162 145 125 72 148 70 144 140 0 30 64 143 143 159 145 140 156 101 143 147 122 150 66 112
split_gain=18.1257 7.27495 5.6559 5.77467 4.667 4.66476 4.65725 5.46828 4.64573 6.77224 4.48027 4.57577 4.18788 4.11995 4.11067 5.04364 4.78427 5.24861 3.72729 3.83052 4.19319 4.07957 3.87117 3.6884 3.63017 3.32993 3.57338 3.23482 3.01456 3.14179
threshold=6.4142857142857155 1.0000000180025095e-35 19.422222222222224 1.5000000000000002 1.0000000180025095e-35 1.0000000180025095e-35 16125.000000000002 63.250000000000007 1.0000000180025095e-35 1.0000000180025095e-35 15.042979595661382 1.0000000180025095e-35 32.500000000000007 3.4642857142857149 91000.000000000015 1.0000000180025095e-35 1.0000000180025095e-35 4.5780249698132947 5.0398369274603256 0.69047619047619058 24.071428571428573 3.6333333333333337 0.44155844155844154 5.3666668000000008 3.0523202998496379 34.500000000000007 1.0000000180025095e-35 0.37980769230769235 1.0000000180025095e-35 1.9166667000000002
decision_type=2 2 2 2 2 2 10 2 2 2 8 2 2 2 8 2 2 10 8 2 2 2 2 2 10 2 2 2 2 2
left_child=1 2 4 6 24 -2 7 8 9 10 -4 -12 14 -5 15 16 17 -7 19 20 21 -3 -23 -13 -1 -22 -27 -21 29 -17
right_child=5 18 3 13 -6 12 -8 -9 -10 -11 11 23 -14 -15 -16 28 -18 -19 -20 27 25 22 -24 -25 -26 26 -28 -29 -30 -31
leaf_value=0.097244992369223404 0.043789394124328085 0.083792773689602348 -0.029426767754276065 0.022820015443128908 0.010259930399611357 0.09978411744686809 -0.022468939380407095 -0.012450220109862468 0.080499266827276469 0.097499646704056531 0.0026439394271268062 0.090481257900258405 -0.037396758225440939 -0.03152462948680778 -0.035891828564622121 -0.02479009547985412 -0.0090021308972595675 -0.010027915114544372 -0.030939531194456582 -0.030720533762033677 -0.032218100297528189 0.051592941527771032 -0.025141783936668428 0.025548372736889671 0.04221896559568996 0.061349414135321835 -0.021022728774529688 0.043118886291381518 0.037242806837369226 0.044354613558803505
leaf_weight=3.8346374332904842 2.8766674846410742 3.411216966807844 4.0501583740115263 5.1232915893197086 9.1916143447160739 3.1807853169739229 5.3451902046799651 6.9322413578629485 5.0616140216588965 3.0553952381014815 8.4493709206581116 3.8973454907536507 26.018498085439205 10.923204142600296 13.990964021533726 23.630795139819391 4.6031685955822468 1.6539513766765592 10.551894769072531 9.9354481659829599 5.6192790120840055 3.5927319154143333 3.0295861214399338 4.983473613858223 13.726373031735418 2.8316164165735245 2.4608145877718925 1.7435344904661167 2.5306550189852706 1.7656050957739342
leaf_count=14 31 18 36 32 63 37 55 71 29 15 58 18 481 125 245 396 54 22 137 118 61 24 29 35 59 19 26 16 31 23
internal_value=-0.00010714 0.0115914 0.0201166 0.0113215 0.0391258 -0.0187297 0.0211147 0.0275095 0.0369006 0.0278695 0.0179189 0.0289839 -0.0210541 -0.0141736 -0.0127744 -0.00411831 0.0274815 0.0622177 -0.00510804 0.00324683 0.0160403 0.0393705 0.0164882 0.0540442 0.0542345 -0.00541231 0.0230489 -0.0196972 -0.0147974 -0.019983
internal_weight=208.001 127.75 84.5739 57.8213 26.7526 80.2511 41.7748 36.4296 29.4974 24.4357 21.3803 17.3302 77.3744 16.0465 51.3559 37.365 9.43791 4.83474 43.1761 32.6242 20.9452 10.0335 6.62232 8.88082 17.561 10.9117 5.29243 11.679 27.9271 25.3964
internal_count=2378 1058 610 474 136 1320 317 262 191 162 147 111 1289 157 808 563 113 59 448 311 177 71 53 53 73 106 45 134 450 419
is_linear=0
shrinkage=0.05


Tree=53
num_leaves=31
num_cat=0
split_feature=140 162 71 165 159 149 148 130 98 22 162 149 150 147 130 96 7 156 140 2 148 143 143 94 0 8 122 159 54 145
split_gain=26.3371 6.60875 5.62007 6.49966 6.07863 4.73775 4.39494 6.37137 4.39136 4.3542 5.1917 5.55543 4.01926 4.19604 3.74428 3.59495 3.51772 3.28717 3.27034 3.51639 3.21352 3.28984 5.74908 4.96765 6.33812 3.71564 3.31465 5.34414 2.98454 4.83011
threshold=7.8166666666666673 32416.666666666668 1.0000000180025095e-35 0.29670329670329676 0.34848484848484851 49.500000000000007 16.782924895479422 71.500000000000014 0.55000001000000009 1.0000000180025095e-35 15500.000000000002 91.500000000000014 0.29166666666666669 59.500000000000007 68.500000000000014 1.5000000000000002 1.0000000180025095e-35 0.21111111111111114 3.6333333333333337 3.5000000000000004 11.25387942253599 4.4365898847255609 5.1921399473988803 2.5000000000000004 15500.000000000002 1.0000000180025095e-35 1.0000000180025095e-35 0.69047619047619058 1.0000000180025095e-35 69.583333333333357
decision_type=2 10 2 2 2 2 8 2 2 2 10 2 2 2 2 2 2 2 2 2 8 10 10 2 10 2 2 2 2 2
left_child=1 2 5 -4 6 -1 -5 -8 18 20 11 -11 13 -2 -13 28 -10 -3 -6 -20 -7 23 -23 24 25 26 -22 -28 -15 -30
right_child=12 17 3 4 8 9 7 -9 16 10 -12 14 -14 15 -16 -17 -18 -19 19 -21 21 22 -24 -25 -26 -27 27 -29 29 -31
leaf_value=-0.0157128703392183 -0.027203494947945724 0.026261357830577953 0.057222205036999499 0.056075443852754196 0.017638512097742944 0.003507517189047907 0.038740260536778197 -0.03647924937740591 0.0074688747665937975 0.025690674931917151 0.055515207391367144 -0.028225845282835019 0.033115660840607505 0.064022352077388919 0.021496410510878625 -0.041359295060913022 -0.024151066476570407 -0.026650442619279565 0.014182191348703339 -0.035542993839765613 0.054249570749979659 -0.029614291097573183 0.040240393768371963 0.059463015371649011 -0.019042086141198976 0.0025357811259441644 0.051292962250198776 -0.018037158901282473 -0.041298133020688597 0.050612450204303584
leaf_weight=9.9695213958621007 87.114048600196838 3.4912834167480495 5.1948417425155631 7.3802247196435955 4.7409640401601818 13.012296117842196 6.5975601226091367 4.9105967581272125 54.138321712613106 12.409592203795908 4.657053515315055 16.057116553187374 3.245115637779235 2.7825588881969434 4.9544881731271735 3.0996028110384932 10.502173021435736 18.433420695364475 4.2424014881253269 21.954271867871284 19.917687803506851 5.7243090867996198 6.067353181540966 15.644889771938322 6.4687251150608054 7.3775032907724372 6.2163921892642993 5.0275073051452637 3.1096234619617462 2.6455531492829323
leaf_count=54 869 19 18 29 25 57 26 26 265 56 20 81 21 18 22 28 75 133 26 168 79 28 27 53 29 30 24 24 30 18
internal_value=6.37265e-05 0.00810987 0.0103905 0.00252169 3.92159e-05 0.0174434 0.0259581 0.00664366 -0.00508293 0.0201192 0.00605664 -0.000835134 -0.0216372 -0.0234364 -0.0165015 0.00476268 0.00233157 -0.0182248 -0.0205746 -0.0274903 0.0263853 0.0304945 0.00632916 0.0351925 0.026756 0.0344432 0.0419973 0.0202932 0.0215071 0.000951541
internal_weight=377.087 275.09 253.166 119.661 114.467 133.504 18.8884 11.5082 95.5781 123.535 38.0783 33.4212 101.997 98.7514 21.0116 11.6373 64.6405 21.9247 30.9376 26.1967 85.4567 72.4444 11.7917 60.6527 45.0078 38.5391 31.1616 11.2439 8.53774 5.75518
internal_count=2378 1394 1242 658 640 584 81 52 559 530 179 159 984 963 103 94 340 152 219 194 351 294 55 239 186 157 127 48 66 48
is_linear=0
shrinkage=0.05


Tree=54
num_leaves=31
num_cat=0
split_feature=141 9 98 149 112 150 145 143 63 143 153 160 94 15 148 143 149 130 147 146 9 130 99 143 68 159 115 158 154 65
split_gain=16.1704 8.62152 8.48614 6.58705 4.65555 4.73294 4.856 6.53383 5.9468 5.73234 4.50972 4.12832 4.34686 6.39258 4.00587 5.09964 4.95172 4.11689 4.73526 3.94964 3.62712 3.59715 4.97836 3.9346 3.58251 3.43147 3.33543 3.48615 4.31364 3.13752
threshold=13.500000000000002 3.5000000000000004 1.0000000180025095e-35 45.500000000000007 1.4500000000000002 0.37980769230769235 26.083333333333339 4.6853340466365951 1.0000000180025095e-35 3.3640244544575082 1.0000000180025095e-35 0.22500000000000003 3.5000000000000004 5.5000000000000009 3.7677669529663693 2.204123006314505 118.50000000000001 60.500000000000007 63.500000000000007 72.500000000000014 1.0000000180025095e-35 47.500000000000007 5.5000000000000009 4.9749346475555827 1.0000000180025095e-35 0.72077922077922085 1.0000000180025095e-35 0.64583333333333337 0.2678571428571429 1.0000000180025095e-35
decision_type=2 2 2 2 2 2 2 10 2 10 2 2 2 2 8 10 2 2 2 2 2 2 2 10 2 2 2 2 2 2
left_child=2 29 24 -4 5 6 7 9 14 -5 11 12 13 -6 -8 16 20 -18 -19 -10 -16 -17 23 -23 26 -24 27 28 -1 -2
right_child=1 -3 3 4 10 -7 8 -9 19 -11 -12 -13 -14 -15 15 21 17 18 -20 -21 -22 22 25 -25 -26 -27 -28 -29 -30 -31
leaf_value=-0.016961564555768732 -0.0040068158862439302 0.076221428478922229 -0.041820397210813466 0.036417005766032969 0.012684136485524647 -0.018726164245387963 -0.027089811113535339 -0.0022532596488975942 0.085455106416520904 0.1069313340549468 -0.018725996269253722 -0.024925637144157433 -0.021248477284492535 0.078308930097171547 0.031585275427380842 -0.04211779585997593 0.10508698138941397 0.011907358521046402 0.086283864025237578 0.017414802851879681 -0.011746345047816855 -0.022369570729328148 0.082585920528340753 0.037744509987762284 -0.027819572982558056 0.010952931230420827 -0.041479826204866052 0.036512346818825384 0.05372148765050519 -0.034324436666183115
leaf_weight=13.805675171315679 10.727819249033926 2.05725473165512 5.9429870247840872 6.5726705268025416 71.654079437255859 7.4563208594918242 5.9537201449275008 4.7380979508161536 4.9340772703289968 5.1330127418041229 17.529686391353607 8.2034670338034612 8.6949914842843992 3.9135915488004676 11.761991344392301 4.3254738748073605 2.9935634285211554 6.1502163186669332 3.281961090862751 3.7568728923797607 8.1936441957950574 11.524036765098574 3.0645412281155577 3.5637703239917746 22.179304957389832 3.6787658035755157 4.2606064826250067 6.8782301917672148 2.5585278570651999 41.723846182227135
leaf_count=112 110 15 50 37 428 46 39 30 27 25 112 60 56 17 61 35 20 40 14 19 47 78 17 19 219 28 39 48 18 512
internal_value=0.000597571 -0.0241855 0.00573985 0.0100798 0.0115693 0.0195493 0.0227336 0.047286 0.0172167 0.067338 0.00452605 0.00893416 0.0122306 0.0160828 0.0119845 0.0159586 0.0292223 0.0540006 0.0377869 0.056043 0.0137936 -0.000461574 0.00779192 -0.0081705 -0.0128683 0.043507 -0.000811067 0.00664399 -0.00591034 -0.0281236
internal_weight=317.213 54.5089 262.704 213.022 207.079 97.0827 89.6264 16.4438 73.1826 11.7057 109.996 92.4661 84.2627 75.5677 64.4917 58.538 32.3814 12.4257 9.43218 8.69095 19.9556 26.1566 21.8311 15.0878 49.6823 6.74331 27.503 23.2424 16.3642 52.4517
internal_count=2378 637 1741 1305 1255 582 536 92 444 62 673 561 501 445 398 359 182 74 54 46 108 177 142 97 436 45 217 178 130 622
is_linear=0
shrinkage=0.05


Tree=55
num_leaves=31
num_cat=0
split_feature=140 68 160 141 159 160 22 0 66 98 161 0 143 162 140 143 148 143 159 147 148 145 0 148 99 148 2 143 143 78
split_gain=67.8695 15.0337 11.0904 8.72323 9.67695 7.81573 6.93632 5.91336 6.16643 5.50581 4.55569 4.53968 4.39127 4.16183 6.22225 4.81119 4.59453 4.32571 4.27663 5.06232 4.09729 3.97011 4.94298 4.37392 4.68906 4.22739 3.65993 3.50154 3.44517 4.23438
threshold=7.7750000000000012 1.0000000180025095e-35 0.22500000000000003 13.500000000000002 0.84523809523809534 0.18333333333333332 1.0000000180025095e-35 175500.00000000003 1.0000000180025095e-35 1.4166667000000002 1.0625000000000002 122500.00000000001 1.3779271744364847 14200.000000000002 4.4142857142857155 2.7202665029006066 17.675312192706226 4.6169972286013694 0.58571428571428574 16.500000000000004 16.083114103876341 20.071428571428573 82264.500000000015 22.616363054442079 2.5000000000000004 15.042979595661382 4.5000000000000009 1.9831920802501752 4.0455716152953496 1.0000000180025095e-35
decision_type=2 2 2 2 2 2 2 10 2 2 2 8 10 10 2 8 10 10 2 2 8 2 8 10 2 8 2 10 10 2
left_child=1 6 3 4 9 7 13 8 10 -3 -2 26 -11 14 -1 18 -15 -17 -16 -20 -12 -8 23 24 -23 -26 27 -6 29 -22
right_child=5 2 -4 -5 11 -7 21 -9 -10 12 20 -13 -14 16 15 17 -18 -19 19 -21 28 22 -24 -25 25 -27 -28 -29 -30 -31
leaf_value=-0.04652755384491384 -0.0061765885909938487 -0.0096704107667450242 0.027887460092306634 0.03825228935225658 0.00088560890957409581 0.037285990521181887 -0.03378190342556766 0.046579471311550324 -0.019004287128635673 -0.0042006594537708801 0.034347430873940314 0.035209386135067876 -0.042894902357899625 0.0082774751625028439 -0.034377481945800183 -0.042711471989435867 -0.041659382731793961 -0.0078944745387290061 -0.018309966084097407 0.040224185363376089 -0.00016055347299355168 0.012855914571615315 0.018114640999175102 -0.036134189481417188 -0.045965249082046626 -0.0020636709769919297 0.014607810754620818 -0.04032711467803457 0.032258705557882815 0.041888902589717669
leaf_weight=44.842208504676819 18.36142635345459 68.606463432312012 26.852956280112267 10.186290904879568 14.104853749275209 64.693622678518295 14.928093403577803 14.635573416948317 13.448560073971747 9.7859520316123945 36.242205485701561 11.655495792627333 29.242911994457245 14.195230245590212 7.4388482272624996 29.493876546621323 6.8187469542026511 12.789472997188566 7.1108566522598249 7.6866802722215652 39.519521281123161 20.441630244255066 17.049112990498543 14.643135756254194 9.3375533521175402 13.284891188144682 21.957976430654526 8.1214895546436292 17.448317423462868 7.0559316277503958
leaf_count=143 70 226 102 39 47 334 47 72 50 31 174 43 93 46 23 93 21 40 22 26 174 65 58 45 30 43 77 27 85 32
internal_value=-0.000302703 -0.0119196 -0.00201635 -0.00664032 -0.00943762 0.0228083 -0.0209433 0.0164243 0.0130827 -0.0181997 0.0167204 0.00745196 -0.0331929 -0.0283058 -0.0322217 -0.0222789 -0.00792635 -0.0321804 -0.00345101 0.012096 0.0209134 -0.0102404 -0.00553936 -0.0125277 -0.0045008 -0.0201843 0.000129754 -0.0141735 0.0133088 0.00620971
internal_weight=631.98 420.575 200.514 173.661 163.475 211.405 220.06 146.712 132.076 107.635 118.627 55.8398 39.0289 130.376 109.362 64.5197 21.014 42.2833 22.2364 14.7975 100.266 89.6844 74.7563 57.7072 43.0641 22.6224 44.1843 22.2263 64.0238 46.5755
internal_count=2378 1387 685 583 544 991 702 657 585 350 535 194 124 414 347 204 67 133 71 48 465 288 241 183 138 73 151 74 291 206
is_linear=0
shrinkage=0.05


Tree=56
num_leaves=31
num_cat=0
split_feature=140 164 99 144 98 144 64 112 0 22 5 146 149 146 146 130 143 111 55 96 143 162 147 145 146 19 144 101 145 0
split_gain=16.3744 7.06072 7.11858 6.23906 8.09821 5.19096 5.10379 4.74929 5.04888 4.05938 3.88417 3.80618 4.94468 3.77727 5.65767 4.41017 4.97025 3.75803 3.45017 5.84521 3.38717 3.3759 3.40551 5.15349 3.36694 4.33892 2.8715 2.95842 2.42676 2.56589
threshold=6.5357142857142865 0.45000000000000007 4.5000000000000009 13.500000000000002 1.2916667000000002 32.500000000000007 1.0000000180025095e-35 2.8333333500000006 91000.000000000015 1.0000000180025095e-35 1.0000000180025095e-35 61.500000000000007 177.50000000000003 65.500000000000014 58.500000000000007 61.500000000000007 3.5405774738222062 2.5000000000000004 1.0000000180025095e-35 1.5000000000000002 2.5232168032791438 14200.000000000002 14.500000000000002 46.732142857142868 40.500000000000007 7.5000000000000009 27.500000000000004 13.900000000000002 15.083333333333334 1.0000000180025095e-35
decision_type=2 2 2 2 2 2 2 2 8 2 2 2 2 2 2 2 8 2 2 2 8 10 2 2 2 2 2 2 2 10
left_child=1 2 3 9 11 7 -6 8 13 21 -4 -5 -13 14 24 16 -16 -17 -3 -20 -11 22 -1 -24 25 -2 -26 -28 -12 -30
right_child=5 18 10 4 6 -7 -8 -9 -10 20 28 12 -14 -15 15 17 -18 -19 19 -21 -22 -23 23 -25 26 -27 27 -29 29 -31
leaf_value=0.073028497898673481 0.096644191628653758 -0.03295521611825955 0.050976526297737634 -0.032523943179121044 -0.0009029494503383777 -0.037248442455217683 0.056176036208497121 0.059146487300373835 -0.0392622926267173 0.047197631536631562 0.035788604213046332 0.064936919245335734 -0.041211942279003842 -0.033447301596868019 0.034034348583053944 0.065554986106282506 0.14598343727400792 -0.039670597725671108 -0.030150707330644927 0.050342696022742994 -0.0061267406794023992 0.0083460927240298511 -0.0083480448542881287 0.06445750086315552 -0.039462988638813208 -0.0011352812130543098 -0.019399758179023483 0.073327957090269902 -0.0023394114725606738 -0.03467598689732504
leaf_weight=13.19814913719893 1.4522822834551394 12.290343441069126 3.1665923036634913 11.298355858772991 6.5500320121645936 25.035320244729519 9.7400040328502655 2.40676325559616 13.124680958688257 4.8531136736273739 3.0323522463440886 2.6913170069456092 1.8521051816642282 7.8332528620958319 2.6022815071046344 1.3860579170286658 1.6017150953412054 2.187879778444767 4.7936115264892578 4.2594270035624504 7.707621756941081 4.3500826433300963 4.1424271017312986 5.8817474991083145 8.788696385920046 5.1859355196356773 2.5003125667572017 1.3112715408205984 22.724504772573713 8.4031350761651975
leaf_count=52 18 137 26 121 43 484 47 18 246 31 18 21 21 126 30 15 19 36 56 34 58 28 30 38 151 82 43 21 226 102
internal_value=-8.11128e-05 0.0106083 0.0157323 0.0248908 0.00847168 -0.0186396 0.0332252 -0.00939258 -0.012831 0.0380364 -0.00199867 -0.0169823 0.0216658 -0.0028768 0.00598694 0.0419725 0.0766867 0.00113838 -0.0157019 0.00772119 0.0144763 0.0487694 0.0563416 0.0343711 -0.00856167 0.0202565 -0.023744 0.0125007 -0.00690941 -0.0110689
internal_weight=206.351 130.935 109.592 72.265 32.1318 75.4164 16.29 50.3811 47.9744 40.1331 37.3266 15.8418 4.54342 34.8497 27.0164 7.77793 4.204 3.57394 21.3434 9.05304 12.5607 27.5724 23.2223 10.0242 19.2385 6.63822 12.6003 3.81158 34.16 31.1276
internal_count=2378 1089 862 490 253 1289 90 805 787 237 372 163 42 541 415 100 49 51 227 90 89 148 120 68 315 100 215 64 346 328
is_linear=0
shrinkage=0.05


Tree=57
num_leaves=31
num_cat=0
split_feature=140 162 69 150 98 154 77 149 149 148 101 111 148 148 150 117 148 22 101 112 106 105 130 146 6 143 130 148 159 159
split_gain=23.4944 5.99265 5.13796 6.18572 5.32333 4.91326 4.81928 5.28921 6.02978 4.99198 4.83124 4.51972 4.36475 6.35237 4.02605 3.82183 3.74464 3.83971 3.67723 3.41713 3.29386 3.26231 3.01643 5.02494 4.92742 4.37728 2.95598 2.92029 2.91783 5.04034
threshold=7.8166666666666673 32416.666666666668 1.0000000180025095e-35 0.18333333333333332 1.4166667000000002 0.70833333333333337 1.0000000180025095e-35 53.500000000000007 83.500000000000014 17.683560123296441 5.3666668000000008 1.5000000000000002 17.178508713825156 13.710393846327387 0.29166666666666669 1.0000000180025095e-35 21.917458608797052 1.0000000180025095e-35 4.416666750000001 1.9166667000000002 1.0000000180025095e-35 1.0000000180025095e-35 64.500000000000014 71.500000000000014 1.0000000180025095e-35 3.5405774738222062 73.500000000000014 13.100572410054037 0.58571428571428574 0.30952380952380959
decision_type=2 10 2 2 2 2 2 2 2 10 2 2 8 10 2 2 8 2 2 2 2 2 2 2 2 8 2 10 2 2
left_child=1 2 3 4 6 14 7 -1 9 10 -9 -8 13 18 15 22 -14 26 -6 -20 -3 -13 -2 24 25 -24 -18 -12 29 -4
right_child=5 20 28 -5 12 -7 11 8 -10 -11 27 21 16 -15 -16 -17 17 -19 19 -21 -22 -23 23 -25 -26 -27 -28 -29 -30 -31
leaf_value=-0.029091870300470241 -0.030671938493388867 -0.026359563389096209 0.0031076669983408386 0.025122054783099881 0.041848059042712743 0.057505991620721258 0.037710851597856677 0.060646108057742121 -0.0021111721851693305 0.077199290739172602 0.022836221139314702 -0.027432480556429426 -0.033528961431198559 0.058361212165076115 0.031924239014565495 0.025411893353177912 0.057396631252141075 -0.010391650228403859 -0.023957791905018167 0.028490769538562961 0.026551064993017643 0.012393046431143459 -0.0020976293076545673 -0.03497862070348897 -0.040575221813894002 0.086093912750251883 0.0052221321931730028 -0.026642693705699796 0.011369107708761744 0.052095673077624138
leaf_weight=10.100554935634134 73.78161283582449 18.037234507501129 7.65074194967747 36.431770965456963 6.4132842272520127 1.9603809192776669 3.4996730238199225 4.8737426847219529 37.350895270705223 4.6111945211887351 6.9978461936116201 34.568694680929184 6.2904552593827274 10.898810386657713 3.2885514497756949 3.7031054869294158 5.4438347816467285 11.152365148067474 8.275706008076666 4.9708789587020865 3.5145748928189269 6.0406701341271392 2.5635444745421392 7.8643518164753914 2.2895303443074226 3.1186311021447182 5.4151186048984528 5.1966762840747833 21.205057330429554 16.738356918096542
leaf_count=65 767 129 28 150 25 12 17 20 206 19 35 217 29 41 21 34 22 62 41 21 23 37 25 74 25 26 24 29 96 58
internal_value=9.18353e-05 0.00758289 0.00972971 0.00640535 0.00244323 -0.020859 -0.00389668 0.00434259 0.0100635 0.0310388 0.0185681 -0.0168099 0.0146404 0.0277436 -0.0224492 -0.0243653 0.000492278 0.010215 0.0107702 -0.00427608 -0.0177311 -0.0215084 -0.0264221 -0.00662189 0.021353 0.0463058 0.0313784 0.00175086 0.0249342 0.0367284
internal_weight=374.248 275.678 254.126 208.532 172.1 98.5697 113.24 69.1309 59.0304 21.6795 17.0683 44.109 58.8605 30.5587 96.6093 93.3208 28.3018 22.0113 19.6599 13.2466 21.5518 40.6094 89.6177 15.8361 7.97171 5.68218 10.859 12.1945 45.5942 24.3891
internal_count=2378 1394 1242 1060 910 984 645 374 309 103 84 271 265 128 972 951 137 108 87 62 152 254 917 150 76 51 46 64 182 86
is_linear=0
shrinkage=0.05


Tree=58
num_leaves=31
num_cat=0
split_feature=141 149 98 149 112 99 144 147 143 153 98 160 141 151 130 100 144 0 94 162 119 159 68 67 103 140 140 159 147 159
split_gain=14.6232 8.02902 7.653 6.15128 4.25482 4.46937 4.76883 5.03671 4.65249 4.14525 3.86074 4.2844 3.50158 4.08082 4.12093 4.12295 5.02179 5.20951 4.04134 3.84358 4.38694 4.30529 3.38998 3.2638 3.21215 4.95028 4.5519 3.68141 3.42216 3.21005
threshold=13.500000000000002 228.50000000000003 1.0000000180025095e-35 45.500000000000007 1.4500000000000002 9.5000000000000018 33.500000000000007 6.5000000000000009 1.0244044240850758 1.0000000180025095e-35 0.45000000500000009 0.22500000000000003 9.5000000000000018 1.5000000000000002 42.500000000000007 6.5000000000000009 27.500000000000004 107500.00000000001 3.5000000000000004 26333.333333333339 1.0000000180025095e-35 0.72077922077922085 1.0000000180025095e-35 1.0000000180025095e-35 1.0000000180025095e-35 4.2250000000000005 5.6904761904761916 0.72077922077922085 15.500000000000002 0.58571428571428574
decision_type=2 2 2 2 2 2 2 2 10 2 2 2 2 2 2 2 2 8 2 8 2 2 2 2 2 2 2 2 2 2
left_child=2 -2 22 -4 5 6 7 29 -9 10 -6 12 18 14 15 16 17 -14 19 20 21 -12 -1 -21 25 -10 -27 -28 -29 -5
right_child=1 -3 3 4 9 -7 -8 8 24 -11 11 -13 13 -15 -16 -17 -18 -19 -20 23 -22 -23 -24 -25 -26 26 27 28 -30 -31
leaf_value=-0.00073421157468949046 -0.027471185258545545 0.071971747239331932 -0.04162989686781636 0.084697731545220784 0.047546291379898992 -0.02436135355803512 0.066947166838739275 0.02790151724000093 0.050270329893911642 -0.018274511084331514 -0.0071782389944399193 -0.029920903606834331 -0.0036598372403248663 0.073305322742057685 -0.0028648992767328638 -0.010323301405653003 0.089239941098991582 0.074356135518201569 -0.043268102324144665 -0.043001261020939041 0.062159347451818905 0.041726647529398288 -0.027262584996131756 0.018990160021104156 -0.016567523760312685 -0.031246460386647829 0.051045619706966951 0.03603215487938459 -0.025333649521434659 0.029709426142628573
leaf_weight=27.407929301261902 50.304405026137829 2.1151552870869628 5.7180445715785018 4.0764832496643049 5.8932971507310858 5.7244270592927924 5.3585392758250228 32.449739679694176 6.6498738601803806 17.297885611653328 16.712288469076164 7.6840135827660552 5.959439992904664 3.2951902151107779 16.656790859997272 4.4323394224047652 4.3894476890563956 3.3385010287165651 4.9505119249224654 6.3788318485021573 4.0993677973747245 6.1586605459451667 21.480603687465191 3.1825995594263077 14.270936802029608 7.29627547413111 5.168043501675128 3.7294583544135076 5.8130461126565933 7.6062348857522011
leaf_count=217 623 14 50 18 35 52 37 165 34 112 91 58 35 17 103 29 22 19 35 44 20 32 219 21 88 44 31 26 49 38
internal_value=0.000657235 -0.0234586 0.00546059 0.00953311 0.0109358 0.018511 0.0211665 0.0183487 0.0136141 0.00420335 0.00837831 0.00573234 0.00917604 0.0201257 0.0150868 0.0315891 0.0451614 0.0243524 -0.000873374 0.00487165 0.0145282 0.00599081 -0.0123902 -0.0223669 0.00281393 0.0124658 0.00104231 0.0170572 -0.0013503 0.0488966
internal_weight=315.598 52.4196 263.179 214.29 208.572 98.1431 92.4186 87.0601 75.3774 110.429 93.1313 87.238 79.554 38.0717 34.7765 18.1197 13.6874 9.29794 41.4823 36.5317 26.9703 22.8709 48.8885 9.56143 42.9276 28.6567 22.0068 14.7105 9.5425 11.6827
internal_count=2378 637 1741 1305 1255 582 530 493 437 673 561 526 468 225 208 105 76 54 243 208 143 123 436 65 272 184 150 106 75 56
is_linear=0
shrinkage=0.05


Tree=59
num_leaves=31
num_cat=0
split_feature=140 22 98 144 160 159 141 159 0 156 148 146 144 71 146 102 162 121 119 143 0 145 119 143 159 142 140 124 130 99
split_gain=60.7929 13.611 10.46 7.74379 7.55209 6.59738 6.42418 6.77773 5.74696 6.02127 5.08983 6.49926 6.55456 5.07296 4.57552 4.52745 4.07237 3.88577 6.02746 3.71024 4.08532 3.56769 3.47516 3.38952 7.60758 7.08174 4.4607 4.45071 3.37607 3.95241
threshold=7.7750000000000012 1.0000000180025095e-35 1.1000000000000003 20.500000000000004 0.18333333333333332 0.63333333333333341 13.500000000000002 0.48076923076923078 175500.00000000003 0.2678571428571429 22.419955543609131 44.500000000000007 12.500000000000002 1.0000000180025095e-35 77.500000000000014 1.0000000180025095e-35 32416.666666666668 2.5000000000000004 1.0000000180025095e-35 3.5237092451084924 57500.000000000007 34.583333333333336 1.0000000180025095e-35 4.6618968466139084 0.81666666666666676 6.5000000000000009 8.9285714285714306 1.0000000180025095e-35 65.500000000000014 1.0000000180025095e-35
decision_type=2 2 2 2 2 2 2 2 10 2 10 2 2 2 2 2 10 2 2 8 8 2 2 10 2 2 2 2 2 2
left_child=1 2 3 5 8 -1 7 14 9 19 11 16 15 -5 -3 -13 17 -9 -19 -2 22 -12 -21 24 25 26 -11 -26 -4 -30
right_child=4 6 28 13 -6 -7 -8 10 -10 23 21 12 -14 -15 -16 -17 -18 18 -20 20 -22 -23 -24 -25 27 -27 -28 -29 29 -31
leaf_value=-0.035880710058742077 -0.037760062041582158 -0.033749605042337628 -0.044958321669362096 -0.0098459763105372168 0.036451673306708982 -0.010110148830695701 0.032500549395009515 -0.0017755572966859053 0.046016566987631943 -0.010922615068514618 -0.046764709004580518 0.0072793153622982129 0.029402514824995885 0.024001498335035037 0.0074895223288308837 -0.038980114946542667 0.01594758239915425 -0.054528293003334644 0.0049357690563265342 -0.00037386891505580936 -0.040180745936425441 -0.006274065085565942 0.049084500327344231 0.037880399714921638 0.026930967072722502 0.024631922469120767 -0.0700489972116103 -0.022922060249707762 -0.043437685274006432 -0.0055548908092224363
leaf_weight=40.005003392696381 7.5716912150383022 27.260918200016022 41.570912048220634 25.43783900141716 62.092496126890182 65.492627143859863 12.768694266676901 19.789246112108231 14.002732455730436 8.1530799865722674 8.4418972432613391 32.263452008366585 35.788184061646461 19.599198251962662 8.9291518628597242 6.3263768255710593 12.193362429738043 12.093144357204439 6.5804143249988547 12.448410466313367 4.4008021950721732 15.300106823444365 4.9695691466331473 17.857409834861755 55.881904751062393 8.3416972905397397 5.240157723426818 4.8669021278619757 12.43653440475464 15.424913346767424
leaf_count=126 29 85 136 81 334 215 51 65 72 31 27 105 132 71 28 20 46 39 22 52 19 50 22 89 264 37 20 22 40 48
internal_value=-0.000360936 -0.0113203 -0.0198778 -0.0124729 0.0218799 -0.0198824 -0.00180071 -0.00416861 0.0155849 0.0123002 0.000551953 0.0045819 0.0139896 0.00488375 -0.0235747 -0.000304408 -0.00923128 -0.0172134 -0.0335736 -0.00760315 0.00286209 -0.0206712 0.0137372 0.0181301 0.0138542 -0.0115321 -0.034056 0.022937 -0.0359322 -0.0224647
internal_weight=623.529 417.702 219.967 150.535 205.827 105.498 197.735 184.966 143.734 129.732 148.776 125.034 74.378 45.037 36.1901 38.5898 50.6562 38.4628 18.6736 29.3905 21.8188 23.742 17.418 100.341 82.4837 21.7349 13.3932 60.7488 69.4324 27.8614
internal_count=2378 1387 717 493 991 341 670 619 657 585 506 429 257 152 113 125 172 126 61 122 93 77 74 463 374 88 51 286 224 88
is_linear=0
shrinkage=0.05


Tree=60
num_leaves=31
num_cat=0
split_feature=140 65 144 145 30 0 64 79 9 148 101 5 71 77 162 99 143 159 145 143 18 31 140 130 159 147 122 150 66 31
split_gain=14.6968 6.47425 5.11672 4.73902 4.48457 4.94669 6.30271 3.99521 3.7381 4.05596 4.81744 4.364 3.56194 5.33171 4.3335 3.83493 3.45299 3.48244 3.87893 3.44743 3.98912 3.3198 3.21453 3.52613 3.13489 3.09297 3.10789 3.03268 2.81806 2.81083
threshold=6.5357142857142865 1.0000000180025095e-35 32.500000000000007 63.250000000000007 1.0000000180025095e-35 51000.000000000007 1.0000000180025095e-35 1.0000000180025095e-35 2.5000000000000004 30.426133143149105 3.4166666500000002 1.0000000180025095e-35 1.0000000180025095e-35 1.0000000180025095e-35 18291.666666666668 2.5000000000000004 5.0398369274603256 0.69047619047619058 23.928571428571434 3.0523202998496379 4.5000000000000009 1.0000000180025095e-35 3.6333333333333337 38.500000000000007 0.30952380952380959 34.500000000000007 1.0000000180025095e-35 0.37980769230769235 1.0000000180025095e-35 1.0000000180025095e-35
decision_type=2 2 2 2 2 8 2 2 2 8 2 2 2 2 8 2 8 2 2 10 2 2 2 2 2 2 2 2 2 2
left_child=1 3 4 7 5 6 -2 8 9 10 -1 -12 14 -14 15 -13 17 18 22 29 -21 -17 -3 -24 -6 -20 -27 -19 -26 -9
right_child=2 16 -4 -5 24 -7 -8 19 -10 -11 11 12 13 -15 -16 21 -18 27 25 20 -22 -23 23 -25 28 26 -28 -29 -30 -31
leaf_value=0.059628802810246601 0.078671961323942177 0.074027942081990136 -0.03706814061595376 -0.017710646321325168 0.050141206412596617 -0.028603648515550591 -0.0062641204272401831 0.032249758437631254 -0.031243483343919656 -0.016171006921639197 0.064162380335427413 0.036112893891143527 -0.0056484237207964005 0.072253165319536239 -0.025995620959418476 -0.041850295385773374 -0.030807428962660401 -0.030621752286305367 -0.032217166735694573 -0.00096361416041276749 0.060395825688549759 0.023835862957975955 -0.016108815551946608 0.057237845541751833 -0.025299698491696571 0.054695159844587116 -0.021087129034731613 0.039816555935947635 0.025573436331476424 0.090206523218058249
leaf_weight=7.8291572630405417 4.5387630015611613 3.6318948715925234 23.830302447080612 8.5213538780808431 1.6222229748964299 4.128047190606595 4.2101893723011017 3.6989367231726664 4.0576837733387938 7.3378093987703314 4.3393685296177855 10.378536522388464 3.8780983351170999 5.0650977715849876 9.1233104765415174 4.0229473412036887 10.50493738427758 9.9442719295620901 5.6803273372352105 6.8426331691443902 4.3218489289283752 3.6859956979751587 3.7927119098603725 2.8851064890623093 31.927669513970613 2.9962796196341515 2.4667122438549995 1.8055389970540989 2.975878231227397 4.81561379134655
leaf_count=40 49 18 484 90 13 56 49 22 45 54 23 57 36 37 83 36 142 123 64 33 18 29 34 19 598 19 27 16 40 24
internal_value=-8.44469e-05 0.00990486 -0.0180388 0.0177235 -0.0088597 0.0165118 0.0377988 0.0215265 0.015088 0.0184656 0.0237252 0.0167835 0.0110968 0.0384722 0.00209954 0.0162707 -0.00582244 0.00208248 0.0140663 0.0410649 0.0227891 -0.0104428 0.0361701 0.0155801 -0.0178043 -0.00638391 0.0204771 -0.0197978 -0.0209623 0.0650286
internal_weight=204.859 131.626 73.2331 87.9184 49.4028 12.877 8.74895 79.397 59.718 55.6603 48.3225 40.4934 36.154 8.9432 27.2108 18.0875 43.7078 33.2028 21.453 19.679 11.1645 7.70894 10.3097 6.67782 36.5258 11.1433 5.46299 11.7498 34.9035 8.51455
internal_count=2378 1089 1289 627 805 154 98 537 440 395 341 301 278 73 205 122 462 320 181 97 51 65 71 53 651 110 46 139 638 46
is_linear=0
shrinkage=0.05


Tree=61
num_leaves=31
num_cat=0
split_feature=140 141 98 159 71 69 147 148 109 101 26 143 125 163 158 101 150 76 73 144 161 101 161 160 143 142 18 54 140 130
split_gain=21.0721 6.61278 6.23257 6.99771 5.06212 4.84829 4.38812 4.02402 3.83938 3.67828 3.6771 3.47872 3.38705 3.17064 5.45783 3.36042 3.18035 4.53406 3.33471 3.08536 4.90726 3.05318 3.05216 2.82844 3.60111 7.16667 3.07378 3.6299 3.85518 2.85771
threshold=8.071428571428573 14.500000000000002 0.69047621000000003 0.38750000000000007 1.0000000180025095e-35 1.0000000180025095e-35 59.500000000000007 13.438129472490855 1.0000000180025095e-35 3.1000000000000005 1.0000000180025095e-35 5.0398369274603256 1.0000000180025095e-35 0.61250000000000016 0.34848484848484851 1.4166667000000002 0.18333333333333332 1.0000000180025095e-35 1.0000000180025095e-35 11.500000000000002 1.9000000000000001 4.7083332500000008 4.7500000000000009 0.18333333333333332 2.850354224007603 1.0000000180025095e-35 6.5000000000000009 1.0000000180025095e-35 3.7750000000000004 51.500000000000007
decision_type=2 2 2 2 2 2 2 10 2 2 2 10 2 2 2 2 2 2 2 2 2 2 2 2 10 2 2 2 2 2
left_child=1 2 3 -1 11 13 -2 -7 22 -6 -11 12 19 15 -15 -4 23 18 -18 20 -5 -21 -8 24 -17 26 27 28 -26 -27
right_child=6 -3 5 4 9 7 8 -9 -10 10 -12 -13 -14 14 -16 16 17 -19 -20 21 -22 -23 -24 -25 25 29 -28 -29 -30 -31
leaf_value=0.03355758635915549 -0.025665731922888804 -0.041749575359570475 0.036596573676281129 0.051754931424972887 0.031291566176764173 0.0057365284001226358 0.0002188579859620954 0.043938402404521265 -0.029187074602732972 -0.028483180536333714 0.032959797168955945 0.038711342217454307 0.036083575996730149 -0.017055560524167328 0.037885017952878852 -0.0091163211427310285 0.059569066117262419 -0.0087647632291110791 0.01104750180000565 0.022599434428234241 -0.010050875797007117 -0.028122984517530578 0.068332614572310074 -0.023366136874125268 -0.021299964803342467 0.073711357234191269 0.039207353962637317 -0.024494503959582827 0.031204526938373656 0.02430917923957672
leaf_weight=12.072733536362646 76.108023345470428 6.8746423944830886 8.502805180847643 4.8696698471903792 3.2386343777179709 10.269703857600691 3.5095200985670072 20.967342972755432 4.1594930812716484 35.179605036973953 2.6160847321152678 6.3261534273624411 5.2939212098717681 5.8296713680028942 20.126837849617004 33.845832280814648 7.8908678069710732 8.238066628575325 6.4236220717430115 3.5959487855434444 9.4322316199541074 16.957935094833374 3.0951439887285233 11.501927047967909 5.6187369674444207 5.1614950746297819 4.4166617766022673 13.421428836882114 9.254803039133547 6.7626665532588959
leaf_count=48 813 61 35 22 17 41 29 75 41 272 18 30 26 25 77 175 33 35 29 19 52 97 20 75 27 22 20 70 44 30
internal_value=0.000115681 0.0066932 0.00789193 -0.00212711 -0.00705011 0.0134898 -0.0214396 0.0313789 0.00844134 -0.0198482 -0.0242303 0.00424959 -0.00118034 0.00968833 0.0255457 0.00628776 0.00399774 0.0207875 0.037795 -0.00684002 0.0109935 -0.019249 0.032139 -0.000210285 0.00318334 0.0125098 0.00041353 -0.00564194 0.01137 0.0456934
internal_weight=371.562 284.69 277.815 99.5829 87.5102 178.232 86.8722 31.237 10.7642 41.0343 37.7957 46.4759 40.1497 146.995 25.9565 121.039 112.536 22.5526 14.3145 34.8558 14.3019 20.5539 6.60466 89.9836 78.4816 44.6358 32.7116 28.295 14.8735 11.9242
internal_count=2378 1475 1414 601 553 813 903 116 90 307 290 246 216 697 102 595 560 97 62 190 74 116 49 463 388 213 161 141 71 52
is_linear=0
shrinkage=0.05


Tree=62
num_leaves=31
num_cat=0
split_feature=141 9 98 149 112 150 99 94 63 153 2 49 154 142 158 74 146 160 94 15 98 65 145 100 68 115 158 154 145 99
split_gain=13.1823 7.40952 6.91136 5.78275 3.84636 4.08453 4.06464 5.11408 5.35504 3.81085 3.62106 6.26531 4.66195 4.71288 4.42427 4.2117 3.49021 3.46617 3.49582 5.4666 3.48733 3.23829 5.65412 7.42638 3.23118 3.16706 3.1398 3.90462 3.06428 3.67398
threshold=13.500000000000002 3.5000000000000004 1.0000000180025095e-35 45.500000000000007 1.4500000000000002 0.37980769230769235 9.5000000000000018 1.5000000000000002 1.0000000180025095e-35 1.0000000180025095e-35 4.5000000000000009 1.0000000180025095e-35 0.55000000000000016 3.5000000000000004 0.45299145299145299 1.0000000180025095e-35 72.500000000000014 0.2678571428571429 3.5000000000000004 5.5000000000000009 0.36666667500000005 1.0000000180025095e-35 34.583333333333336 5.5000000000000009 1.0000000180025095e-35 1.0000000180025095e-35 0.64583333333333337 0.2678571428571429 21.690476190476193 5.5000000000000009
decision_type=2 2 2 2 2 2 2 2 2 2 2 2 2 2 2 2 2 2 2 2 2 2 2 2 2 2 2 2 2 2
left_child=2 21 24 -4 5 6 7 8 10 17 14 12 13 -12 -5 -15 -10 18 19 20 -6 22 23 -2 25 26 27 -1 -9 -30
right_child=1 -3 3 4 9 -7 -8 28 16 -11 11 -13 -14 15 -16 -17 -18 -19 -20 -21 -22 -23 -24 -25 -26 -27 -28 -29 29 -31
leaf_value=-0.016455493547244543 0.081393065114882049 0.067110709019529133 -0.041469489564860344 -0.011065899711570739 0.049732834001529919 -0.018362365535222316 -0.022513271875133994 0.077703938047403609 0.078069628687810783 -0.017797808617437856 -0.010680629825844732 -0.03754095728889726 0.06842809039701285 0.053449055836992811 0.041261770794058704 -0.0055567070061720873 0.015917184020810771 -0.032880673955430859 -0.020452302343466362 0.069253869689743092 0.0074328062649438214 -0.033495752249281009 -0.040350188536834947 -0.0407631953327025 -0.026744578693565887 -0.041286927659967998 0.034385859066846582 0.049892740394037273 -0.00095010113644041101 0.063840227078925033
leaf_weight=13.55433153361083 3.228838384151457 2.1958147734403601 5.5253972858190528 5.33549536764622 5.2323648110032073 7.3502884805202475 5.2112030237913123 5.9054172635078421 5.5448558926582319 17.051587343215942 17.06041777133942 7.6117989495396605 3.3785203769803038 7.5035308972001058 16.628877878189087 5.0659434646368027 3.8114391341805458 4.9351602569222441 8.4321340173482877 4.1527291983366004 70.84620326012373 38.069993834942579 4.899542398750782 2.0241760015487671 20.86230731010437 4.0724535211920729 7.0426086932420722 2.6512209773063651 4.4239324033260328 4.3292763531208038
leaf_count=112 29 15 50 28 31 46 49 28 28 112 102 53 16 45 86 36 19 38 56 17 419 512 59 22 219 39 48 18 25 21
internal_value=0.000709278 -0.0227144 0.00519086 0.00902117 0.0103508 0.0175022 0.0203735 0.0229542 0.0174695 0.00394206 0.012195 0.00335109 0.0127809 0.00643575 0.0285505 0.0296676 0.0527508 0.00790259 0.0101727 0.0133913 0.010342 -0.0268046 -0.00171428 0.0343218 -0.0119273 -0.000612705 0.00651233 -0.00560095 0.0498719 0.0310947
internal_weight=313.938 50.4184 263.519 215.337 209.811 99.161 91.8107 86.5995 71.9409 110.65 62.5846 40.6202 33.0084 29.6299 21.9644 12.5695 9.3563 93.5986 88.6634 80.2313 76.0786 48.2226 10.1526 5.25301 48.1829 27.3206 23.2482 16.2056 14.6586 8.75321
internal_count=2378 637 1741 1305 1255 582 536 487 413 673 366 252 199 183 114 81 47 561 523 467 450 622 110 51 436 217 178 130 74 46
is_linear=0
shrinkage=0.05


Tree=63
num_leaves=31
num_cat=0
split_feature=140 68 160 141 159 31 160 147 143 148 0 22 98 99 143 159 145 0 142 161 143 0 0 12 154 128 12 143 142 2
split_gain=54.3814 12.3816 9.62863 7.4262 8.10341 7.31399 6.00547 5.96081 6.28505 6.28599 5.77962 5.61251 4.96866 4.69826 5.15525 8.58804 4.51774 4.4402 4.7465 4.41367 4.28952 3.83719 3.68245 3.96222 4.99291 3.32088 3.31463 3.28742 3.20031 3.16486
threshold=7.7750000000000012 1.0000000180025095e-35 0.22500000000000003 13.500000000000002 0.81666666666666676 1.0000000180025095e-35 0.18333333333333332 4.5000000000000009 5.9623452158329089 21.835174729647498 79019.500000000015 1.0000000180025095e-35 1.4166667000000002 1.0000000180025095e-35 2.6520357913574215 0.58571428571428574 36.791666666666679 21500.000000000004 6.5000000000000009 5.2500000000000009 1.3779271744364847 122500.00000000001 175500.00000000003 2.5000000000000004 0.45000000000000007 1.0000000180025095e-35 1.5000000000000002 0.76180168105713697 4.5000000000000009 4.5000000000000009
decision_type=2 2 2 2 2 2 2 2 10 10 10 2 2 2 8 2 2 10 2 2 10 8 10 2 2 2 2 8 2 2
left_child=1 7 3 4 12 6 19 -1 9 10 11 13 -3 14 15 -9 -11 18 -7 22 -14 29 23 24 -2 -15 -4 -13 -27 -6
right_child=5 2 26 -5 21 17 -8 8 -10 16 -12 27 20 25 -16 -17 -18 -19 -20 -21 -22 -23 -24 -25 -26 28 -28 -29 -30 -31
leaf_value=-0.033095285537418258 0.024479000994749828 -0.0085787231536798795 0.040084110722151629 0.036391709054402359 -0.013469213715890936 -0.039069633854934893 0.037742531275203411 -0.053561300418117658 0.036150303392444787 -0.064979744733528966 0.02263578374249892 -0.028773873472347139 -0.0025545702164039216 0.0030940835220135627 -0.054398231421781185 0.025936843253123523 -0.023608801746625253 0.031259662002607019 0.017945873044870043 -0.029190965234864974 -0.041062584307923998 0.031555462903059599 0.045368708330131576 -0.0078104462495396376 -0.016338309483539672 -0.045434233933761448 0.0030781357622613479 0.005885895869018944 -0.00080609614300817102 0.013201254534633076
leaf_weight=55.577054053544998 81.680397689342499 67.16263984143734 16.606531009078029 9.7516886889934522 22.202602967619896 10.695939645171171 56.923008918762207 6.8110365867614728 5.9886551946401587 9.4330797195434588 11.581337526440619 8.4365919381380063 9.7193073332309705 19.266342997550964 18.653888523578644 6.7778058350086212 21.963089734315872 5.8293721675872794 5.5414839982986441 4.7487499564886084 28.256554320454597 12.190156370401381 12.728265121579168 14.056483045220373 8.2487335801124555 9.9306292235851306 9.5199070572853071 36.182248592376709 6.7459816783666602 22.290671288967133
leaf_count=180 399 222 66 39 74 43 321 22 20 30 40 27 31 62 60 22 69 26 23 18 92 46 69 57 35 31 36 117 22 79
internal_value=-0.000403497 -0.010732 -0.00167711 -0.005983 -0.00853658 0.0209823 0.0243414 -0.0189684 -0.014115 -0.0160473 -0.0110013 -0.0144547 -0.0167521 -0.0234766 -0.037334 -0.0139094 -0.0360388 -0.00617287 -0.0196115 0.018061 -0.0312071 0.00670177 0.0199836 0.0168763 0.020735 -0.0110457 0.0265999 -0.000667621 -0.0273814 -0.000107584
internal_weight=615.5 415.048 197.7 171.574 161.822 200.452 178.386 217.348 161.771 155.782 124.386 112.805 105.139 68.1857 32.2427 13.5888 31.3962 22.0668 16.2374 121.463 37.9759 56.6834 116.714 103.986 89.9291 35.943 26.1264 44.6188 16.6766 44.4933
internal_count=2378 1387 685 583 544 991 899 702 522 502 403 363 345 219 104 44 99 92 66 578 123 199 560 491 434 115 102 144 53 153
is_linear=0
shrinkage=0.05


Tree=64
num_leaves=31
num_cat=0
split_feature=140 164 99 144 98 64 144 30 100 146 149 55 143 18 22 162 57 10 143 159 66 101 101 122 159 147 147 145 63 101
split_gain=13.263 5.69023 6.28992 5.18115 6.83852 4.33815 4.29772 4.39775 4.39686 3.67189 4.36001 3.26153 5.2515 3.35509 2.97937 3.07891 2.73635 4.08694 2.69845 2.68153 2.75113 2.49746 3.13583 4.99999 3.89621 3.77862 2.37441 3.81099 1.93072 1.85359
threshold=6.4142857142857155 0.45000000000000007 4.5000000000000009 13.500000000000002 1.2916667000000002 1.0000000180025095e-35 32.500000000000007 1.0000000180025095e-35 9.5000000000000018 61.500000000000007 177.50000000000003 1.0000000180025095e-35 3.6866875904165766 2.5000000000000004 1.0000000180025095e-35 14200.000000000002 1.0000000180025095e-35 1.5000000000000002 2.5232168032791438 0.30952380952380959 1.0000000180025095e-35 9.5357141500000022 7.7750001000000006 1.0000000180025095e-35 0.30952380952380959 47.500000000000007 15.500000000000002 46.732142857142868 1.0000000180025095e-35 8.4166665000000016
decision_type=2 2 2 2 2 2 2 2 2 2 2 2 8 2 2 10 2 2 8 2 2 2 2 2 2 2 2 2 2 2
left_child=1 2 3 14 9 -6 7 8 16 29 -11 -3 13 -13 15 26 -2 -18 -16 -9 -21 22 24 -24 -4 28 -1 -28 -26 -5
right_child=6 11 21 4 5 -7 -8 19 -10 10 -12 12 -14 -15 18 -17 17 -19 -20 20 -22 -23 23 -25 25 -27 27 -29 -30 -31
leaf_value=0.064724594601144506 0.058029205885085269 -0.032282583825476219 0.052313681553932706 -0.041238401655865786 -0.0018747577334845733 0.050239687327869875 -0.034811471995101317 0.042071126887528836 0.084904233258925016 0.060499631534188851 -0.041179102992098947 0.0051913367328503815 -0.040258166599722492 0.084398782405695691 0.042390118314002211 0.0056942400642609027 -0.032398836682274619 0.032620450070718156 -0.0050089450952385617 -0.025257741434503045 0.02475493453408964 -0.041496344119978192 -0.013511046219827343 0.068276283660078152 -0.031100219064829057 0.029598412095896455 -0.0063898410651071144 0.056743358887074893 0.0089464934073590959 0.01496890977299511
leaf_weight=13.357366561889654 1.9499567076563806 11.463843479752541 2.5120075717568424 9.1056066080927831 6.5805131196975717 10.156646534800529 23.135417856276035 1.7738066390156735 1.939966496080159 2.7611967027187339 1.705529775470495 3.1895038820803157 3.4593874774873266 2.3017690032720566 5.0536823645234081 4.4903760999441138 6.1060743853449821 4.0002136006951332 7.3988933265209207 31.905724056065083 3.0090685784816733 3.7382527962326995 3.5110943056643 3.9948383122682571 14.816434793174272 4.1893578805029383 3.8685422539710981 6.2557490542531013 3.7769483029842368 1.7484412714838971
leaf_count=50 17 132 15 100 42 47 489 14 19 20 20 31 43 15 30 28 81 47 54 613 40 42 36 37 166 39 27 38 28 18
internal_value=-4.21905e-05 0.00960343 0.0141399 0.022667 0.00765554 0.02975 -0.0169548 -0.00880395 0.0150416 -0.0164815 0.0216756 -0.0146233 0.00799446 0.0383926 0.0345715 0.0436283 0.00379998 -0.00666327 0.0142272 -0.0179007 -0.0209475 -0.0027752 0.0016378 0.0300181 -0.00678375 -0.0132998 0.0508824 0.0326198 -0.0229654 -0.0321842
internal_weight=203.256 129.436 109.021 72.4825 32.0579 16.7372 73.8202 50.6848 13.9962 15.3208 4.46673 20.4145 8.95066 5.49127 40.4246 27.972 12.0562 10.1063 12.4526 36.6886 34.9148 36.5389 32.8007 7.50593 25.2947 22.7827 23.4817 10.1243 18.5934 10.854
internal_count=2378 1058 837 474 247 89 1320 831 164 158 40 221 89 46 227 143 145 128 84 667 653 363 321 73 248 233 115 65 194 118
is_linear=0
shrinkage=0.05


Tree=65
num_leaves=31
num_cat=0
split_feature=140 141 98 159 71 69 147 96 55 130 148 140 94 2 143 72 147 163 158 0 162 101 145 112 158 161 147 95 143 145
split_gain=18.8727 6.10903 5.62266 6.3721 4.71505 4.32512 4.18979 3.59423 3.60309 5.81948 3.57079 3.45711 4.13786 3.2871 3.09251 3.19539 2.91261 2.88529 4.93178 3.17391 3.51238 3.08209 4.37846 4.4128 5.1973 3.45992 3.36928 2.91638 3.98991 2.74991
threshold=8.071428571428573 14.500000000000002 0.69047621000000003 0.38750000000000007 1.0000000180025095e-35 1.0000000180025095e-35 59.500000000000007 1.5000000000000002 1.0000000180025095e-35 69.500000000000014 13.438129472490855 3.6333333333333337 1.5000000000000002 3.5000000000000004 5.0398369274603256 1.0000000180025095e-35 23.500000000000004 0.61250000000000016 0.34848484848484851 13500.000000000002 21339.285714285717 1.4166667000000002 59.833333333333336 1.0833333000000003 0.57738095238095244 1.6333333333333335 13.500000000000002 3.5000000000000004 4.0393888659823265 54.583333333333336
decision_type=2 2 2 2 2 2 2 2 2 2 10 2 2 2 10 2 2 2 2 10 10 2 2 2 2 2 2 2 10 2
left_child=1 2 3 -1 14 17 16 8 9 -8 -7 -6 13 -13 15 29 -2 19 -19 21 -21 -4 23 24 -23 -24 27 28 -25 -5
right_child=6 -3 5 4 11 10 7 -9 -10 -11 -12 12 -14 -15 -16 -17 -18 18 -20 20 -22 22 25 26 -26 -27 -28 -29 -30 -31
leaf_value=0.031609880678081438 -0.016747638676689415 -0.041510958872953793 0.039437858286201576 -0.01242687440425796 0.017258766500318656 0.005321235551897 -0.041696243151233249 -0.040845333986907179 0.075020571585718676 0.062750421960429834 0.041177771930511503 0.0040745372636047782 0.017269739151360427 -0.039804299281550826 0.035963067981803619 0.041980363143223759 -0.037061359224138689 -0.016634761476967932 0.035696881143713943 -0.033329304677697701 0.0049125790955434692 0.073970485760470911 0.030815680670789561 0.020680160919252566 0.0043624105886120859 -0.015521034018862088 -0.028202991720736089 0.052479576500740178 -0.014077344442659546 0.023027303345653938
leaf_weight=12.254537530243395 43.669983707368374 6.5324377045035353 8.1384871602058393 29.509062744677067 5.5448091626167288 10.303730651736261 3.1384871825575811 2.743601381778717 2.5148660615086555 2.3190605938434601 21.289712622761726 5.1577301174402264 4.914422594010829 24.747470028698444 6.4880944043397895 3.8633467704057685 29.610882841050625 5.7764833420515087 20.407009899616241 9.8027247861027735 15.495522178709505 6.2162945419549924 4.7889610528945949 24.595421604812145 4.7160918116569519 25.373556077480316 5.473572425544261 4.3077935427427283 12.429141275584696 6.7134846523404113
leaf_count=48 473 61 32 168 29 41 31 28 16 15 75 34 34 210 30 19 340 25 77 49 91 26 20 104 24 133 29 18 69 29
internal_value=0.000141944 0.00628381 0.00740565 -0.00214435 -0.00690222 0.0126944 -0.0206856 0.00851644 0.0255036 0.00268599 0.0294837 -0.01941 -0.0252493 -0.0322365 0.00393792 -0.00124551 -0.0249559 0.00909877 0.0241517 0.00585049 -0.00990563 0.0100009 0.00727542 0.015341 0.0439425 -0.00816406 0.00866061 0.0135424 0.00901207 -0.0058558
internal_weight=368.837 284.84 278.307 99.193 86.9384 179.115 83.9969 10.716 7.97241 5.45755 31.5934 40.3644 34.8196 29.9052 46.574 40.0859 73.2809 147.521 26.1835 121.338 25.2982 96.0393 87.9008 57.7383 10.9324 30.1625 46.8059 41.3324 37.0246 36.2225
internal_count=2378 1475 1414 601 553 813 903 90 62 46 116 307 278 244 246 216 813 697 102 595 140 455 423 270 50 153 220 191 173 197
is_linear=0
shrinkage=0.05


Tree=66
num_leaves=31
num_cat=0
split_feature=141 149 98 149 2 111 143 126 146 145 0 72 140 124 128 99 67 156 149 100 151 152 143 149 149 149 147 149 143 142
split_gain=11.9353 6.91903 6.24514 5.41401 3.5952 3.91421 3.13651 4.80118 4.15509 6.59934 4.43186 4.88244 4.42164 3.54886 3.65282 7.89147 3.4973 3.104 5.35433 4.42043 5.4385 5.76981 4.36203 4.03709 3.94719 3.91825 3.82069 3.78268 4.20811 3.78099
threshold=13.500000000000002 228.50000000000003 1.0000000180025095e-35 45.500000000000007 7.5000000000000009 4.5000000000000009 4.5862097778857214 1.0000000180025095e-35 28.500000000000004 18.100000000000005 131000.00000000001 1.0000000180025095e-35 9.2916666666666696 1.0000000180025095e-35 1.0000000180025095e-35 1.0000000180025095e-35 1.0000000180025095e-35 0.6515151515151516 85.500000000000014 3.5000000000000004 2.5000000000000004 1.5000000000000002 2.1014931715128884 145.50000000000003 129.50000000000003 132.50000000000003 18.500000000000004 124.50000000000001 3.4475653227243943 5.5000000000000009
decision_type=2 2 2 2 2 2 8 2 2 2 10 2 2 2 2 2 2 2 2 2 2 2 10 2 2 2 2 2 10 2
left_child=2 -2 -1 -4 5 6 8 13 -5 -10 11 12 17 14 15 -8 -16 19 -19 20 21 22 23 25 29 -11 -24 -20 -29 -21
right_child=1 -3 3 4 -6 -7 7 -9 9 10 -12 -13 -14 -15 16 -17 -18 18 27 24 -22 -23 26 -25 -26 -27 -28 28 -30 -31
leaf_value=-0.011475948553624068 -0.026173646375345579 0.063766876377383042 -0.041293277073566427 0.057455238721499748 -0.034788762051633532 0.059054778514959987 0.073730670288763206 0.060998240002141817 -0.037993775475283931 0.038800646594194993 -0.02954037837902794 -0.017612231325543955 0.067373430678645638 0.05839352681431164 0.011094530378612431 -0.0046563839814447424 -0.026707632803449122 0.041656461364567049 -0.038172900597639219 0.029166152859886881 0.077913934248849986 -0.03372389162129235 0.022867650263898285 0.01337195074438847 -0.031325341709997713 0.10061808400471882 -0.017568021282918633 -0.013732438164956035 0.056200473449494061 -0.023559301911426807
leaf_weight=47.453803241252899 46.3263941667974 2.2418043389916411 5.3133957535028449 3.8100941181182852 4.4240682125091544 4.112783156335353 6.2038082033395749 6.287692315876483 8.5681635886430723 6.4549201875925082 7.7061030492186537 14.655772678554056 3.628636308014392 4.2400158718228331 24.675316922366619 6.6551205664873123 8.1357370093464834 5.173419043421748 9.609997287392618 10.56929022818804 4.238233119249343 4.7191465049982062 24.7836958989501 6.4900701865553847 7.822275683283805 4.2518553882837296 7.6435890644788733 8.1671080365776998 2.9202813580632201 5.0128728076815596
leaf_count=436 623 14 50 20 30 20 27 28 58 35 65 91 31 22 149 35 48 30 67 59 17 29 133 34 50 17 53 54 16 37
internal_value=0.000755263 -0.0220222 0.00494997 0.00855408 0.00980957 0.0107649 0.00978374 0.0198233 0.00592531 0.00454671 0.00726992 0.0095187 0.0130853 0.0146361 0.0105736 0.0331616 0.00172121 0.0112589 -0.00384094 0.0160237 0.0233621 0.0191076 0.0241317 0.044488 -0.00234441 0.0633495 0.0133364 -0.0152133 0.00468703 0.0122041
internal_weight=312.295 48.5682 263.727 216.273 210.96 206.536 202.423 56.1977 146.226 142.415 133.847 126.141 111.485 49.91 45.67 12.8589 32.8111 107.857 25.8708 81.9859 58.5815 54.3433 49.6241 17.1968 23.4044 10.7068 32.4273 20.6974 11.0874 15.5822
internal_count=2378 637 1741 1305 1255 1225 1205 309 896 876 818 753 662 281 259 62 197 631 167 464 318 301 272 86 146 52 186 137 70 96
is_linear=0
shrinkage=0.05


Tree=67
num_leaves=31
num_cat=0
split_feature=140 22 98 0 144 68 0 159 141 145 148 144 144 12 144 71 145 146 18 149 130 102 154 162 163 147 148 161 101 112
split_gain=48.5369 11.3081 9.03441 7.13049 6.80576 6.0951 6.01345 5.82044 5.27285 5.59863 8.25735 5.15673 4.85567 4.59109 4.32676 4.31766 4.21554 3.6715 3.64266 3.22232 3.18755 3.61922 3.42471 2.89422 3.6868 7.41715 3.57933 2.89177 4.26193 2.87071
threshold=7.7750000000000012 1.0000000180025095e-35 1.1000000000000003 175500.00000000003 20.500000000000004 1.0000000180025095e-35 15500.000000000002 0.63333333333333341 13.500000000000002 20.900000000000002 22.419955543609131 14.500000000000002 31.500000000000004 2.5000000000000004 21.500000000000004 1.0000000180025095e-35 24.916666666666668 79.500000000000014 4.5000000000000009 136.50000000000003 65.500000000000014 1.0000000180025095e-35 0.22500000000000003 22916.666666666668 0.21111111111111114 47.500000000000007 1.0606601717798216 1.9000000000000001 11.875000000000002 0.91666665500000011
decision_type=2 2 2 10 2 2 10 2 2 2 10 2 2 2 2 2 2 2 2 2 2 2 2 10 2 2 10 2 2 2
left_child=1 2 4 5 7 6 12 -1 9 18 11 -11 27 -14 -13 19 -7 -12 -3 -6 -4 22 -22 24 25 -9 -27 -2 29 -29
right_child=3 8 20 -5 15 16 -8 23 -10 10 17 14 13 -15 -16 -17 -18 -19 -20 -21 21 -23 -24 -25 -26 26 -28 28 -30 -31
leaf_value=-0.033335324508042205 -0.038761703444874493 -0.0096644886927710165 -0.042146709405539794 0.04441073583620625 0.012716603893384908 -0.0066820510210220717 0.033604978895350961 0.026624782816918088 0.030447599953441082 -0.0035441568816997819 -0.030675309971378281 0.034047468246824419 0.034117656308407018 -0.021978017394725324 0.0060538483085870445 0.023047254353216938 0.026313743478096875 0.012391141187673236 -0.044451789070016401 -0.02346581084974541 -0.025316567713658006 -0.053079832829804621 0.016566638531611288 0.017533171301562511 -0.026617055654574756 -0.045336315558591717 0.0018396525793735255 -0.040328123709528402 0.03746626028314861 0.0062533481790690701
leaf_weight=39.33182218670845 10.569218948483469 20.492119967937469 40.281841024756432 26.084820672869682 10.554773658514025 10.708196848630903 12.624067008495329 13.336480379104616 12.141270652413366 61.69309101998806 25.382636979222301 23.031767055392265 11.269480973482134 5.3930428326129904 34.449573770165443 19.239053055644035 100.8141587972641 6.1474359929561606 11.892332479357718 14.756087765097616 13.412996530532842 6.3709115087985984 7.6726396679878226 8.8899817764759046 26.738627597689629 8.7774634361267108 7.4192053824663153 7.4478578567504901 4.320622205734252 5.9497704058885574
leaf_count=126 43 68 136 153 34 52 58 46 51 202 82 85 55 22 123 71 531 20 39 47 43 21 24 32 85 28 24 30 20 27
internal_value=-0.000460552 -0.0101904 -0.0180513 0.0200784 -0.01117 0.0163249 0.00311314 -0.0181464 -0.00146176 -0.00357778 0.000475297 0.00649532 -0.0054504 0.0159616 0.0172704 0.00519338 0.0231455 -0.0222786 -0.0224392 -0.00837754 -0.033192 -0.0200545 -0.0100761 -0.00897831 -0.0131667 -0.000988997 -0.0237264 -0.018063 -0.00571583 -0.0196417
internal_weight=607.193 412.012 216.782 195.181 149.043 169.096 57.5741 104.494 195.23 183.089 150.705 119.174 44.95 16.6625 57.4813 44.5499 111.522 31.5301 32.3845 25.3109 67.7384 27.4565 21.0856 65.1618 56.2718 29.5331 16.1967 28.2875 17.7183 13.3976
internal_count=2378 1387 717 991 493 838 255 341 670 619 512 410 197 77 208 152 583 102 107 81 224 88 67 215 183 98 52 120 77 57
is_linear=0
shrinkage=0.05


Tree=68
num_leaves=31
num_cat=0
split_feature=140 164 101 144 65 0 161 146 100 71 148 159 144 130 156 77 145 142 12 55 149 99 154 130 146 65 146 148 2 12
split_gain=11.9813 5.40855 5.42896 4.97488 4.69516 4.21799 4.35948 8.62961 3.81434 5.28066 4.78891 3.56401 5.68765 3.51609 3.505 3.20974 3.60464 3.70559 3.19811 3.17482 5.61114 3.90475 3.13407 2.95657 4.63831 7.25641 3.41912 2.77955 2.67394 2.48427
threshold=6.5357142857142865 0.45000000000000007 2.4166666500000002 32.500000000000007 1.0000000180025095e-35 91000.000000000015 1.2250000000000003 57.500000000000007 3.5000000000000004 1.0000000180025095e-35 17.015923870529338 0.53571428571428581 14.500000000000002 38.500000000000007 0.44155844155844154 1.0000000180025095e-35 48.583333333333336 1.0000000180025095e-35 1.5000000000000002 1.0000000180025095e-35 194.50000000000003 2.5000000000000004 0.15476190476190474 63.500000000000007 58.500000000000007 1.0000000180025095e-35 30.500000000000004 15.538929086510205 3.5000000000000004 2.5000000000000004
decision_type=2 2 2 2 2 10 2 2 2 2 8 2 2 2 2 2 2 2 2 2 2 2 2 2 2 2 2 10 2 2
left_child=1 2 -1 5 8 6 7 18 9 15 -11 12 -6 28 -14 16 17 27 -2 -3 21 -21 -15 24 26 -26 -8 -4 -10 -13
right_child=3 19 4 -5 11 -7 23 -9 13 10 -12 29 14 22 -16 -17 -18 -19 -20 20 -22 -23 -24 -25 25 -27 -28 -29 -30 -31
leaf_value=0.053782005566289738 -0.04023633275767502 -0.0321864903449137 -0.011759666602771704 -0.036711594609979747 0.053355400343159845 -0.038960948121104386 0.04417817394138418 0.12145268564415118 0.017683527175333787 0.065904388452122042 -0.0018912749902983391 -0.026098813672855825 0.032058948781592191 0.002895041560754116 -0.041035510689986919 -0.027806371226033827 0.053039897255768464 -0.042189099471139295 0.050496998369796278 -0.040711002453162802 0.083731356258123335 0.0364768579195947 0.058896261102708229 -0.033766745442219741 -0.040814185934688087 0.074294563326883126 -0.020477500443895267 0.035787374844360335 0.060767732612588589 0.033494898884769642
leaf_weight=7.6559631898999205 2.4489296302199355 11.507499448955059 6.2608674429357105 21.667931240051985 5.3876516371965426 8.8515439480543119 2.3500953093171182 2.0573703795671463 5.4088412225246456 6.1212673708796475 4.5342655405402192 16.758999504148964 2.5618546418845654 13.226377662271263 4.5580505430698395 9.574375946074726 3.5556500330567351 4.3325076736509791 1.6094442456960676 4.5564687363803387 1.9016547501087187 2.5584515742957592 3.0801751539111129 8.2852995693683607 2.0072929225862017 4.3065143004059792 15.737777993082998 6.0381566919386387 10.776217952370642 1.9525371156632889
leaf_count=40 33 137 47 484 31 197 34 12 24 43 36 207 19 91 54 87 26 37 16 52 11 27 14 142 24 60 287 44 44 18
internal_value=-9.17422e-06 0.00881324 0.013145 -0.0168476 0.0101571 -0.00781558 -0.000710805 0.0380345 0.0171047 0.00685069 0.0370552 -0.00606812 0.0145951 0.0298599 -0.014735 -0.00396343 0.0073448 -0.00242434 -0.00425388 -0.0147793 0.00743675 -0.012955 0.0134732 -0.00796006 0.000802286 0.0376991 -0.012077 0.0115834 0.0463695 -0.0198802
internal_weight=201.63 132.308 111.784 69.3222 104.128 47.6543 38.8027 6.11574 72.9087 40.4171 10.6555 31.2191 12.5076 32.4916 7.11991 29.7616 20.1872 16.6315 4.05837 20.5241 9.01658 7.11492 16.3066 32.687 24.4017 6.31381 18.0879 12.299 16.1851 18.7115
internal_count=2378 1089 862 1289 822 805 608 61 493 320 79 329 104 173 73 241 154 128 49 227 90 79 105 547 405 84 321 91 68 225
is_linear=0
shrinkage=0.05


Tree=69
num_leaves=31
num_cat=0
split_feature=140 141 98 159 71 147 69 96 130 144 101 26 55 130 143 147 101 40 148 143 125 144 161 101 143 145 148 80 112 54
split_gain=16.9111 5.65938 5.04288 5.75828 4.38456 4.02289 3.90137 3.36552 3.28991 4.76425 3.24933 3.48422 3.11276 5.38116 3.00749 2.93189 2.82115 5.12738 4.57448 2.79571 3.03002 2.74807 4.45065 2.86405 2.62019 5.35692 5.27644 3.93694 3.68533 3.90155
threshold=8.071428571428573 14.500000000000002 0.69047621000000003 0.38750000000000007 1.0000000180025095e-35 59.500000000000007 1.0000000180025095e-35 1.5000000000000002 44.500000000000007 13.500000000000002 3.1000000000000005 1.0000000180025095e-35 1.0000000180025095e-35 69.500000000000014 3.1637144063349596 23.500000000000004 11.366666500000003 1.0000000180025095e-35 16.92384887090342 5.0398369274603256 1.0000000180025095e-35 11.500000000000002 1.9000000000000001 4.7083332500000008 4.0228508600522819 19.791666666666668 13.780804519157961 1.0000000180025095e-35 0.91666665500000011 1.0000000180025095e-35
decision_type=2 2 2 2 2 2 2 2 2 2 2 2 2 2 10 2 2 2 10 10 2 2 2 2 8 2 10 2 2 2
left_child=1 2 3 -1 19 15 16 12 14 -10 -6 -12 13 -7 -8 -2 24 -18 -19 20 21 22 -5 -23 25 26 -4 -27 -26 -30
right_child=5 -3 6 4 10 7 8 -9 9 -11 11 -13 -14 -15 -16 -17 17 18 -20 -21 -22 23 -24 -25 28 27 -28 -29 29 -31
leaf_value=0.029693433878946025 -0.015952964993646485 -0.041282062036927782 0.011119130887373662 0.048108216043106694 0.028157310380518569 -0.041548083148324089 -0.018122692025747813 -0.040644049366981308 0.013511676359210049 0.065920860671506237 -0.027638591919157823 0.032003156232718405 0.069383873362243095 0.058970821974192879 0.028644289190977959 -0.036746498837190493 0.067773376762960344 0.033169938606890936 -0.043898841403716936 0.033779071157201995 0.033505161270031635 0.021534371793051024 -0.010277561257592834 -0.02747175046794801 0.022513313134924301 0.00062584986351660831 0.063862918740951735 0.040630880523256821 0.0038002662652732535 -0.028195729377836716
leaf_weight=12.431159742176531 42.436001241207123 6.2143506333231917 10.496724039316179 4.9921900853514662 3.3523340970277777 3.002393424510954 5.7033369988203075 2.604990914463996 7.8805010244250324 9.6417247056961042 33.615655556321144 2.6411446630954734 2.6284664273262024 2.392338253557682 8.6536760032176954 28.229550004005432 5.4511246681213352 5.3520165756344795 3.0073176026344299 6.6209030002355567 5.409026898443698 3.636455804109576 9.4285983070731145 16.550895653665066 11.202028594911097 58.167076356709003 8.6486664861440641 6.8770230859518042 22.023262932896614 16.792270973324776
leaf_count=48 473 61 41 22 17 31 23 28 30 31 272 18 16 15 32 340 20 26 22 30 26 19 52 97 56 271 29 27 110 95
internal_value=0.000168034 0.00590963 0.00696237 -0.00212084 -0.00670635 -0.019946 0.0119448 0.00873434 0.0278108 0.0423502 -0.0189394 -0.023294 0.0247666 0.00302785 0.0100661 -0.0242596 0.00852761 0.030046 0.00544401 0.00368299 -0.00129646 -0.00673573 0.00993443 -0.018644 0.00631327 0.0116982 0.0349454 0.00485553 -0.00275066 -0.0100418
internal_weight=366.083 284.789 278.575 98.6784 86.2472 81.2937 179.897 10.6282 31.8792 17.5222 39.6091 36.2568 8.0232 5.39473 14.357 70.6656 148.018 13.8105 8.35933 46.6381 40.0172 34.6081 14.4208 20.1874 134.207 84.1895 19.1454 65.0441 50.0176 38.8155
internal_count=2378 1475 1414 601 553 903 813 90 116 61 307 290 62 46 55 813 697 68 48 246 216 190 74 116 629 368 70 298 261 205
is_linear=0
shrinkage=0.05


Tree=70
num_leaves=31
num_cat=0
split_feature=141 9 98 149 112 150 99 144 163 142 143 143 81 153 65 145 100 145 99 129 99 146 160 101 68 149 115 94 15 98
split_gain=10.7555 6.53703 5.64639 5.0961 3.39062 3.53838 3.50391 4.58162 4.0031 4.65579 4.52268 3.98173 4.65188 3.40195 3.27169 5.46462 6.67938 3.20356 3.26397 3.18121 3.85642 3.57339 3.14095 3.06733 3.06543 3.01019 2.97845 2.97023 4.90884 3.02546
threshold=13.500000000000002 3.5000000000000004 1.0000000180025095e-35 45.500000000000007 1.4500000000000002 0.37980769230769235 9.5000000000000018 37.500000000000007 0.34848484848484851 1.0000000180025095e-35 2.5232168032791438 1.0244044240850758 1.0000000180025095e-35 1.0000000180025095e-35 1.0000000180025095e-35 34.583333333333336 5.5000000000000009 64.583333333333357 2.5000000000000004 1.0000000180025095e-35 3.5000000000000004 76.500000000000014 0.2678571428571429 6.2678570500000008 1.0000000180025095e-35 80.500000000000014 1.0000000180025095e-35 3.5000000000000004 5.5000000000000009 0.36666667500000005
decision_type=2 2 2 2 2 2 2 2 2 2 10 10 2 2 2 2 2 2 2 2 2 2 2 2 2 2 2 2 2 2
left_child=2 14 24 -4 5 6 7 8 11 -10 -11 19 17 22 15 16 -2 18 -13 20 25 -21 27 -20 26 -5 -1 28 29 -6
right_child=1 -3 3 4 13 -7 -8 -9 9 10 -12 12 -14 -15 -16 -17 -18 -19 23 21 -22 -23 -24 -25 -26 -27 -28 -29 -30 -31
leaf_value=0.0067120270271527607 0.077704946043664291 0.061162370168055959 -0.041138715322580489 0.016198900624395045 0.044973687008141618 -0.017823770543276669 -0.021892123947162688 0.076017088678193526 0.065121463861358836 0.049273202657123233 -0.016044794670802952 -0.013160954321403309 0.05655800940238194 -0.01743188977277433 -0.032668448757268369 -0.040107245684372572 -0.040504147125058322 -0.029103045828465748 0.059178674145394065 0.020029298376215351 0.044734502888494586 0.07553946855817556 -0.03245125978114325 0.0035395378456864225 -0.025907239024714035 -0.034044906738730528 -0.041024677275385002 -0.019643295839412968 0.064051986764791388 0.0063545881627228018
leaf_weight=23.134042464196686 3.320478141307829 2.2866951674222937 5.1267425231635562 7.8484303355216998 5.4570161104202262 7.1919314451515666 5.0593871548771849 3.6151548326015464 8.8838298097252864 5.2105110362172109 5.3932234421372414 11.127172805368906 3.3878193572163573 16.801213771104813 34.838602758944035 4.5059534497559071 1.8669034317135809 9.6278099045157415 4.140353247523306 6.1268248260021227 6.4026040211319915 5.5033278465270996 4.7927008792757979 6.1661312952637672 19.899014048278332 4.8068025484681129 3.8050158768892279 8.1725873127579671 4.2870353460311881 71.766737468540668
leaf_count=178 29 15 50 41 31 46 49 21 38 29 37 75 19 112 512 59 22 60 20 27 30 19 38 41 219 30 39 56 17 419
internal_value=0.000798667 -0.0212861 0.00471921 0.00811896 0.00931144 0.0159691 0.018574 0.0208941 0.0185393 0.0384211 0.0160515 0.0125911 0.000923426 0.00329915 -0.0255198 0.000173198 0.0351623 -0.00514454 0.00561741 0.0256889 0.013113 0.0462964 0.00698587 0.0258911 -0.0110242 -0.00288507 -3.0559e-05 0.0090934 0.0119747 0.00908361
internal_weight=310.552 46.8186 263.733 216.895 211.769 100.491 93.2994 88.24 84.6248 19.4876 10.6037 65.1373 34.4493 111.277 44.5319 9.69334 5.18738 31.0615 21.4337 30.688 19.0578 11.6302 94.4761 10.3065 46.8381 12.6552 26.9391 89.6834 81.5108 77.2238
internal_count=2378 637 1741 1305 1255 582 536 487 466 104 66 362 215 673 622 110 51 196 136 147 101 46 561 61 436 71 217 523 467 450
is_linear=0
shrinkage=0.05


Tree=71
num_leaves=31
num_cat=0
split_feature=140 6 163 143 160 159 0 156 156 0 130 147 68 143 157 99 148 66 145 143 0 119 143 159 143 101 54 99 101 101
split_gain=43.346 10.4091 9.61457 7.37342 7.05699 6.99604 5.34364 5.18153 4.11277 3.85131 3.62275 4.34349 3.5283 5.12543 3.59016 3.42964 3.66161 3.37147 3.35881 3.34021 3.96753 3.31914 3.31267 7.08773 6.41166 4.47676 4.38926 5.44314 3.07864 3.52901
threshold=7.7750000000000012 1.0000000180025095e-35 0.41428571428571431 6.0484118474961361 0.18333333333333332 0.63333333333333341 175500.00000000003 0.2678571428571429 0.21111111111111114 125259.00000000001 40.500000000000007 11.500000000000002 1.0000000180025095e-35 4.6200319757804902 1.5000000000000002 7.5000000000000009 16.852296644401019 1.0000000180025095e-35 21.083333333333339 3.5237092451084924 57500.000000000007 1.0000000180025095e-35 4.6618968466139084 0.81666666666666676 2.3273044783351096 12.291666500000002 1.0000000180025095e-35 9.5000000000000018 10.775000000000002 7.7750001000000006
decision_type=2 2 2 10 2 2 10 2 2 10 2 2 2 8 2 2 10 2 2 8 8 2 10 2 10 2 2 2 2 2
left_child=1 2 3 5 6 17 7 19 -7 10 11 15 13 -3 -14 16 -4 -1 -11 -2 21 -21 23 24 -9 -26 27 -25 29 -16
right_child=4 12 9 -5 -6 8 -8 22 -10 18 -12 -13 14 -15 28 -17 -18 -19 -20 20 -22 -23 -24 26 25 -27 -28 -29 -30 -31
leaf_value=-0.015728009751692872 -0.037306706325986351 -0.022624326678848582 -0.036358723315441557 0.035340702853164513 0.034253402348519722 -0.022897619638142908 0.04455188350868753 0.026826776666834334 0.00081897724794684039 -0.023421281405662804 -0.037798723999300593 0.01618855266007338 0.049840911581165229 0.032615844062624549 0.022278475721601562 0.0023145646669792681 -0.0011877395327892014 -0.041834643407935586 0.030887798100981152 -0.0013252255425357138 -0.041313919689820032 0.048293598164284461 0.03604199174020821 0.022343028560306358 -0.052684267576906946 0.0061741587026810929 0.031630514079903659 -0.028692907788455974 0.037979304529170067 -0.024331327912281136
leaf_weight=57.781970784068108 7.5316955596208599 13.495224446058275 38.821689456701279 9.9414057582616788 55.265178352594376 21.269029721617699 12.234796911478041 6.7016940116882351 130.0611754655838 5.7200551182031614 45.315349936485291 7.575617551803588 8.2848244905471784 6.0959346741437903 8.2595787793397957 10.167837917804716 9.1430410295724851 15.734332054853438 5.6680017858743668 12.132095500826841 4.3105049580335608 4.6667668223381034 16.328570038080215 13.893070176243784 9.3890295922756177 4.9253706485033026 34.479668214917183 8.3730535209178907 7.5630338042974463 7.9891151785850516
leaf_count=184 29 46 130 37 334 69 72 31 444 20 150 24 35 20 31 33 30 51 21 52 19 22 89 68 37 20 179 39 33 29
internal_value=-0.000513575 -0.00968692 -0.0127216 -0.00679844 0.0192038 -0.00866159 0.0130414 0.00990016 -0.00251432 -0.0240823 -0.0269227 -0.0194221 0.0112849 -0.00543594 0.021491 -0.0240628 -0.0296544 -0.0213155 0.00360914 -0.00872068 0.00147865 0.012459 0.0155683 0.0112692 -0.0135353 -0.032432 0.0204557 0.00315125 0.0116272 -0.00063851
internal_weight=599.119 408.887 357.2 234.788 190.231 224.847 134.966 122.732 151.33 122.412 111.024 65.7082 51.6877 19.5912 32.0966 58.1326 47.9647 73.5163 11.3881 28.6411 21.1094 16.7989 94.0905 77.7619 21.0161 14.3144 56.7458 22.2661 23.8117 16.2487
internal_count=2378 1387 1193 785 991 748 657 585 513 408 367 217 194 66 128 193 160 235 41 122 93 74 463 374 88 57 286 107 93 60
is_linear=0
shrinkage=0.05


Tree=72
num_leaves=31
num_cat=0
split_feature=140 164 99 144 98 144 0 161 146 65 146 130 146 65 146 19 55 149 99 68 12 130 22 8 143 101 101 122 159 127
split_gain=10.8473 4.76442 5.16316 4.19943 5.94224 4.09843 3.95372 3.76711 7.69581 3.6141 3.37826 2.99601 3.98929 6.03701 3.56915 4.45997 2.99579 4.87471 3.64096 2.84917 2.82925 2.81135 2.52255 2.79299 2.4299 2.34215 2.75698 4.08234 3.49965 3.37321
threshold=6.4142857142857155 0.45000000000000007 4.5000000000000009 13.500000000000002 1.2916667000000002 32.500000000000007 91000.000000000015 1.2250000000000003 57.500000000000007 1.0000000180025095e-35 61.500000000000007 63.500000000000007 58.500000000000007 1.0000000180025095e-35 40.500000000000007 7.5000000000000009 1.0000000180025095e-35 194.50000000000003 2.5000000000000004 1.0000000180025095e-35 1.5000000000000002 38.500000000000007 1.0000000180025095e-35 1.0000000180025095e-35 2.5232168032791438 9.5357141500000022 7.7750001000000006 1.0000000180025095e-35 0.30952380952380959 1.0000000180025095e-35
decision_type=2 2 2 2 2 2 10 2 2 2 2 2 2 2 2 2 2 2 2 2 2 2 2 2 8 2 2 2 2 2
left_child=1 2 3 22 10 6 7 8 20 21 -5 12 14 -14 15 -9 -3 18 -18 -17 -2 -6 23 -1 -24 26 28 -28 -4 -30
right_child=5 16 25 4 9 -7 -8 11 -10 -11 -12 -13 13 -15 -16 19 17 -19 -20 -21 -22 -23 24 -25 -26 -27 27 -29 29 -31
leaf_value=0.028194350021292544 -0.040078128453551881 -0.031615234358567883 0.048307536457070872 -0.031789395584995182 0.063399893822370268 -0.034264770946337557 -0.038891281508477031 0.08083119167960795 0.10979871837477423 -0.011500764579470331 0.019852860245574467 -0.033815973739484868 -0.040659911177466923 0.064584071923923764 -0.027263474691299517 0.039782505581633133 -0.0405969224283243 0.076158274602777354 0.033953768540107322 -0.039241050451614662 0.043057658181338151 0.01604689717249996 0.038340184786437234 0.061484027599595759 -0.0060163335028710083 -0.041273347651031175 -0.012949895492626099 0.060282365187416788 -0.019487404969861358 0.044691354575227549
leaf_weight=19.57599297165871 2.4747364893555632 10.875338327139616 2.598332047462466 10.518870413303373 6.5242383331060427 21.079925742000341 8.5020905807614309 1.9926524274051249 2.1912164576351643 4.5172355361282817 4.5308912545442572 8.4511350356042367 1.9212345294654358 4.6861678175628185 12.217995479702948 1.8784452527761457 4.3233561106026173 2.0031771883368492 2.6365453824400902 2.9039950259029865 1.7449768148362634 6.0327420085668564 5.2410278916358921 9.2911968901753408 7.5143025293946275 3.5644497014582148 3.4390344545245162 4.2607572004199028 20.199296291917566 2.2783201150596133
leaf_count=108 35 132 15 118 24 489 199 22 12 33 40 149 24 62 228 28 51 11 27 55 17 32 30 35 54 42 36 37 212 21
internal_value=2.85007e-05 0.00857896 0.0126435 0.0202448 0.00666336 -0.0158317 -0.00789599 -0.00138319 0.0337774 0.0268528 -0.0162419 -0.0080029 0.000518407 0.0339823 -0.0111232 0.0179838 -0.013976 0.00742649 -0.0123557 -0.00820221 -0.00569901 0.0406501 0.0307268 0.038909 0.0122093 -0.00278191 0.00140414 0.0275739 -0.00663152 -0.0129823
internal_weight=199.97 129.925 110.087 73.7465 32.124 70.0446 48.9646 40.4626 6.41093 17.0742 15.0498 34.0516 25.6005 6.6074 18.9931 6.77509 19.8384 8.96308 6.9599 4.78244 4.21971 12.557 41.6225 28.8672 12.7553 36.3402 32.7757 7.69979 25.0759 22.4776
internal_count=2378 1058 837 474 247 1320 831 632 64 89 158 568 419 86 333 105 221 89 78 83 52 56 227 143 84 363 321 73 248 233
is_linear=0
shrinkage=0.05


Tree=73
num_leaves=31
num_cat=0
split_feature=140 141 162 163 159 111 161 117 130 96 100 143 143 148 70 143 101 162 140 98 143 147 122 130 105 22 144 101 101 143
split_gain=15.1206 5.26473 4.68743 3.89042 4.46883 4.4761 3.94499 3.8887 4.05337 4.36797 5.98695 5.0731 3.83481 5.1644 4.80236 3.9492 3.72831 3.49231 3.46532 3.38914 3.57783 3.269 4.66509 4.09526 3.10432 3.07136 3.88837 5.67794 5.32192 3.80287
threshold=8.071428571428573 14.500000000000002 32416.666666666668 0.41428571428571431 0.72077922077922085 1.5000000000000002 0.90454545454545465 1.0000000180025095e-35 64.500000000000014 1.5000000000000002 5.5000000000000009 3.5237092451084924 4.025809492529155 23.583185836107926 1.0000000180025095e-35 3.2054617129463341 9.3666663000000003 20423.166666666668 5.366666666666668 0.55000001000000009 4.3627191909453797 57.500000000000007 1.0000000180025095e-35 69.500000000000014 1.0000000180025095e-35 1.0000000180025095e-35 14.500000000000002 6.8750000000000009 2.1666666500000002 2.8990705651295672
decision_type=2 2 10 2 2 2 2 2 2 2 2 10 10 8 2 10 2 8 2 2 10 2 2 2 2 2 2 2 2 8
left_child=1 2 3 4 5 -1 -7 8 -2 10 11 -10 13 15 24 16 -5 -16 -17 -4 -21 -6 -23 -24 -14 26 28 -28 -8 -30
right_child=7 -3 19 12 21 6 25 -9 9 -11 -12 -13 14 -15 17 18 -18 -19 -20 20 -22 22 23 -25 -26 -27 27 -29 29 -31
leaf_value=0.038974385209671059 -0.027270502953845102 -0.041099784027689504 -0.04195932810319114 0.00050300791273595244 -0.013121258200758868 -0.032230588840692471 0.042690534093693971 0.034592983909309996 0.013281705922702551 -0.040429862541566573 -0.016264252776633577 0.11464445024202485 0.0042733860222982116 0.063935640689690862 -0.040668661326691939 0.046154310239093888 0.03857828651904234 0.017069286735598641 0.0027129316148886314 -0.022799947504802968 0.031433060103530801 0.033638295914611191 0.016847490481816545 -0.045676801227918451 0.044076478181222407 -0.0026738678459655553 0.069634732703655902 0.0097058725236977301 -0.036373829866178785 0.015416383061911688
leaf_weight=12.297518812119959 60.524236105382442 5.9230740368366233 7.9730147197842625 30.936176255345345 48.943574860692024 6.0764841437339774 6.4866937845945385 3.220409393310546 2.7379346638917905 4.3452258482575408 5.6271113455295563 2.2478444203734398 17.262752264738086 6.8290285468101493 8.4876141324639285 17.007099315524105 8.116068556904791 3.7877152338624009 6.2879628464579573 7.3148119226098043 5.2051253989338875 10.689069092273712 5.4319521263241768 5.0571589320898056 6.8394045978784552 27.587798036634922 7.5013103485107413 8.354067534208296 7.5184474885463688 6.7059902623295793
leaf_count=49 722 61 69 125 324 32 24 30 27 50 50 24 85 25 44 58 32 18 27 50 32 50 28 28 32 147 29 41 35 30
internal_value=0.000182798 0.00554658 0.00653795 0.00836475 0.00326117 0.0111469 0.00627429 -0.0192147 -0.0215104 0.00179633 0.019085 0.0589812 0.0157455 0.0226565 0.00260329 0.0181351 0.00841604 -0.0228529 0.0344283 -0.0164792 -0.000252742 -0.00601981 0.0103919 -0.0132976 0.0155682 0.00992134 0.0194239 0.0380587 0.00515799 -0.0119578
internal_weight=363.323 284.62 278.697 258.204 152.65 82.5283 70.2308 78.7028 75.4824 14.9581 10.6129 4.98578 105.554 69.1763 36.3775 62.3473 39.0522 12.2753 23.2951 20.493 12.5199 70.1218 21.1782 10.4891 24.1022 64.1543 36.5665 15.8554 20.7111 14.2244
internal_count=2378 1475 1414 1263 817 387 338 903 873 151 101 51 446 267 179 242 157 62 85 151 82 430 106 56 117 306 159 70 89 65
is_linear=0
shrinkage=0.05


Tree=74
num_leaves=31
num_cat=0
split_feature=141 149 98 149 2 112 159 147 146 148 144 142 126 141 150 19 130 162 147 94 112 161 130 156 100 144 65 145 99 162
split_gain=9.687 6.01576 5.13481 4.76736 3.33925 3.29855 3.68924 5.02313 4.77065 3.67535 6.12251 5.73086 3.75277 3.2709 6.11987 5.34116 3.96502 3.72266 3.24411 3.23963 4.06095 3.20897 3.15046 3.33346 3.14085 3.48259 3.07931 5.06732 4.31128 2.98338
threshold=13.500000000000002 228.50000000000003 1.0000000180025095e-35 45.500000000000007 7.5000000000000009 1.4500000000000002 0.86607142857142871 77.500000000000014 80.500000000000014 6.0104076400856554 9.5000000000000018 4.5000000000000009 1.0000000180025095e-35 9.5000000000000018 0.41428571428571431 5.5000000000000009 42.500000000000007 45500.000000000007 17.500000000000004 3.5000000000000004 3.7500000000000004 1.9000000000000001 28.500000000000004 0.29285714285714287 6.5000000000000009 27.500000000000004 1.0000000180025095e-35 34.583333333333336 8.5000000000000018 19754.875000000004
decision_type=2 2 2 2 2 2 2 2 2 10 2 2 2 2 2 2 2 8 2 2 2 2 2 2 2 2 2 2 2 10
left_child=2 26 -1 -4 5 6 8 29 9 11 -11 -5 18 19 15 -15 17 24 -12 20 22 -10 -7 -24 25 -17 27 28 -2 -8
right_child=1 -3 3 4 -6 13 7 -9 21 10 12 -13 -14 14 -16 16 -18 -19 -20 -21 -22 -23 23 -25 -26 -27 -28 -29 -30 -31
leaf_value=-0.010634737759059435 -0.0081402752185148388 0.057435225678356377 -0.040969217162246191 -0.029357159847697673 -0.034631906076169915 0.037239573095772777 0.0040938834387256292 0.058123419657854662 -0.034677570235950375 0.093735655722268663 0.016699914693684589 0.049607093311894418 0.078173500577491409 0.047811418436023531 0.075933752241658478 -0.00086845320579215224 -0.014704433872127817 0.061306034512599861 0.058938336733325283 -0.043116386572781801 0.050982882373112319 0.019169706905633167 0.02545998571435263 -0.013981189035724241 -0.031714800763441055 0.051041642102499743 -0.032140030046919399 -0.040009277929747657 0.0819621066725775 -0.041551044709749033
leaf_weight=46.254154443740845 2.9478096142411214 2.3428088501095763 4.915642485022544 5.474334701895712 4.3280694857239714 4.120234638452529 32.76813767850399 3.9973493516445151 4.9726932346820814 4.4528030902147284 22.998816005885605 3.9597398266196251 3.7603736668825141 7.2467765510082236 3.574189528822898 8.9066572934389168 20.096652537584305 3.7639425508677951 5.6657891646027556 4.9605404734611502 3.5258384421467772 6.2371427342295647 6.2289768159389487 38.276926502585411 4.1195649951696387 5.0703479051589957 33.026493702083826 4.3883232139050961 2.4155052155256271 4.0188901461660853
leaf_count=436 30 14 50 28 30 21 209 17 30 19 124 18 15 36 18 54 133 24 33 38 18 29 37 232 27 26 511 60 22 39
internal_value=0.000829944 -0.0205781 0.00449308 0.00771109 0.00883705 0.0097407 0.0163947 0.00489157 0.0245508 0.0316351 0.0387593 0.0037863 0.0312096 0.00378814 0.0127616 0.0081728 0.00132648 0.0160639 0.0250487 -0.00450435 -0.000831687 -0.00471699 -0.00458872 -0.00846106 0.0066539 0.0179626 -0.0248506 -0.000163022 0.0324396 -0.00089271
internal_weight=308.816 45.1209 263.695 217.44 212.525 208.197 98.3061 40.7844 57.5217 46.3119 36.8778 9.43407 32.425 109.891 52.7781 49.2039 41.9572 21.8605 28.6646 57.1125 52.152 11.2098 48.6261 44.5059 18.0966 13.977 42.7781 9.75164 5.36331 36.787
internal_count=2378 637 1741 1305 1255 1225 561 265 296 237 191 46 172 664 318 300 264 131 157 346 308 59 290 269 107 80 623 112 52 248
is_linear=0
shrinkage=0.05


Tree=75
num_leaves=31
num_cat=0
split_feature=141 140 159 94 162 70 156 69 98 112 111 99 148 71 143 145 146 98 22 100 0 98 161 150 76 141 161 148 148 99
split_gain=38.843 15.2966 8.84131 6.96865 7.05477 6.49737 4.27535 5.67955 5.60308 4.1078 3.95004 3.95632 6.35245 4.5775 3.82595 3.72369 4.231 3.60684 3.49704 4.00844 4.42763 4.4275 3.37859 3.02648 3.8479 3.4684 3.00311 3.02936 2.89434 3.00629
threshold=13.500000000000002 5.8285714285714292 0.72077922077922085 2.5000000000000004 21339.285714285717 1.0000000180025095e-35 0.29285714285714287 1.0000000180025095e-35 1.4166667000000002 2.1000000000000005 1.5000000000000002 1.0000000180025095e-35 13.300641005282253 1.0000000180025095e-35 2.8838617020628585 24.071428571428573 49.500000000000007 0.26785715000000004 1.0000000180025095e-35 5.5000000000000009 122500.00000000001 0.91666665500000011 2.5833333333333335 0.21111111111111114 1.0000000180025095e-35 4.5000000000000009 1.9000000000000001 18.524757661850938 16.205706372139986 4.5000000000000009
decision_type=2 2 2 2 10 2 2 2 2 2 2 2 8 2 10 2 2 2 2 2 8 2 2 2 2 2 2 10 10 2
left_child=1 3 5 4 10 15 7 8 14 -2 -1 12 13 -12 17 -3 -17 -4 -8 20 21 -20 -18 24 25 -13 27 -7 29 -6
right_child=9 2 6 -5 28 26 18 -9 -10 -11 11 23 -14 -15 -16 16 22 -19 19 -21 -22 -23 -24 -25 -26 -27 -28 -29 -30 -31
leaf_value=-0.03543539953458992 0.027964981378766865 -0.025773706875522662 0.018091537523134638 -0.034269949317985618 0.04796180290654501 -0.0061661432101477827 0.0025412821665416179 -0.04994342125406119 -0.034647698496006775 -0.022640604510613664 -0.019906555610130834 -0.026310312259921365 -0.029580895745152221 0.036791710617295893 0.045614368931853624 0.038719275483594495 -0.0087655299271880427 -0.034475400933553356 0.016850556431611471 0.039667213469144667 0.039761384318590685 -0.015929344058966982 0.033911330204262617 -0.032377096705269698 -0.020519931159515212 0.011415858260536753 -0.059476650642831363 -0.043535768034110668 -0.0075141751496262225 0.0042155836192062247
leaf_weight=21.924870744347572 107.05795715749264 11.765176892280577 10.025030866265302 42.095356807112694 7.7451893240213412 13.243407547473913 48.60234497487545 6.2162106335163108 7.5041178762912741 4.1661229133605948 7.2165035158395749 7.1186376214027396 52.605380535125732 7.0253561586141586 7.0923583358526221 8.018098518252371 28.031328946352005 4.837957337498664 31.746405780315399 18.905976057052612 12.438776776194571 15.249122023582457 5.5569201558828345 8.8977110087871534 18.964464336633682 42.257551237940788 6.764819160103797 9.1840131133794767 11.166893795132635 7.9669696986675262
leaf_count=72 622 42 44 146 27 44 191 20 25 15 24 23 172 23 29 31 100 18 144 84 61 57 19 28 61 138 22 30 38 28
internal_value=-0.000555324 -0.00672259 0.00201411 -0.0158384 -0.011816 -0.0113111 0.00877952 -0.00651335 0.00265079 0.0260694 -0.0156637 -0.0126551 -0.021561 0.00806209 0.015399 -0.000937656 0.00608532 0.000980806 0.0130774 0.019614 0.0132351 0.00621413 -0.00170497 -0.00494727 -0.001376 0.00597682 -0.0302766 -0.021469 0.0119479 0.0257799
internal_weight=591.391 480.167 245.182 234.985 192.89 82.5638 162.618 35.6757 29.4595 111.224 166.01 144.086 66.8472 14.2419 21.9553 53.3715 41.6063 14.863 126.943 78.3403 59.4343 46.9955 33.5882 77.2384 68.3407 49.3762 29.1922 22.4274 26.8791 15.7122
internal_count=2378 1741 961 780 634 288 673 136 116 637 541 469 219 47 91 192 150 62 537 346 262 201 119 250 222 161 96 74 93 55
is_linear=0
shrinkage=0.05


Tree=76
num_leaves=31
num_cat=0
split_feature=140 164 99 144 0 144 98 161 146 65 146 130 148 104 146 156 55 143 148 99 12 130 146 159 104 22 158 146 101 143
split_gain=9.78439 4.35338 4.62184 3.99883 3.82022 3.73432 5.45859 3.41729 6.57062 3.2106 3.18416 2.90539 3.69692 4.08064 3.27352 3.51112 2.83875 4.36407 2.79599 2.63275 2.62972 2.49382 2.43518 2.39554 3.44438 3.315 2.4092 2.67298 2.24855 2.6389
threshold=6.4142857142857155 0.45000000000000007 4.5000000000000009 32.500000000000007 91000.000000000015 13.500000000000002 1.2916667000000002 1.2250000000000003 57.500000000000007 1.0000000180025095e-35 61.500000000000007 63.500000000000007 14.603638062447127 1.0000000180025095e-35 57.500000000000007 0.44155844155844154 1.0000000180025095e-35 3.6866875904165766 13.206686832142724 10.500000000000002 1.5000000000000002 38.500000000000007 66.500000000000014 0.30952380952380959 1.0000000180025095e-35 1.0000000180025095e-35 0.45299145299145299 51.500000000000007 9.5357141500000022 4.0393888659823265
decision_type=2 2 2 2 10 2 2 2 2 2 2 2 8 2 2 2 2 8 10 2 2 2 2 2 2 2 2 2 2 8
left_child=1 2 5 4 7 23 10 8 20 21 -7 12 13 18 -14 -16 -3 -18 19 -9 -2 -8 -12 -1 25 26 -25 -28 29 -4
right_child=3 16 28 -5 -6 6 9 11 -10 -11 22 -13 14 -15 15 -17 17 -19 -20 -21 -22 -23 -24 24 -26 -27 27 -29 -30 -31
leaf_value=0.060844035806678909 -0.039973573973048362 -0.031235714750992318 -0.011584360966377685 -0.033988292202048 -0.038822922274254469 -0.031473231227348283 0.059308556542944341 -0.039299798883564725 0.099558823977813862 -0.011082796945107984 0.053215529691018282 -0.033533450490402926 -0.02693595829057064 0.094234612943592561 0.056938644662724407 -0.021695874748684767 0.032822776299777326 -0.040005758331351948 0.076600131459860415 0.036373405270254802 0.040118979126252771 0.015039901308991882 -0.019631356026561131 0.013177414806176999 -0.004597928123286534 0.0062210489647486515 0.036488811650052987 0.079055766401723196 -0.041145204443832822 0.016927704321324479
leaf_weight=5.1350152418017379 2.3740687258541575 10.564351871609688 17.927349541336298 20.15502711199224 8.0761315710842592 10.267424169927834 6.6577233821153659 2.7899421751499203 2.3188878819346428 4.4719506911933413 2.4132336899638167 8.1470982357859594 11.843702841550114 1.8511055670678613 2.9590471796691409 2.7285986989736557 5.7997755929827681 3.1874500475823888 1.225238114595413 1.9546538107097147 1.8033493161201475 6.092735543847084 2.1868177354335785 5.0189972482621696 8.0225401334464532 8.5370539613068122 9.4920279718935472 6.0314088985323897 3.4447311647236338 14.827318295836447
leaf_count=22 35 132 183 489 199 118 24 52 12 33 18 149 222 25 31 42 46 43 15 32 17 32 22 29 52 54 43 27 42 138
internal_value=4.15161e-05 0.00808504 0.0119322 -0.0152939 -0.00745586 0.0190677 0.00620989 -0.00112207 0.0320666 0.02537 -0.0159851 -0.00755811 0.000789206 0.0293756 -0.0119635 0.0192144 -0.0136632 0.00699308 0.00926435 -0.00812435 -0.00539843 0.038155 0.0185849 0.0288364 0.0244065 0.0324083 0.0432913 0.0530276 -0.00271879 0.00132242
internal_weight=198.305 130.078 110.526 68.2269 48.0718 74.3269 32.0899 39.9957 6.49631 17.2224 14.8675 33.4994 25.3523 7.82094 17.5313 5.68765 19.5516 8.98723 5.96983 4.7446 4.17742 12.7505 4.60005 42.237 37.102 29.0795 20.5424 15.5234 36.1994 32.7547
internal_count=2378 1058 837 1320 831 474 247 632 64 89 158 568 419 124 295 73 221 89 99 84 52 56 40 227 205 153 99 70 363 321
is_linear=0
shrinkage=0.05


Tree=77
num_leaves=31
num_cat=0
split_feature=140 141 162 147 163 40 50 154 125 144 162 19 11 150 148 130 163 98 143 147 109 156 2 0 19 125 130 119 141 143
split_gain=13.5367 4.88761 4.19229 3.85892 3.55057 4.16382 3.60279 5.4055 4.24664 3.58974 3.90337 5.09701 4.17014 3.8877 3.71022 3.55696 5.05515 3.30117 3.28228 3.06288 3.04914 3.03158 3.01197 2.96206 3.07914 3.21929 3.07272 2.89225 2.67905 3.22484
threshold=8.071428571428573 14.500000000000002 32416.666666666668 59.500000000000007 0.41428571428571431 1.0000000180025095e-35 1.0000000180025095e-35 0.22500000000000003 1.0000000180025095e-35 9.5000000000000018 22916.666666666668 10.500000000000002 1.0000000180025095e-35 0.76388888888888895 14.147184583897195 48.500000000000007 0.29285714285714287 0.55000001000000009 4.3627191909453797 23.500000000000004 1.0000000180025095e-35 0.21111111111111114 3.5000000000000004 66500.000000000015 8.5000000000000018 1.0000000180025095e-35 56.500000000000007 1.0000000180025095e-35 9.5000000000000018 2.9860788111948202
decision_type=2 2 10 2 2 2 2 2 2 2 10 2 2 2 8 2 2 2 10 2 2 2 2 10 2 2 2 2 2 10
left_child=1 2 4 19 5 15 7 -7 21 14 11 13 -13 23 -6 16 -1 -4 -19 -2 -5 -8 -23 24 25 26 -11 28 29 -17
right_child=3 -3 17 20 9 6 8 -9 -10 10 -12 12 -14 -15 -16 27 -18 18 -20 -21 -22 22 -24 -25 -26 -27 -28 -29 -30 -31
leaf_value=-0.037726371573204208 -0.014220177625884671 -0.040892316660454356 -0.04173391825005044 0.029859936784750886 -0.047921013077806746 -0.0039432321037719672 0.012048983771984689 0.061356628064491187 0.020900864454437472 0.01312421901026912 0.050815088318509095 0.024281981303169348 -0.038884386944972683 -0.019452152636357946 0.014359710515264384 0.019055293252842918 0.012912223337960256 -0.022097282812923599 0.029873055513450389 -0.036246672823249185 -0.027085657842819817 0.009978315125998366 -0.025940568373068951 -0.0094430749459305015 0.056017530100289419 0.054729747027899484 0.051791873232360203 -0.017280882003098737 -0.011359202837299381 0.052338208117236662
leaf_weight=7.8544037118554124 39.909123420715332 5.6306996680796138 7.6353755667805698 6.7163899578154069 4.4178140759468052 9.6261106356978399 8.4219790548086149 4.72474780678749 9.3784267455339414 44.390362992882729 8.1942163407802564 4.0523324534296972 7.3557011410593987 5.9486526846885672 5.2130067944526681 33.692400321364403 13.229926042258739 7.1322299763560277 5.292625218629837 26.10700972750783 3.6164275892078876 6.8599098399281493 39.117586627602577 6.5338558703660956 7.4932206720113745 6.6059452816843978 5.810139685869216 5.1604100987315169 5.3231457099318495 9.2831461578607541
leaf_count=53 473 61 69 49 21 60 47 21 51 181 33 20 43 23 22 141 58 50 32 340 41 36 257 28 29 25 21 29 28 36
internal_value=0.000209545 0.00522824 0.00615987 -0.0184837 0.00786741 0.00298611 -0.00507946 0.0175555 -0.0101726 0.014897 0.0178053 0.0147382 -0.0164466 0.0193715 -0.0142095 0.0114396 -0.00595183 -0.0158597 4.05626e-05 -0.0229309 0.0099293 -0.0155297 -0.0205814 0.0226319 0.0258913 0.0219174 0.0175996 0.0182988 0.0221003 0.0262447
internal_weight=360.727 284.378 278.748 76.349 258.687 152.672 78.1288 14.3509 63.7779 106.015 96.3844 88.1902 11.408 76.7822 9.63082 74.5434 21.0843 20.0602 12.4249 66.0161 10.3328 54.3995 45.9775 70.8335 64.2997 56.8064 50.2005 53.4591 48.2987 42.9755
internal_count=2378 1475 1414 903 1263 817 472 81 391 446 403 370 63 307 43 345 111 151 82 813 90 340 293 284 256 227 202 234 205 177
is_linear=0
shrinkage=0.05


Tree=78
num_leaves=31
num_cat=0
split_feature=141 98 149 95 68 36 0 145 142 140 159 148 148 2 98 124 101 0 112 23 8 2 148 140 143 101 144 130 76 149
split_gain=8.675 4.70184 4.65778 4.21894 3.08268 2.69386 2.52816 7.06191 2.39282 4.79838 4.58854 3.3285 3.77032 4.57661 3.56174 4.11143 3.60201 4.07325 3.16166 4.21616 4.39719 3.78254 4.30349 3.58942 3.73084 3.04657 4.28468 3.57908 3.17581 2.85916
threshold=14.500000000000002 1.0000000180025095e-35 45.500000000000007 4.5000000000000009 1.0000000180025095e-35 1.0000000180025095e-35 125259.00000000001 21.450000000000003 8.5000000000000018 9.1000000000000014 0.72077922077922085 11.930353445448857 6.0104076400856554 4.5000000000000009 1.5833333000000003 1.0000000180025095e-35 11.225000000000001 98500.000000000015 3.4166666500000002 1.0000000180025095e-35 1.5000000000000002 3.5000000000000004 15.486006211629887 5.1833333333333345 5.731477014368175 4.7083332500000008 11.500000000000002 51.500000000000007 1.0000000180025095e-35 71.500000000000014
decision_type=2 2 2 2 2 2 10 2 2 2 2 10 8 2 2 2 2 10 2 2 2 2 10 2 10 2 2 2 2 2
left_child=1 4 -3 -2 -1 -4 8 -8 9 11 -11 12 13 -7 16 -16 17 18 19 20 21 22 -13 25 29 26 -23 28 -27 -25
right_child=3 2 5 -5 -6 6 7 -9 -10 10 -12 14 -14 -15 15 -17 -18 -19 -20 -21 -22 23 -24 24 -26 27 -28 -29 -30 -31
leaf_value=0.00081652955148466412 -0.028384911415435393 -0.040790078729757158 -0.026054683628452476 0.041667558666778341 -0.024421316967834353 0.03200610348793962 0.040805298134954121 -0.032581895686297102 -0.028454868416050379 0.1135973442252478 0.015702790255565671 0.022667683893339952 0.030794533417812825 -0.029592770096771217 -0.01834088794478311 0.040163420796621795 -0.023640866208917661 0.051853931052469104 0.051037587553313113 -0.026733253791683412 -0.029454730331076401 0.039987648812096488 -0.043526582232394959 -0.030242753831268968 -0.042761439704597316 0.0030620998179508719 -0.015856922486602986 0.077224784182288897 0.057333448948482572 0.016606691137479031
leaf_weight=27.603817466646433 30.477243851870298 5.0218771547079077 5.6874493695795527 2.312366470694541 21.541604235768318 5.4850126728415471 4.6829258501529685 10.927352223545311 3.8988168686628333 2.2004558332264414 2.6249135471880436 4.312312074005602 32.235173240303993 6.6969791874289513 22.569457523524765 3.4639126807451239 7.5245379209518424 6.0919438153505316 4.4555796310305587 8.0432441681623441 6.270507648587226 7.2827216461300868 5.7021286264061928 3.5437790453433982 3.2442025169730178 5.7532181888818759 6.5006843507289886 5.778282217681407 5.0720033943653107 40.192719090729952
leaf_count=229 480 54 41 20 262 26 31 101 42 17 27 24 145 42 143 20 59 35 22 50 36 36 38 23 25 29 37 25 22 237
internal_value=0.000861985 0.00376645 0.0068235 -0.0234447 -0.0102458 0.00790918 0.00880951 -0.0105665 0.0103299 0.0111052 0.0603445 0.00985607 0.0218393 -0.00185752 0.00620549 -0.0105565 0.00984896 0.012094 0.00981226 0.00800606 0.0109896 0.0138919 -0.0150227 0.0176346 0.00897321 0.0310258 0.0136496 0.0454506 0.0284902 0.0128107
internal_weight=307.197 274.408 225.262 32.7896 49.1454 220.24 214.553 15.6103 198.943 195.044 4.82537 190.218 44.4172 12.182 145.801 26.0334 119.768 112.243 106.151 101.696 93.6526 87.3821 10.0144 77.3676 46.9807 30.3869 13.7834 16.6035 10.8252 43.7365
internal_count=2378 1878 1387 500 491 1333 1292 132 1160 1118 44 1074 213 68 861 163 698 639 604 582 532 496 62 434 285 149 73 76 51 260
is_linear=0
shrinkage=0.05


Tree=79
num_leaves=31
num_cat=0
split_feature=141 98 154 71 163 68 162 6 156 159 19 95 65 35 148 59 149 148 70 148 13 101 122 148 130 159 64 141 99 143
split_gain=35.0324 13.7852 9.7179 8.71534 7.0611 5.8697 5.6344 5.51332 4.96999 4.87654 4.03993 3.97423 3.4766 3.4195 3.90407 3.76502 4.7809 5.1809 4.42693 3.3762 3.31434 3.29944 3.46371 3.16823 3.0854 3.06568 2.87352 4.05733 3.01964 2.62025
threshold=13.500000000000002 0.45000000500000009 0.45000000000000007 1.0000000180025095e-35 0.5634920634920636 1.0000000180025095e-35 21339.285714285717 1.0000000180025095e-35 0.38750000000000007 0.53571428571428581 5.5000000000000009 4.5000000000000009 1.0000000180025095e-35 1.0000000180025095e-35 14.005949852327904 1.0000000180025095e-35 183.50000000000003 20.631280906670998 1.0000000180025095e-35 14.175977256384952 2.5000000000000004 6.3666668000000008 1.0000000180025095e-35 7.0828333482315324 40.500000000000007 0.63333333333333341 1.0000000180025095e-35 14.500000000000002 8.5000000000000018 2.371691977986961
decision_type=2 2 2 2 2 2 10 2 2 2 2 2 2 2 10 2 2 10 2 8 2 2 2 10 2 2 2 2 2 8
left_child=1 2 5 6 7 8 13 19 -1 -7 23 26 -4 14 -3 16 17 18 -16 21 29 22 -5 -10 -21 -19 -2 -28 -29 -9
right_child=11 3 12 4 -6 9 -8 20 10 -11 -12 -13 -14 -15 15 -17 -18 25 -20 24 -22 -23 -24 -25 -26 -27 27 28 -30 -31
leaf_value=-0.021819287790377079 0.031396279013708242 -0.033803109256596471 -0.060166318734507895 -0.02866033057920684 -0.026532437754242355 -0.017891069999167425 0.0052458109928085741 0.0027454381068097045 0.012433955659468969 0.028437613168229781 0.019158181361507383 -0.014902291492521192 -0.0062649089373296137 -0.045193943179756821 -0.031217593605735713 -0.041272224035482259 0.026444934690945256 -0.057042786725789475 0.0086435772204195172 -0.025951995559823599 -0.007342921372137913 0.026096578293368651 0.01358500661592082 -0.036913423955633483 -0.0046480017388734951 -0.018995592656381323 -0.025111915972123866 0.044604884558714662 -0.0062902896155997926 0.043325193229346401
leaf_weight=17.198143467307091 83.537647053599358 40.104929625988007 6.5297085940837842 8.5830569863319397 30.951825365424156 6.397530958056449 18.412509605288506 5.6387794315815034 6.1265998780727369 50.646940067410469 32.52133472263813 5.8517171293497077 5.5208876878023148 17.021000653505325 9.7443619072437269 11.193671524524687 7.9508280158042899 8.6270203441381472 24.423266679048538 21.689429596066475 7.7717778533697119 15.402494862675665 11.161882609128952 6.9335821717977524 78.527754202485085 13.705771401524542 5.7848397642374065 7.7911010384559614 4.6559730768203735 13.506192371249197
leaf_count=62 514 133 22 27 108 24 63 23 20 240 133 27 22 58 33 37 26 30 81 72 30 63 36 23 272 46 27 45 24 57
internal_value=-0.000597043 -0.00641866 0.00732814 -0.0116822 -0.00464694 0.0116325 -0.0206743 -0.000472734 0.00108369 0.0232419 0.00972511 0.0251673 -0.0354718 -0.0242688 -0.0211918 -0.0145056 -0.00985692 -0.0149654 -0.00272454 -0.00458235 0.0201946 0.00875152 -0.0047789 -0.0137643 -0.0092587 -0.033693 0.0274712 0.00948695 0.025567 0.0313732
internal_weight=583.913 476.291 131.875 344.417 193.233 119.824 151.183 162.281 62.7797 57.0445 45.5815 107.621 12.0506 132.771 115.75 75.6449 64.4512 56.5004 34.1676 135.365 26.9167 35.1474 19.7449 13.0602 100.217 22.3328 101.77 18.2319 12.4471 19.145
internal_count=2378 1741 546 1195 688 502 507 580 238 264 176 637 44 444 386 253 216 190 114 470 110 126 63 43 344 76 610 96 69 80
is_linear=0
shrinkage=0.05


Tree=80
num_leaves=31
num_cat=0
split_feature=140 144 145 76 143 144 149 0 112 162 161 146 65 100 161 148 148 98 15 146 149 65 70 19 30 12 105 13 141 162
split_gain=8.86898 4.72017 4.24155 4.73851 5.06177 6.15054 4.91091 3.81284 3.53452 3.48315 3.23291 5.36841 3.03325 3.02126 2.94822 2.93765 2.92623 5.01589 3.09258 3.22249 5.2146 2.83247 10.0174 2.56452 2.52074 2.5182 2.32876 3.17771 2.07535 2.06075
threshold=6.5357142857142865 32.500000000000007 24.708333333333339 1.0000000180025095e-35 2.6520357913574215 33.500000000000007 72.500000000000014 91000.000000000015 3.4166666500000002 12750.000000000002 1.2250000000000003 57.500000000000007 1.0000000180025095e-35 1.0000000180025095e-35 3.5833333333333335 15.840443062728353 21.835174729647498 1.5833333000000003 2.5000000000000004 63.500000000000007 93.500000000000014 1.0000000180025095e-35 1.0000000180025095e-35 5.5000000000000009 1.0000000180025095e-35 1.5000000000000002 1.0000000180025095e-35 2.5000000000000004 3.5000000000000004 18291.666666666668
decision_type=2 2 2 2 8 2 2 10 2 8 2 2 2 2 2 10 10 2 2 2 2 2 2 2 2 2 2 2 2 8
left_child=2 7 3 4 -1 6 15 10 29 12 11 25 16 -14 -11 26 18 23 19 20 -4 -12 24 -18 -23 -2 27 -6 -21 -5
right_child=1 -3 9 8 5 -7 -8 -9 -10 14 21 -13 13 -15 -16 -17 17 -19 -20 28 -22 22 -24 -25 -26 -27 -28 -29 -30 -31
leaf_value=0.067727333674594548 -0.039896644709354223 -0.036197383142495092 0.0056705648741185704 0.0023745545231447221 -0.029778866780170055 0.08445499286689559 -0.012641123533504564 -0.038758520498295965 0.051175164666862116 -0.026745963562539138 -0.026719183089602902 0.09090331864504142 0.0027020300319872004 -0.040382753216888792 0.040553126695472473 0.059347699351395868 0.073642424923376762 -0.013461861930548711 -0.022882233685064673 0.021160092421505072 0.083374941537767713 0.038821337502466816 0.099607409406572658 0.020041666884876574 -0.01606204279348095 0.04033479836911983 0.038973454651009244 0.032952687158978297 -0.040634597090182162 -0.034374715531931103
leaf_weight=6.3519143462181082 2.156164243817329 18.903301579877734 5.8438338749110716 9.3193427883088589 4.4855034500360542 3.277045462280511 12.05640898272395 7.5901572611182919 2.5132003948092452 15.984081890434028 11.163467869162561 2.4349864646792412 13.244410961866381 5.873313106596469 1.8118171058595169 5.3842824138700953 5.7163230776786786 4.1215996444225302 7.6015823148190966 2.3986980132758609 3.4242082163691521 2.4277118109166667 2.4418707713484755 3.6605318412184715 15.134663157165051 1.7898578234016893 6.2734300233423701 3.6708584204316139 3.1338535472750664 6.4584812335670003
leaf_count=32 33 484 39 70 29 19 98 197 15 174 172 12 149 77 19 28 26 25 77 25 20 30 24 24 321 16 28 14 38 63
internal_value=5.81138e-05 -0.0152214 0.00743744 0.0173058 0.0266507 0.0192272 0.0125203 -0.00643707 -0.00389621 -0.000665836 9.64421e-05 0.0325212 0.00555365 -0.0105344 -0.0198942 0.0278304 0.0141208 0.0325106 0.00304004 0.0163537 0.0343795 -0.00654193 0.00471809 0.0527178 -0.00847531 -0.00350484 0.0160701 -0.00154586 -0.0138428 -0.0126684
internal_weight=196.647 64.0422 132.605 59.7905 41.4994 35.1475 31.8705 45.1389 18.291 72.8143 37.5487 6.38101 55.0184 19.1177 17.7959 19.8141 35.9006 13.4985 22.4022 14.8006 9.26804 31.1677 20.0042 9.37685 17.5624 3.94602 14.4298 8.15636 5.53255 15.7778
internal_count=2378 1289 1089 396 248 216 197 805 148 693 608 61 500 226 193 99 274 75 199 122 59 547 375 50 351 49 71 43 63 133
is_linear=0
shrinkage=0.05


Tree=81
num_leaves=31
num_cat=0
split_feature=140 141 162 159 117 162 98 144 101 64 69 144 150 143 142 147 66 149 146 143 22 99 130 148 146 149 10 150 144 10
split_gain=12.1394 4.53278 3.85113 3.84224 3.97885 3.22095 3.19506 3.15364 4.73765 4.02586 3.38415 4.38404 5.04648 3.71845 3.5623 6.00304 5.99933 4.06534 4.30526 4.19672 6.241 5.09523 4.14635 4.24844 4.6285 4.46477 4.10167 3.20511 3.02104 4.9051
threshold=8.071428571428573 14.500000000000002 32416.666666666668 1.8333333333333337 1.0000000180025095e-35 27083.333333333339 0.55000001000000009 37.500000000000007 11.366666500000003 1.0000000180025095e-35 1.0000000180025095e-35 31.500000000000004 0.13392857142857142 5.6161955900950185 3.5000000000000004 66.500000000000014 1.0000000180025095e-35 92.500000000000014 85.500000000000014 3.2685358852350652 1.0000000180025095e-35 1.0000000180025095e-35 27.500000000000004 12.660634421660276 43.500000000000007 58.500000000000007 2.5000000000000004 0.53571428571428581 10.500000000000002 1.5000000000000002
decision_type=2 2 10 2 2 10 2 2 2 2 2 2 2 10 2 2 2 2 2 10 2 2 2 8 2 2 2 2 2 2
left_child=1 2 5 4 -2 7 -4 8 10 -10 11 12 13 14 15 17 -16 22 19 -19 21 -21 -1 -24 25 -25 -27 -14 -8 -30
right_child=3 -3 6 -5 -6 -7 28 -9 9 -11 -12 -13 27 -15 16 -17 -18 18 -20 20 -22 -23 23 24 -26 26 -28 -29 29 -31
leaf_value=-0.027956186240966015 -0.022826490186161973 -0.040693695865911692 -0.041577465501422474 0.035048033183218176 0.0340074603470936 0.041677659183000565 -0.043475548125575088 -0.018745805763924216 0.0078407432769540628 0.065814674972795723 0.018598157938215423 0.036944669292146737 0.033008881504960598 -0.033589653237771452 -0.019770093216730039 0.037892276967797983 0.041551389758058749 -0.030341585490036987 0.039169344845111004 0.058784024287921781 -0.027783987064432882 -0.0038964766117687249 0.064807880392913728 0.04066652528727243 0.047639528566333487 -0.035415410200476151 0.023453748190294416 9.1310899012098315e-06 0.057554894013522276 -0.015990153933196329
leaf_weight=5.2026598379015914 67.626606225967407 5.3408051393926135 7.3553155958652523 3.2884373851120463 3.2264356687664977 6.6889293938875189 3.0212155878543845 11.770186699926851 5.6869874820113164 6.3251510262489319 44.074511021375656 9.1348737031221372 18.429042547941211 9.0148439928889257 35.680211827158928 12.004933372139929 4.490559644997119 20.594031542539597 4.199143409729003 5.7632684260606766 10.774485267698765 7.4117802456021309 4.5638506114482906 4.7611616849899354 6.7512194365262976 8.8599956631660444 4.4424520879983893 12.248336896300314 3.8289784342050535 5.5581725984811783
leaf_count=27 834 61 69 39 30 32 20 72 30 23 170 47 70 57 240 47 24 106 16 24 63 34 18 20 27 48 19 49 21 41
internal_value=0.000230003 0.00493374 0.00580831 -0.0177863 -0.0202384 0.0074325 -0.0154659 0.00652418 0.00776135 0.0383677 0.0061517 0.00317562 0.00141483 -0.00249503 -0.000426289 0.00483641 -0.0129152 7.38778e-05 -0.00922862 -0.0137911 0.000440515 0.0235224 0.0131858 0.0204717 0.0123175 -0.000884005 -0.0157556 0.0198333 1.22022e-05 0.0140086
internal_weight=358.119 283.977 278.636 74.1415 70.853 258.873 19.7637 252.184 240.413 12.0121 228.401 184.327 175.192 144.515 135.5 95.329 40.1708 83.324 48.7427 44.5436 23.9495 13.175 34.5813 29.3787 24.8148 18.0636 13.3024 30.6774 12.4084 9.38715
internal_count=2378 1475 1414 903 864 1263 151 1231 1159 53 1106 936 889 770 713 449 264 402 243 227 121 58 159 132 114 87 67 119 82 62
is_linear=0
shrinkage=0.05


Tree=82
num_leaves=31
num_cat=0
split_feature=141 98 149 95 68 36 145 130 0 145 148 148 145 159 0 2 142 161 148 12 15 152 22 143 141 76 149 2 101 149
split_gain=7.8232 4.20883 4.38925 3.83059 2.83775 2.52342 2.30502 3.73679 2.79097 7.35327 3.2029 3.60489 3.77038 4.13843 4.93873 4.28473 3.87701 3.86723 4.07939 3.72899 3.62274 4.53163 3.1636 3.00002 4.68039 2.7843 3.19501 2.58697 2.43626 2.26384
threshold=14.500000000000002 1.0000000180025095e-35 45.500000000000007 4.5000000000000009 1.0000000180025095e-35 1.0000000180025095e-35 77.250000000000014 84.500000000000014 125259.00000000001 21.450000000000003 5.2550116204216302 11.930353445448857 20.527777777777782 0.84523809523809534 66500.000000000015 3.5000000000000004 4.5000000000000009 1.2250000000000003 18.735429915020095 1.5000000000000002 2.5000000000000004 2.5000000000000004 1.0000000180025095e-35 3.3067380481231612 10.500000000000002 1.0000000180025095e-35 80.500000000000014 4.5000000000000009 6.3666668000000008 88.500000000000014
decision_type=2 2 2 2 2 2 2 2 10 2 8 8 2 2 10 2 2 2 10 2 2 2 2 10 2 2 2 2 2 2
left_child=1 4 -3 -2 -1 -4 7 8 10 -10 27 -12 25 14 15 28 20 -18 -19 -16 22 23 29 -22 -25 -13 -27 -7 -14 -17
right_child=3 2 5 -5 -6 6 -8 -9 9 -11 11 12 13 -15 19 16 17 18 -20 -21 21 -23 -24 24 -26 26 -28 -29 -30 -31
leaf_value=0.0007293631375426355 -0.027730788358133081 -0.040650915681285232 -0.02564302218606769 0.037887945291343372 -0.023723079838338167 0.013791001675030782 0.030414711464649209 -0.045984003612645478 0.038285198640593335 -0.036706778949893097 0.033764938126667525 -0.025214124205082056 0.0062634274122436544 -0.00025469786105321432 0.085460755390423415 -0.011647057417482166 0.087403098990185626 0.061524848665672788 -0.0088192902737321416 0.022915220204692013 -0.019194001936301507 0.046187250572960525 0.061586755352158941 0.043431248743559463 -0.004035095539102313 0.022219814507255981 -0.031758246444362245 -0.043411919898871706 -0.043111532739326767 0.040103108228598132
leaf_weight=27.628994688391685 29.078273274004463 4.8352792970836154 5.5955575220286837 2.4082785286009303 20.795470122247934 3.2741297334432584 11.236474815756081 3.2557592056691638 4.8067025467753401 10.216797474771736 15.97667773067951 12.748933687806129 5.5062695965170843 44.41857498511672 4.5022018775343877 4.1260154470801336 3.6708335876464835 4.0479747802019101 4.1988004334270954 5.0629856772720814 13.386146813631056 6.1311384588479987 6.3351451680064192 7.4156132563948658 17.330380383878946 9.8923392519354802 3.7924081534147271 4.9869973622262478 4.5733851194381714 4.3322232216596603
leaf_count=229 480 54 41 20 262 18 51 20 31 97 80 85 29 295 23 22 18 22 29 30 82 28 33 35 102 49 24 37 32 20
internal_value=0.000892107 0.00360375 0.00647401 -0.0227119 -0.00977153 0.0075059 0.00836773 0.0071533 0.00801515 -0.0127134 0.00969205 0.0111089 0.00886716 0.0122475 0.0183757 0.0143659 0.0186982 0.0447122 0.0257095 0.0523545 0.0134486 0.00628933 0.0348697 -0.000125724 0.0101891 -0.00840169 0.00726106 -0.0207407 -0.0161392 0.0148588
internal_weight=305.567 274.08 225.656 31.4866 48.4245 220.82 215.225 203.988 200.733 15.0235 185.709 177.448 161.471 135.038 90.6191 81.0539 70.9743 11.9176 8.24678 9.56519 59.0567 44.2633 14.7934 38.1321 24.746 26.4337 13.6847 8.26113 10.0797 8.45824
internal_count=2378 1878 1387 500 491 1333 1292 1241 1221 128 1093 1038 958 800 505 452 391 69 51 53 322 247 75 219 137 158 73 55 61 42
is_linear=0
shrinkage=0.05


Tree=83
num_leaves=31
num_cat=0
split_feature=141 163 6 159 154 147 147 162 112 112 150 148 146 143 161 146 145 9 144 162 150 98 158 125 2 0 130 0 124 112
split_gain=31.4797 12.6935 12.125 9.45797 5.6019 6.44096 6.249 4.40892 4.10717 3.99814 3.88536 3.75539 3.73659 3.26084 3.24804 3.1921 4.20603 6.05802 5.19024 4.52206 3.74685 3.93003 3.44617 2.96709 4.29463 3.34846 2.92583 2.76733 2.91996 2.86567
threshold=13.500000000000002 0.5634920634920636 1.0000000180025095e-35 0.63333333333333341 0.45000000000000007 18.500000000000004 56.500000000000007 22916.666666666668 2.2916666500000002 0.91666665500000011 0.21111111111111114 23.987493482792811 31.500000000000004 1.9450745430148724 4.7500000000000009 69.500000000000014 35.083333333333336 1.5000000000000002 12.500000000000002 6076.923076923078 0.21111111111111114 0.69047621000000003 0.52272727272727282 1.0000000180025095e-35 4.5000000000000009 105330.50000000001 65.500000000000014 175500.00000000003 1.0000000180025095e-35 1.2916667000000002
decision_type=2 2 2 2 2 2 2 10 2 2 2 10 2 10 2 2 2 2 2 10 2 2 2 2 2 8 2 10 2 2
left_child=1 2 3 -1 5 7 23 15 27 14 11 12 -4 -3 -8 16 18 -18 -5 20 21 22 -20 25 -25 -7 -6 28 29 -2
right_child=8 13 10 4 26 6 9 -9 -10 -11 -12 -13 -14 -15 -16 -17 17 -19 19 -21 -22 -23 -24 24 -26 -27 -28 -29 -30 -31
leaf_value=-0.017431767717476229 0.033177502590342696 0.0077482009733501299 -0.0033609529727145191 -0.044286747245780661 -0.038995058390037668 0.016323027746483025 0.020915702709493677 0.014576502615248435 -0.03143345221926927 -0.032844587313643078 -0.021684123490883622 -0.0062197515362182329 0.038694133568092037 -0.031117185067754821 -0.018809971719335971 0.021551055183324615 -0.070649847348576433 -0.0062948177981514532 -0.011633716057514502 -0.035916456896639908 0.030339154332597748 -0.028787195808294964 0.027598873066890874 -0.038148344408477419 0.023852658330429363 0.044852491376445425 -0.0018986262033592151 0.04316839589910447 -0.015791823170410592 0.013804617514031788
leaf_weight=122.69936081767082 42.052963227033615 5.9794102907180777 6.3801694065332404 8.9921711236238462 13.382519051432611 58.526740685105324 12.30030342936516 19.133199274539948 3.2091840356588355 11.021717756986616 5.0097439587116233 8.0520604848861677 30.679380863904953 55.397194445133209 8.8456864356994611 6.5047893971204749 7.4429947137832624 7.1887857764959335 11.466003939509394 8.7723291218280774 9.9748605787754041 11.171014964580534 10.935932993888853 5.4503814280033094 5.7284718006849289 12.47752460837364 8.8173449486494047 19.084446527063847 4.8048311322927466 34.955980986356735
leaf_count=408 272 21 28 29 48 248 43 77 12 37 19 29 144 197 30 22 24 25 41 30 33 37 39 20 21 61 30 133 25 195
internal_value=-0.000635619 -0.00612125 -0.00295356 -0.00615448 -0.000343783 0.00211513 0.0102542 -0.00704701 0.0242524 -0.00842837 0.0200903 0.0247295 0.0314539 -0.0273309 0.00429785 -0.012065 -0.0149443 -0.0390314 -0.00919605 -0.00316507 0.00343241 -0.00456186 0.00751842 0.0175668 -0.00637666 0.0213365 -0.0242611 0.0260236 0.0220243 0.0243837
internal_weight=576.437 472.33 410.953 360.832 238.133 215.933 114.351 101.582 104.107 32.1677 50.1214 45.1116 37.0596 61.3766 21.146 82.4489 75.9441 14.6318 61.3123 52.3201 43.5478 33.573 22.4019 82.1831 11.1789 71.0043 22.1999 100.898 81.8138 77.0089
internal_count=2378 1741 1523 1303 895 817 460 357 637 110 220 201 172 218 73 280 258 49 209 180 150 117 80 350 41 309 78 625 492 467
is_linear=0
shrinkage=0.05


Tree=84
num_leaves=31
num_cat=0
split_feature=140 121 165 0 164 0 130 101 9 163 72 18 5 55 143 149 119 148 148 100 101 143 55 143 125 47 143 140 105 143
split_gain=8.08002 3.90068 3.89079 4.60158 4.05006 3.81778 3.33708 3.30891 3.20966 5.9316 3.40774 3.21391 2.88463 2.86347 4.27985 2.54755 2.38421 2.67939 4.84179 3.02432 3.92664 3.12964 2.36438 2.26095 5.01689 4.69346 3.70697 3.18963 2.66842 2.46653
threshold=6.4142857142857155 3.5000000000000004 0.21111111111111114 87000.000000000015 0.45000000000000007 91000.000000000015 28.500000000000004 2.4166666500000002 1.5000000000000002 0.58571428571428574 1.0000000180025095e-35 6.5000000000000009 1.0000000180025095e-35 1.0000000180025095e-35 3.6866875904165766 39.500000000000007 1.0000000180025095e-35 11.319230075945443 6.0104076400856554 7.5000000000000009 15.4166665 2.5232168032791438 1.0000000180025095e-35 4.025809492529155 1.0000000180025095e-35 1.0000000180025095e-35 4.7240516037498246 5.6333333333333337 1.0000000180025095e-35 2.7552975120305478
decision_type=2 2 2 10 2 10 2 2 2 2 2 2 2 2 8 2 2 8 10 2 2 8 2 10 2 2 10 2 2 8
left_child=2 5 -1 4 7 12 -5 -4 10 -10 11 23 -2 -6 -15 -14 17 18 22 -19 21 -21 -17 24 -9 26 -25 28 -28 -26
right_child=1 -3 3 6 13 -7 -8 8 9 -11 -12 -13 15 14 -16 16 -18 19 -20 20 -22 -23 -24 25 29 -27 27 -29 -30 -31
leaf_value=0.063507086805333415 0.049656905752298253 -0.038851392876252611 0.044535063167466971 0.030051001715427392 -0.030603239634907915 -0.038652051152227224 -0.036828282288500401 -0.0065606546647968209 -0.026850900323187217 0.030425397581727177 0.05283641429459468 0.062819760418544063 0.058674976720058628 0.034344248027694306 -0.039865365671261054 -0.039019803418510794 -0.029386902494531821 -0.019889911641984278 0.098156240070897544 0.058589869159879439 0.077857116860301334 -0.027313237185821588 0.038984941013825387 0.053775078205015037 0.074670520255763137 -0.031487066302614143 -0.045882553959029182 0.042420389885273885 0.021151204161639719 0.012735867797251766
leaf_weight=3.0046802833676329 2.528085619211196 12.97085373662412 7.7054651342332354 2.3192873634397975 9.9822541922330856 8.5928063597530109 9.5263938382267934 30.347610991448164 13.187062233686449 6.877815678715705 5.6152913942933074 2.9867904894053927 1.4954605884850014 5.6355723030865184 2.9651300385594377 2.0048589985817697 9.6631390899419767 16.665142506361011 1.7894992493093012 1.4577626343816508 2.0255656372755766 3.8884198069572449 1.8846118431538346 9.5116019919514709 3.0472308658063403 3.5118374936282626 3.0645831152796728 4.4913706369698048 2.8795431405305862 3.402441930025816
leaf_count=11 23 330 37 12 128 244 116 228 153 41 31 15 24 42 42 44 201 287 22 22 26 65 32 55 15 30 26 36 15 25
internal_value=7.83109e-05 -0.0143216 0.00727108 0.0059412 0.00899229 -0.00820231 -0.0237339 0.0131034 0.0103797 -0.0072178 0.0155075 0.0121931 -0.0021739 -0.0123848 0.00876016 -0.00537963 -0.00781218 -0.000796407 0.0300922 -0.00809417 0.0185722 -0.00388973 -0.00122323 0.00968367 0.00195045 0.0218139 0.0311979 0.0106196 -0.0134091 0.0419977
internal_weight=195.028 64.9662 130.062 127.057 115.212 51.9954 11.8457 96.6286 88.9232 20.0649 68.8583 63.243 43.4025 18.583 8.6007 40.8745 39.379 29.7159 5.67897 24.0369 7.37175 5.34618 3.88947 60.2562 36.7973 23.4589 19.9471 10.4355 5.94413 6.44967
internal_count=2378 1320 1058 1047 919 990 128 707 670 194 476 445 746 212 84 723 699 498 98 400 113 87 76 430 268 162 132 77 41 40
is_linear=0
shrinkage=0.05


Tree=85
num_leaves=31
num_cat=0
split_feature=141 98 0 144 150 68 78 2 130 161 161 145 9 130 146 101 154 145 111 66 143 69 130 163 143 19 156 0 162 122
split_gain=11.0052 6.07282 4.34968 4.04129 3.90884 3.58092 3.47996 3.35543 3.28202 7.21511 6.0327 3.1581 3.66015 3.144 4.35986 4.6771 3.83401 3.78226 3.02282 3.35861 2.94405 2.69303 3.41032 2.95824 2.69579 4.45715 4.27026 3.16796 5.49048 3.43758
threshold=14.500000000000002 0.55000001000000009 100148.50000000001 37.500000000000007 0.21111111111111114 1.0000000180025095e-35 1.0000000180025095e-35 4.5000000000000009 53.500000000000007 1.1833333333333336 3.5833333333333335 22.055555555555561 1.5000000000000002 76.500000000000014 80.500000000000014 2.1666666500000002 0.36666666666666675 47.416666666666679 2.5000000000000004 1.0000000180025095e-35 3.696845502136473 1.0000000180025095e-35 38.500000000000007 0.73214285714285732 2.850354224007603 6.5000000000000009 0.6515151515151516 15500.000000000002 22250.000000000004 1.0000000180025095e-35
decision_type=2 2 10 2 2 2 2 2 2 2 2 2 2 2 2 2 2 2 2 2 8 2 2 2 8 2 2 10 10 2
left_child=1 2 4 6 5 8 13 11 18 -10 -11 -7 -13 16 -15 -16 21 -18 -1 -20 -17 23 -23 24 25 26 -3 -26 -29 -30
right_child=-2 3 -4 -5 -6 7 -8 -9 9 10 -12 12 -14 14 15 20 17 -19 19 -21 -22 22 -24 -25 27 -27 -28 28 29 -31
leaf_value=-0.020101615883698284 -0.026027534559393162 0.011403428867023778 -0.036210029729457339 -0.020962557030503617 0.037216898778572913 0.041910550155531578 -0.022924456794154831 -0.031326627531776209 0.067202187607680028 -0.013657569552672208 0.042434431598269401 -0.021710868137358189 0.032969572097725046 -0.036302962568059628 0.047470351954027018 0.016664178682347014 0.076778708937301099 0.021296130577866265 0.039453258354687867 -0.02780205440007304 -0.037266848286741275 0.0045821997397825177 0.040681069387790238 0.037587177858092319 0.017532603455000434 -0.04470603546589913 -0.039549315947969621 -0.035985798669216494 0.052426264303124803 -0.0025415136410588215
leaf_weight=19.236705359071497 35.835497662425041 24.220670469105247 10.807952351868151 11.122471891343592 5.7418223395943633 3.3276966214180019 7.6935071647167197 19.648666113615036 5.3650476634502438 16.303200066089634 6.7898124456405631 15.403151005506517 3.8191978037357321 7.7929582595825222 5.3309364318847647 5.0432732924818966 4.4558458849787703 9.8883347883820516 5.3586594350635988 2.8401413485407829 5.0788882970809945 11.155581533908846 15.821755379438398 8.0467499643564206 56.995184637606144 5.9574697613716117 4.952943503856658 8.5810410827398318 4.254221357405183 8.5823090933263302
leaf_count=132 500 113 125 75 30 23 43 206 24 104 30 121 30 42 20 23 19 45 40 18 30 42 56 30 270 49 23 44 21 50
internal_value=0.000247082 0.003193 -0.0060227 0.00834734 -0.00288054 -0.00522764 0.010029 -0.0162223 0.00307314 0.0149695 0.00283461 -0.00306132 -0.0108467 0.0113909 -0.0058108 0.00956632 0.0138455 0.0385311 -0.00926661 0.0161554 -0.0103962 0.0114621 0.0257536 0.0082912 0.00621502 -0.00529507 0.00275294 0.0113719 -0.00502273 0.0156756
internal_weight=355.452 319.616 114.642 204.974 103.834 98.0923 193.852 42.1987 55.8936 28.4581 23.093 22.55 19.2223 186.158 23.2461 15.4531 162.912 14.3442 27.4355 8.1988 10.1222 148.568 26.9773 121.591 113.544 35.1311 29.1736 78.4128 21.4176 12.8365
internal_count=2378 1878 883 995 758 728 920 380 348 158 134 174 151 877 115 73 762 64 190 58 53 698 98 600 570 185 136 385 115 71
is_linear=0
shrinkage=0.05


Tree=86
num_leaves=31
num_cat=0
split_feature=141 100 98 149 154 149 15 149 148 146 146 161 146 22 146 112 148 145 147 143 148 35 140 40 148 146 148 143 129 100
split_gain=7.18173 4.3665 3.64178 4.50488 3.67681 3.26694 2.71578 4.31658 3.97638 3.5078 4.09333 3.95637 4.03787 5.47838 3.59509 3.77423 4.02729 3.61848 3.50615 3.0801 5.13181 4.70181 4.32551 3.04621 3.369 2.98407 2.81374 7.61663 3.59502 4.18738
threshold=15.500000000000002 11.500000000000002 1.0000000180025095e-35 47.500000000000007 0.45000000000000007 34.500000000000007 5.5000000000000009 158.50000000000003 22.638460151890886 75.500000000000014 51.500000000000007 1.7083333333333337 47.500000000000007 1.0000000180025095e-35 44.500000000000007 1.4500000000000002 15.631161813673367 22.225000000000005 7.5000000000000009 4.5780249698132947 13.239771347761797 1.0000000180025095e-35 7.6333333333333337 1.0000000180025095e-35 15.556349186104049 80.500000000000014 26.763134384077116 3.7435124479073241 1.0000000180025095e-35 2.5000000000000004
decision_type=2 2 2 2 2 2 2 2 8 2 2 2 2 2 2 2 8 2 2 10 10 2 2 2 8 2 8 8 2 2
left_child=1 2 4 -4 5 -1 7 8 9 10 11 12 14 -14 15 16 17 -5 -8 21 -21 22 -17 -22 -25 -11 -10 -28 29 -29
right_child=-2 -3 3 6 -6 -7 18 -9 26 25 -12 -13 13 -15 -16 19 -18 -19 -20 20 23 -23 -24 24 -26 -27 27 28 -30 -31
leaf_value=0.034979085603036621 -0.031025270135482366 -0.034020784525073421 -0.040847706744575815 0.031785003481844064 0.030459555083250951 -0.017047799227632273 -0.0012602129836276257 -0.011267768450763915 0.03841857260880089 0.054499109126351197 -0.015068022222006885 -0.033498103769991461 0.065149426580477773 -0.0037356124000197696 -0.023354428655802555 -0.020073416221588571 0.062828590199456663 -0.030221984041411021 0.055093311674809901 0.071780192923562205 -0.020920251363419268 0.038848474154327628 0.039722130408081036 0.06093554354941292 -0.0022111096270721309 -0.0014288476019924537 -0.036660359098844263 -0.018667437438370783 0.049550329656323104 0.031107308411451842
leaf_weight=3.2567056305706492 16.638286747038364 7.8480065241456023 4.926541205495595 7.2956529967486876 5.4044691398739806 41.054990451782942 4.7696686536073667 30.281442914158106 16.080624457448721 6.2061454690992814 26.550665806978941 5.657532535493373 6.998613838106392 4.912120059132576 9.4907761588692647 26.595405302941803 6.028363272547721 3.4727271385490894 6.5511649176478386 3.7400822341442135 6.0778677575290176 5.0557356029748908 3.4124638326466075 3.7467520311474791 4.8417739830911168 3.8736611753702164 6.2775540873408309 7.045255575329068 9.3492031469941157 10.556724093854426
leaf_count=38 289 119 54 37 44 445 20 219 91 33 190 49 39 36 66 172 31 30 30 20 36 25 19 25 37 18 40 40 34 52
internal_value=0.000912737 0.00276197 0.00379475 0.00644939 -0.00847537 -0.0132241 0.0074856 0.00622044 0.00911006 0.00464162 0.00233361 0.00708081 0.00958524 0.0367405 0.00552997 0.00943131 0.0301066 0.0117882 0.0313506 0.00293651 0.0194995 -0.00575818 -0.0132735 0.00616744 0.0253367 0.033006 0.0212493 0.0129404 0.0244936 0.0111848
internal_weight=303.997 287.359 279.511 229.795 49.7162 44.3117 224.868 213.547 183.266 133.956 123.877 97.3259 91.6683 11.9107 79.7576 70.2668 16.7967 10.7684 11.3208 53.4701 18.4065 35.0636 30.0079 14.6664 8.58853 10.0798 49.3094 33.2287 26.9512 17.602
internal_count=2378 2089 1970 1443 527 483 1389 1339 1120 863 812 622 573 75 498 432 98 67 50 334 118 216 191 98 62 51 257 166 126 92
is_linear=0
shrinkage=0.05


Tree=87
num_leaves=31
num_cat=0
split_feature=141 163 6 159 154 147 144 26 66 162 112 0 68 159 148 150 148 146 145 156 148 143 112 154 122 111 112 147 143 145
split_gain=28.3142 11.4917 11.2058 8.41802 5.12206 5.82532 5.75029 4.18025 4.11282 4.0201 3.8548 5.70119 4.95544 4.04021 6.69805 3.58921 3.50977 3.54472 3.14174 3.51414 3.98183 3.09359 3.0489 2.75762 2.74106 4.07405 2.75901 2.71058 2.68042 2.66297
threshold=13.500000000000002 0.5634920634920636 1.0000000180025095e-35 0.63333333333333341 0.45000000000000007 18.500000000000004 15.500000000000002 1.0000000180025095e-35 1.0000000180025095e-35 22916.666666666668 1.4500000000000002 66500.000000000015 1.0000000180025095e-35 0.81666666666666676 17.962922384135872 0.21111111111111114 23.987493482792811 31.500000000000004 67.583333333333357 0.73214285714285732 13.239771347761797 1.9450745430148724 2.4166666500000002 0.45000000000000007 1.0000000180025095e-35 3.5000000000000004 1.9166667000000002 39.500000000000007 3.211955780420281 58.166666666666679
decision_type=2 2 2 2 2 2 2 2 2 10 2 10 2 2 10 2 10 2 2 2 8 10 2 2 2 2 2 2 10 2
left_child=1 2 3 24 5 9 7 18 28 22 23 12 -12 14 -14 16 17 -4 19 20 -7 -3 -5 -2 26 -26 27 -1 -8 -22
right_child=10 21 15 4 -6 6 8 -9 -10 -11 11 -13 13 -15 -16 -17 -18 -19 -20 -21 29 -23 -24 -25 25 -27 -28 -29 -30 -31
leaf_value=-0.046886244809857598 0.032153145285501478 0.0081150216413863972 -0.003150953901574844 -0.0078992658448862104 -0.02323493140724666 0.018959854649435559 0.044395811568312023 -0.033384471429226396 -0.01054270150218977 0.014048251932863019 -0.041208818772150463 0.039824053495204681 -0.05152365460099384 0.044566592363090768 0.034552194338218496 -0.020552362155071561 -0.0058036980546204778 0.037934192962856106 -0.016009059874361832 0.0287469904956375 -0.030305181326773758 -0.029882348981907381 -0.037141763195024109 -0.014862611151476541 -0.014329164657682936 0.023332982755930175 -0.01163585138703439 -0.017740699910159266 0.01535392506958003 0.010322890301732829
leaf_weight=18.264844819903374 66.190496116876602 5.9386928528547278 6.3701679408550254 71.995469108223915 22.221726283431053 16.779353827238083 19.32300965487957 7.6829894930124274 6.6964312344789496 18.912478685379028 6.7612500488758132 10.062014400959013 4.6717185080051404 5.4640911072492608 4.3781616985797882 5.016038089990615 8.043009012937544 29.852726563811302 13.407556697726248 18.359366312623024 10.872376650571825 54.657861471176147 10.173144757747648 3.2730237245559684 58.167136445641518 8.1917747706174833 23.422326251864433 14.163301929831503 13.492810294032095 6.4117649048566809
leaf_count=62 450 21 28 247 78 59 101 26 25 77 30 62 20 33 24 19 29 144 43 77 41 197 33 18 194 28 77 47 66 22
internal_value=-0.000668581 -0.00584166 -0.00282285 -0.00589565 -0.000386279 0.00198514 0.00978454 0.00151638 0.0251676 -0.0067359 0.0233705 0.00881297 -0.00585358 0.0106165 -0.00988178 0.0195324 0.0240747 0.0307089 0.00558962 0.0111136 0.00160972 -0.0261585 -0.0115197 0.0299378 -0.0165497 -0.0096799 -0.024712 -0.0341567 0.0324547 -0.0152337
internal_weight=569.217 468.416 407.82 358.538 236.328 214.107 113.026 73.5134 39.5123 101.081 100.801 31.3372 21.2752 14.514 9.04988 49.2819 44.2659 36.2229 65.8304 52.4229 34.0635 60.5966 82.1686 69.4635 122.209 66.3589 55.8505 32.4281 32.8158 17.2841
internal_count=2378 1741 1523 1303 895 817 460 268 192 357 637 169 107 77 44 220 201 172 242 199 122 218 280 468 408 222 186 109 167 63
is_linear=0
shrinkage=0.05


Tree=88
num_leaves=31
num_cat=0
split_feature=145 144 19 162 76 98 165 159 164 101 146 95 144 140 145 144 162 146 111 143 143 148 149 144 148 143 161 122 143 143
split_gain=7.35741 7.98951 7.32458 5.40954 5.39707 4.67994 4.43889 3.4433 3.40428 4.21612 4.14245 3.86433 3.68322 3.91706 4.10571 3.49026 3.25053 2.97902 2.908 4.02052 5.34513 3.41986 2.85778 2.7614 2.75189 2.51452 2.49597 2.43426 2.08592 2.78213
threshold=23.450000000000003 32.500000000000007 8.5000000000000018 16833.333333333339 1.0000000180025095e-35 0.7750000050000001 0.35416666666666669 0.30952380952380959 0.45000000000000007 2.5833333500000006 58.500000000000007 3.5000000000000004 12.500000000000002 9.2916666666666696 33.550000000000004 11.500000000000002 9043.7500000000018 31.500000000000004 1.5000000000000002 4.926965959222275 3.696845502136473 18.478590906598662 125.50000000000001 21.500000000000004 6.0104076400856554 2.5132957790129056 1.7083333333333337 1.0000000180025095e-35 2.6520357913574215 4.025809492529155
decision_type=2 2 2 10 2 2 2 2 2 2 2 2 2 2 2 2 10 2 2 8 8 8 2 2 10 10 2 2 10 10
left_child=2 3 4 8 5 -1 -4 -6 9 -2 12 18 15 -14 -15 27 28 -18 -12 20 21 24 -16 -9 -20 -23 -10 -11 -7 -30
right_child=1 -3 6 -5 7 16 -8 23 26 10 11 -13 13 14 22 -17 17 -19 19 -21 -22 25 -24 -25 -26 -27 -28 -29 29 -31
leaf_value=0.086492083064668573 0.044428035691501444 -0.03879141857673829 0.021513031410213972 -0.030113852964516675 0.047226445528869967 0.071022731875005574 -0.029638770593408061 -0.026920113820737057 0.010205845311171115 0.01500508246669457 0.071271657581195344 -0.041430628442199864 -0.031834258804678071 0.08498158467933975 -0.038901015965450259 0.048672096317870332 0.034876882997454055 -0.031542884776557104 0.0055538764900177114 -0.017546589636206065 0.075204273107675176 0.025574598126406091 0.064671849489567432 0.026381950734748451 0.085636318983537046 -0.032055114162734474 -0.024996534162202825 -0.031161257323932108 0.010772144184878787 0.053071161274995921
leaf_weight=4.1015760041773346 7.0448640882968894 16.939558060839772 6.4201457574963596 14.793822683393953 3.100718565285205 4.1189702004194322 12.496815342456101 8.6122445948421937 7.2733929529786137 7.2853870671242493 2.8995681665837827 2.4648068994283667 16.929477669298652 1.5853428617119778 2.5758407544344668 4.4726490080356589 3.1480921804904929 3.6403120569884777 2.0048014409840151 5.8661785405129185 4.788477160036563 3.329334758222104 0.89825379103422154 3.3848756253719321 2.3074101619422436 4.3867427408695221 16.365078883245587 4.6956749223172665 8.1238643340766412 7.4544141329824916
leaf_count=29 32 466 39 285 15 18 188 72 64 56 18 29 259 28 64 32 11 31 23 70 36 27 12 25 22 43 253 51 44 36
internal_value=0.000113163 -0.00678872 0.0138852 -0.00194702 0.0247189 0.0367928 -0.0122786 0.000257847 0.00234115 0.00764721 0.00375014 0.0183612 -0.00690992 -0.0202977 0.0183052 0.0109816 0.0290964 -0.000741014 0.024122 0.0180948 0.0305276 0.0127417 -0.0121215 -0.0118814 0.048405 -0.00718903 -0.014165 -0.00308865 0.0393794 0.0310128
internal_weight=193.509 128.907 64.602 111.967 45.6851 30.5872 18.917 15.0978 97.1733 73.5348 66.4899 28.0473 38.4426 21.9889 5.05944 16.4537 26.4857 6.7884 25.5825 22.6829 16.8168 12.0283 3.47409 11.9971 4.31221 7.71608 23.6385 11.9811 19.6972 15.5783
internal_count=2378 1870 508 1404 281 169 227 112 1119 802 770 268 502 363 104 139 140 42 239 221 151 115 76 97 45 70 317 107 98 80
is_linear=0
shrinkage=0.05


Tree=89
num_leaves=31
num_cat=0
split_feature=141 98 156 55 0 163 69 149 64 147 159 149 150 78 160 7 101 145 9 130 54 144 18 149 113 158 100 0 101 130
split_gain=9.93655 5.42026 4.13265 5.85088 4.29632 3.66264 3.60219 3.38788 3.08027 6.67529 3.01247 4.58237 2.9078 3.44398 3.55449 3.23062 2.89778 3.15866 2.92795 2.73456 2.67942 2.63245 5.01632 2.59909 3.31069 3.12901 3.18764 2.76021 2.3295 2.83343
threshold=14.500000000000002 0.69047621000000003 0.21111111111111114 1.0000000180025095e-35 98500.000000000015 0.21111111111111114 1.0000000180025095e-35 60.500000000000007 1.0000000180025095e-35 15.500000000000002 0.30952380952380959 72.500000000000014 0.18333333333333332 1.0000000180025095e-35 0.18333333333333332 1.5000000000000002 5.0999999000000011 55.750000000000007 1.5000000000000002 33.500000000000007 1.0000000180025095e-35 37.500000000000007 6.5000000000000009 110.50000000000001 1.0000000180025095e-35 0.38750000000000007 1.0000000180025095e-35 21500.000000000004 1.4166667000000002 76.500000000000014
decision_type=2 2 2 2 10 2 2 2 2 2 2 2 2 2 2 2 2 2 2 2 2 2 2 2 2 2 2 8 2 2
left_child=1 2 3 7 5 16 12 -1 9 19 -8 -12 13 14 21 -16 18 -18 20 -7 -4 22 28 25 -25 -14 -27 -28 -3 -30
right_child=-2 6 4 -5 -6 8 10 -9 -10 -11 11 -13 23 -15 15 -17 17 -19 -20 -21 -22 -23 -24 24 -26 26 27 -29 29 -31
leaf_value=0.077263731112816744 -0.025305266847855258 0.032578415830291051 0.0078640321471728641 -0.017148880698229379 -0.036957230736769757 0.012725860240149229 -0.0052838202470607441 0.01693407199388091 0.02053051460548715 0.045782903933176321 -0.0043041429357225961 0.043486118017478766 -0.0081036983066874041 -0.037926624576677406 -0.035151417924010719 0.018854954118980086 -0.028760074398313441 0.0079832210257109841 0.038353791046033439 -0.030790637343368777 -0.045689694064339259 -0.032470139777529126 0.059213070829235027 -0.032383207212180909 0.017607907406779363 0.011060661852160788 0.027418112588914315 0.078682353285641257 0.0073645198382534171 -0.016268392050376258
leaf_weight=4.2004220448434371 34.316693555563688 7.3630225658416739 7.0233276933431608 6.7510833442211142 11.983129367232321 4.8394233882427278 7.282616324722766 5.2176733836531639 19.168383255600929 4.8841463066637507 6.7737305760383633 19.329046472907066 4.6090802177786854 5.3129963949322692 10.185373380780218 3.8029967695474616 29.929848998785019 7.2697694003581992 4.4710478708147994 14.211728218942879 3.4993158504366875 4.1925783902406684 4.5593465715646735 4.8803987950086567 10.304684028029442 6.6161126568913486 4.8272383436560604 5.7575022652745256 74.097576729953289 15.302036128938196
leaf_count=25 500 28 37 47 136 29 27 32 102 38 27 66 20 33 75 26 302 48 21 103 22 30 17 23 42 28 20 22 369 83
internal_value=0.000258497 0.0030116 -0.00518847 0.0183759 -0.00874008 -0.00519191 0.00819762 0.0438408 0.00559453 -0.00636683 0.0231511 0.0310844 0.00511236 0.00146327 0.00321451 -0.0204688 -0.0140999 -0.0215795 0.00445725 -0.0197365 -0.00994531 0.00635427 0.00796078 0.0174239 0.00154105 0.0284822 0.0382857 0.055303 0.00554583 0.00331941
internal_weight=352.962 318.646 123.449 16.1692 107.28 95.297 195.196 9.4181 43.1037 23.9353 33.3854 26.1028 161.811 124.816 119.503 13.9884 52.1933 37.1996 14.9937 19.0512 10.5226 105.515 101.322 36.995 15.1851 21.8099 17.2009 10.5847 96.7626 89.3996
internal_count=2378 1878 942 104 838 702 936 57 272 170 120 93 816 661 628 101 430 350 80 132 59 527 497 155 65 90 70 42 480 452
is_linear=0
shrinkage=0.05


Tree=90
num_leaves=31
num_cat=0
split_feature=141 100 160 143 98 149 149 154 146 145 3 9 15 161 112 67 143 145 149 149 106 148 148 157 72 130 161 0 73 148
split_gain=6.62663 4.06037 3.38609 2.90355 2.84428 3.77596 3.52558 3.73771 2.75623 4.12876 2.85815 2.85218 3.34751 3.36361 5.17955 3.693 3.16956 2.88444 2.85949 2.78042 3.44788 3.43275 3.18935 2.94363 3.90395 3.66455 3.79698 4.07904 3.45126 3.95416
threshold=15.500000000000002 11.500000000000002 0.55000000000000016 6.357406995882406 1.0000000180025095e-35 47.500000000000007 34.500000000000007 0.45000000000000007 28.500000000000004 17.900000000000002 1.0000000180025095e-35 1.0000000180025095e-35 5.5000000000000009 0.90454545454545465 2.4166666500000002 1.0000000180025095e-35 3.0055453054181624 23.267857142857146 200.50000000000003 66.500000000000014 1.0000000180025095e-35 15.042979595661382 14.368367461812253 1.5000000000000002 1.0000000180025095e-35 49.500000000000007 1.1833333333333336 45750.000000000007 1.0000000180025095e-35 22.638460151890886
decision_type=2 2 2 10 2 2 2 2 2 2 2 2 2 2 2 2 8 2 2 2 2 8 10 2 2 2 2 10 2 10
left_child=1 2 3 4 6 -6 -1 -8 -7 -10 11 16 13 14 -13 17 -11 -16 19 22 23 -22 -15 -21 25 26 -25 -28 29 -27
right_child=-2 -3 -4 -5 5 8 7 -9 9 10 -12 12 -14 18 15 -17 -18 -19 -20 20 21 -23 -24 24 -26 28 27 -29 -30 -31
leaf_value=0.048964584855617319 -0.030537596646374277 -0.033641396993749573 -0.040901102566376461 -0.02734750434304857 -0.040765039251564932 0.040031056774249653 -0.015141597271253908 0.028988515159442181 -0.024472819769635341 -0.0071128539846194499 0.054842658353260257 -0.039121325877959495 0.033310257378937842 0.02109853171942885 0.0174967987965329 0.041716226452367888 0.033541660238927358 -0.04342969820837167 -0.020667647138736409 0.0051888711749582218 0.024415716436829275 -0.035869924585559161 -0.043592516787257785 0.032201099338481427 -0.030280103608124345 -0.027543921539156715 -0.01976062373816764 0.035046244664990886 0.054338150145485736 0.048192159219099487
leaf_weight=2.7334092259407035 15.858620438724754 7.4988719373941413 4.2022904045879832 7.0511695779860011 3.9773082472383967 6.6740697547793379 38.043929360806942 5.4906568787991992 9.6963742375373823 6.3451919630169895 3.3336962386965743 10.693459168076517 10.405587546527384 3.0438330769538862 3.8233351185917837 4.9729407876729965 19.614398658275604 3.9491940066218376 8.7309335283935052 54.645644519478083 3.5022611133754227 7.2483330219984063 5.0934490486979485 14.626340679824354 3.4137882478535166 3.3442195467650899 11.12673505395651 4.8855536393821231 14.726775225251913 3.5559212118387222
leaf_count=28 289 119 57 77 45 33 411 43 65 40 17 73 45 19 21 27 94 27 63 332 24 63 35 76 23 27 72 36 80 17
internal_value=0.000924142 0.00266595 0.00364198 0.00432327 0.00515748 0.00751338 -0.0061174 -0.00957583 0.00839641 0.00739474 0.00893142 0.00815744 0.00582315 0.00405084 -0.0134608 0.00806845 0.0236047 -0.0134597 0.00702636 0.00889765 0.0107991 -0.0162304 -0.0193942 0.013433 0.021524 0.0249077 0.0137843 -0.00303835 0.040666 0.0114859
internal_weight=302.308 286.45 278.951 274.749 267.697 221.429 46.268 43.5346 217.452 210.778 201.082 197.748 171.788 161.383 23.4389 12.7455 25.9596 7.77253 137.944 129.213 121.076 10.7506 8.13728 110.325 55.6793 52.2655 30.6386 16.0123 21.6269 6.90014
internal_count=2378 2089 1970 1913 1836 1354 482 454 1309 1276 1211 1194 1060 1015 148 75 134 48 867 804 750 87 54 663 331 308 184 108 124 44
is_linear=0
shrinkage=0.05


Tree=91
num_leaves=31
num_cat=0
split_feature=141 159 68 19 0 163 156 140 163 149 95 156 149 160 145 2 125 146 0 156 159 13 147 144 101 143 164 146 148 148
split_gain=25.6942 11.7472 8.0478 5.76034 5.90699 6.5243 5.63525 5.96335 4.83041 4.643 4.53035 5.76205 5.47356 4.45907 5.2132 4.43659 4.16113 3.91435 3.20438 3.1569 3.03855 3.03416 4.08148 3.02353 3.65007 2.81974 2.61883 2.47227 3.84732 2.69301
threshold=14.500000000000002 0.84523809523809534 1.0000000180025095e-35 9.5000000000000018 82264.500000000015 0.41428571428571431 0.29285714285714287 5.8285714285714292 0.58571428571428574 247.50000000000003 1.5000000000000002 0.61250000000000016 100.50000000000001 0.41428571428571431 23.450000000000003 4.5000000000000009 1.0000000180025095e-35 47.500000000000007 1.0000000180025095e-35 0.21111111111111114 0.63333333333333341 2.5000000000000004 29.500000000000004 14.500000000000002 9.7750001000000015 4.5074009416252094 0.45000000000000007 41.500000000000007 15.930838769892894 14.603638062447127
decision_type=2 2 2 2 10 2 2 2 2 2 2 2 2 2 2 2 2 2 8 2 2 2 2 2 2 8 2 2 10 8
left_child=1 3 6 4 5 9 15 25 -6 19 -5 18 -13 14 -4 -3 17 -16 -12 26 -21 22 -22 -9 -25 -8 -1 28 29 -7
right_child=-2 2 13 10 8 27 7 23 -10 -11 11 12 -14 -15 16 -17 -18 -19 -20 20 21 -23 -24 24 -26 -27 -28 -29 -30 -31
leaf_value=-0.051592609386419255 0.026862700075346819 -0.0069437873918089038 -0.026212114203632488 -0.026509354247358737 0.015667933258924717 -0.022552049557253304 -0.029900600640738018 -0.0051156597379097271 -0.03137280518118514 0.031627506517896198 0.043120948697315316 0.014427078261599524 -0.052747375914256392 0.044726717664981368 0.036314119666316466 -0.049893533251849309 -0.026694843009963599 0.010810361444040802 0.0090979611679211977 -0.017295936303842702 -0.012512155419122159 0.032275447008374224 0.031335905724662196 0.030787816038014861 -0.0071688887871531048 0.0077944109976099815 -0.0097871232017033138 -0.039662605116123129 0.0066838126405516221 -0.059963444805278314
leaf_weight=9.059233680367468 73.505033366382122 12.953749001026155 8.7565535157918912 9.8058366030454618 24.842726379632953 24.466277241706852 17.662193372845653 18.822061255574226 6.9935734272003165 6.0700336992740622 12.175725989043714 6.4031787514686567 5.7607701867818832 10.606098078191279 20.15389809012413 11.221146628260611 5.7711944729089728 59.34970711171627 16.034128040075302 62.360427036881447 32.828268453478813 6.1795224547386161 6.3305008113384238 22.731136545538906 8.7803416103124601 6.8990069925785056 6.387380674481391 33.776736199855804 9.4012599885463697 5.9874588996171942
leaf_count=31 500 46 36 34 91 88 58 69 25 20 52 24 23 68 102 41 23 262 60 211 113 21 23 100 40 23 21 121 31 21
internal_value=-0.000698329 -0.00484487 0.00432342 -0.0114012 -0.0146889 -0.0178315 -0.00589018 0.000884882 0.00533436 -0.0110625 0.0039752 0.0113792 -0.0173863 0.0139936 0.0105271 -0.0268796 0.0142997 0.0172755 0.0237827 -0.0131667 -0.0101349 -0.000285268 -0.00542357 0.0107405 0.0202116 -0.0193124 -0.0343055 -0.0297104 -0.0212761 -0.0299074
internal_weight=562.075 488.57 203.707 284.863 234.683 202.847 99.0696 74.8947 31.8363 129.215 50.1796 40.3738 12.1639 104.637 94.0314 24.1749 85.2748 79.5036 28.2099 123.145 107.699 45.3383 39.1588 50.3335 31.5115 24.5612 15.4466 73.6317 39.855 30.4537
internal_count=2378 1878 868 1010 817 701 377 290 116 440 193 159 47 491 423 87 387 364 112 420 368 157 136 209 140 81 52 261 140 109
is_linear=0
shrinkage=0.05


Tree=92
num_leaves=31
num_cat=0
split_feature=145 144 19 162 76 165 98 164 101 146 95 144 140 111 145 144 159 162 146 111 143 143 149 40 143 22 161 122 0 121
split_gain=6.66804 7.67802 6.59083 5.08502 4.85408 4.10607 3.83743 3.15248 3.79793 3.83046 3.60558 3.38677 3.77758 3.94405 3.77909 3.10447 3.08384 2.8463 2.75704 2.5134 3.65891 4.81262 3.0471 3.5192 3.39218 2.85516 2.3803 2.26002 2.03738 2.00673
threshold=23.450000000000003 32.500000000000007 8.5000000000000018 16833.333333333339 1.0000000180025095e-35 0.35416666666666669 0.7750000050000001 0.45000000000000007 2.5833333500000006 58.500000000000007 3.5000000000000004 12.500000000000002 9.2916666666666696 2.5000000000000004 36.550000000000004 11.500000000000002 0.48076923076923078 9043.7500000000018 31.500000000000004 1.5000000000000002 4.926965959222275 4.205155098949346 122.50000000000001 1.0000000180025095e-35 3.211955780420281 1.0000000180025095e-35 1.7083333333333337 1.0000000180025095e-35 1.0000000180025095e-35 2.5000000000000004
decision_type=2 2 2 10 2 2 2 2 2 2 2 2 2 2 2 2 2 10 2 2 8 8 2 2 10 2 2 2 8 2
left_child=2 3 4 7 6 -4 -1 8 -2 11 19 15 -13 -14 -15 27 -6 28 -19 -11 21 22 25 -24 -25 -21 -9 -10 29 -8
right_child=1 -3 5 -5 16 -7 17 26 9 10 -12 12 13 14 -16 -17 -18 18 -20 20 -22 -23 23 24 -26 -27 -28 -29 -30 -31
leaf_value=0.07823147225222471 0.041911503456149399 -0.038737030460382765 0.020140551106416198 -0.029686243597519743 0.025423069379038078 -0.029137621650682885 0.038855233386747831 0.0098777795668464757 0.013944245201076356 0.065888517061832769 -0.041329198716504985 -0.031495269513741216 -0.023134761407956977 0.12932663383418189 0.0026113739530362824 0.045170435118043445 -0.020074558725805748 0.033198693878480491 -0.031010110813027032 0.085350425707644006 -0.017092124982346399 0.087996040054364136 -0.042006863174681996 -0.012263324774172383 0.065750922925451025 0.01191717098577991 -0.024571123580834561 -0.030769153509569797 0.063007173206908781 -0.0024804448398755789
leaf_weight=4.341506443917754 7.1730522289872161 16.152342243120074 6.4943388961255577 14.287265472114084 6.6829020902514449 12.109353318810461 10.411512948572641 7.3075214736163643 7.38243584521115 3.0149311758577886 2.3801780492067328 16.414540234953169 2.7209207173436871 1.1636715903878214 1.1902094539254902 4.597419135272502 8.4129149913787824 3.1723605692386618 3.5345339179039001 2.5355653911829057 5.7735365014523259 2.8709221519529811 3.2808013185858709 3.0685959551483393 2.5523488521575928 2.7694965675473213 15.979636101052163 4.578835753723979 5.470708590000867 4.0894198939204207
leaf_count=29 32 466 39 285 36 188 45 64 56 18 29 259 58 18 28 32 76 11 31 17 70 20 31 31 20 32 253 51 24 29
internal_value=0.000120796 -0.00652734 0.0131865 -0.00184207 0.0233208 -0.0119352 0.0346372 0.00226954 0.0073508 0.00361133 0.0175603 -0.0067442 -0.019839 0.0178635 0.0652547 0.0102498 6.71926e-05 0.0275429 -0.000639351 0.0229792 0.0173179 0.028951 0.0170192 -0.000856918 0.0231612 0.0470147 -0.013761 -0.00317227 0.0370071 0.0271981
internal_weight=191.914 127.194 64.7196 111.042 46.1159 18.6037 31.02 96.7546 73.4675 66.2944 28.2464 38.048 21.4893 5.0748 2.35388 16.5587 15.0958 26.6785 6.70689 25.8662 22.8513 17.0777 14.2068 8.90175 5.62094 5.30506 23.2872 11.9613 19.9716 14.5009
internal_count=2378 1870 508 1404 281 227 169 1119 802 770 268 502 363 104 46 139 112 140 42 239 221 151 131 82 51 49 317 107 98 74
is_linear=0
shrinkage=0.05


Tree=93
num_leaves=31
num_cat=0
split_feature=19 98 162 130 68 140 40 148 142 72 13 149 144 78 31 145 148 140 163 122 13 143 140 141 40 2 56 156 156 145
split_gain=9.15487 5.66475 5.54323 4.71748 3.54253 5.30608 3.65752 3.34061 3.66554 3.60977 3.38906 3.33614 3.17658 2.90216 2.86283 4.14978 2.80223 2.71174 2.36279 2.42699 4.38417 4.04233 4.89489 4.65607 3.86061 4.90138 2.79577 2.76369 2.99468 3.73645
threshold=11.500000000000002 0.55000001000000009 32750.000000000004 23.500000000000004 1.0000000180025095e-35 6.4142857142857155 1.0000000180025095e-35 16.975471792205258 2.5000000000000004 1.0000000180025095e-35 2.5000000000000004 146.50000000000003 37.500000000000007 1.0000000180025095e-35 1.0000000180025095e-35 53.833333333333336 16.266017544920253 4.854166666666667 0.73214285714285732 1.0000000180025095e-35 3.5000000000000004 4.0393888659823265 6.854166666666667 7.5000000000000009 1.0000000180025095e-35 4.5000000000000009 1.0000000180025095e-35 0.38750000000000007 0.5634920634920636 63.250000000000007
decision_type=2 2 10 2 2 2 2 8 2 2 2 2 2 2 2 2 8 2 2 2 2 10 2 2 2 2 2 2 2 2
left_child=1 2 4 -2 7 6 17 8 -1 10 11 14 13 18 -9 -16 -8 -6 19 26 21 23 -23 27 -25 -26 -3 -21 29 -29
right_child=3 12 -4 -5 5 -7 16 9 -10 -11 -12 -13 -14 -15 15 -17 -18 -19 -20 20 -22 22 -24 24 25 -27 -28 28 -30 -31
leaf_value=0.010998124342587777 0.06680319867506937 0.011979008189404117 -0.040666164650984604 -0.027550996801998479 -0.0064547665099802462 -0.031133190245347761 0.016505567259993709 0.023777799368328724 -0.02999452090236281 0.053022005934151663 0.05086170334320457 -0.043844383670060105 -0.017328115051986181 -0.021506435938082671 -0.037922109235769989 0.027207809940939062 -0.035453696132489464 0.043531372179159089 0.034742176343202279 -0.027751860084146825 0.037623826511541607 -0.035429427475440076 0.026783543794042783 0.055342333474560884 -0.028592980854052846 0.028584775220864462 0.039551312231649802 0.044342819560931813 -0.019535349261732348 -0.0041580526223365787
leaf_weight=10.716165877878668 1.3785454109311093 77.52074796333909 10.467649687081574 33.934960156679153 4.4959489181637764 21.250137101858854 4.0775329396128646 13.501306891441352 11.104301646351812 5.2991358414292327 4.0811475515365592 3.4631360471248618 11.686915349215267 7.2481880933046332 6.0030810758471489 4.1271274089813232 7.1363795697689065 6.842781163752079 9.7191078364849073 10.036363273859022 8.4546255171298963 13.773690752685072 4.103695109486579 6.6571901887655285 5.4739040657877949 11.887594394385813 10.430888295173643 6.814737103879458 9.2418591454625112 9.5161057710647565
leaf_count=55 16 349 127 474 21 267 28 85 92 28 23 28 88 41 36 15 58 35 36 52 32 81 32 28 35 68 36 27 42 43
internal_value=0.000273698 0.00297897 -0.00601381 -0.0238677 -0.00246107 -0.0132055 0.00368677 0.00561223 -0.00986278 0.0148699 0.00838493 0.00198685 0.00797626 0.00952557 0.00870329 -0.0113877 -0.0165606 0.0237112 0.0107505 0.00940967 0.003435 -0.000294478 -0.0211486 0.00595795 0.0229702 0.0105572 0.015249 -0.00551698 0.00320941 0.016081
internal_weight=350.445 315.131 112.566 35.3135 102.098 43.8028 22.5526 58.2954 21.8205 36.4749 31.1758 27.0947 202.566 190.879 23.6315 10.1302 11.2139 11.3387 183.631 173.911 85.9598 77.5051 17.8774 59.6278 24.0187 17.3615 87.9516 35.6091 25.5727 16.3308
internal_count=2378 1888 898 490 771 409 142 362 147 215 187 164 990 902 136 51 86 56 861 825 440 408 113 295 131 103 385 164 112 70
is_linear=0
shrinkage=0.05


Tree=94
num_leaves=31
num_cat=0
split_feature=141 100 160 143 98 149 149 154 146 146 145 3 143 72 0 157 145 148 130 112 73 148 159 140 101 9 10 106 162 145
split_gain=6.09943 3.79682 3.18006 2.69375 2.5701 3.55885 3.20864 3.42467 2.4835 2.46727 3.82104 2.53157 2.60028 3.68687 3.29333 3.80977 5.57959 4.77469 4.79259 4.17498 5.53161 3.8185 3.45847 3.43368 3.16495 2.66734 2.80841 2.91973 3.45059 3.13116
threshold=15.500000000000002 11.500000000000002 0.55000000000000016 6.357406995882406 1.0000000180025095e-35 47.500000000000007 34.500000000000007 0.45000000000000007 57.500000000000007 28.500000000000004 17.900000000000002 1.0000000180025095e-35 3.9445490086216606 1.0000000180025095e-35 122500.00000000001 1.5000000000000002 65.583333333333357 15.78078997445658 35.500000000000007 1.3666667000000001 1.0000000180025095e-35 6.0104076400856554 0.72077922077922085 4.4142857142857155 8.7750001000000015 1.0000000180025095e-35 3.5000000000000004 1.0000000180025095e-35 37916.666666666679 22.708333333333339
decision_type=2 2 2 10 2 2 2 2 2 2 2 2 8 2 10 2 2 10 2 2 2 10 2 2 2 2 2 2 10 2
left_child=1 2 3 4 6 -6 -1 -8 -9 -7 -11 12 13 14 15 16 -12 18 -17 20 22 -18 -19 -21 -25 -14 27 28 -27 -29
right_child=-2 -3 -4 -5 5 9 7 8 -10 10 11 -13 25 -15 -16 17 21 19 -20 23 -22 -23 -24 24 -26 26 -28 29 -30 -31
leaf_value=0.045812263561877675 -0.029983374710779293 -0.033272041541610502 -0.040765322357406965 -0.026808728649138094 -0.040627763137841499 0.037631417909109989 -0.014665408817261874 -0.0070253232278730624 0.059536231539085528 -0.023909419900048766 -0.018014003662020026 0.051126082675819695 0.031881989719120006 -0.021891932495717834 -0.02761951364933999 0.033360304504276121 -0.0011482825219422043 0.047891028225227471 -0.020710066663335382 -0.013117435214163756 0.067276795673030326 0.053506153293532921 -0.019203217465911786 0.035596416177302061 -0.017113975682546242 0.0075793180001453055 0.05070539265794323 0.015505898490236918 0.053505076880376146 -0.042478619402609191
leaf_weight=2.8240353874862185 15.129591599106787 7.1932448484003535 3.9955020174384108 6.8444061018526545 3.8245391659438601 6.8171104937791815 37.427270065993071 2.7234208807349196 2.8868807926774025 9.505526274442671 24.794637750834227 3.428854137659072 17.964040692895651 13.010284021496771 6.7260605283081523 5.8291770368814495 7.4190952219068986 3.5350641235709199 13.800834931433199 8.8538887128233927 10.385832946747541 5.6141387969255447 4.2057237476110458 14.175248734652998 3.5638136491179457 40.199337925761938 3.9217649251222602 4.0071710199117643 4.5532275997102252 5.5566893443465233
leaf_count=28 289 119 57 77 45 33 411 22 21 65 177 17 82 85 65 28 46 17 85 50 56 25 32 73 24 228 19 24 30 48
internal_value=0.000954575 0.00259358 0.00352029 0.00416513 0.00495749 0.00718638 -0.00581684 -0.00920463 0.0272251 0.00802573 0.00706944 0.00853051 0.00779329 0.00326455 0.0062699 0.00850075 -0.00409166 0.0159032 -0.00465375 0.0249268 0.0434312 0.0223944 0.0114374 0.0123137 0.0250068 0.0150387 0.00984325 0.00689292 0.0122519 -0.0181836
internal_weight=300.716 285.587 278.394 274.398 267.554 221.692 45.8616 43.0376 5.6103 217.868 211.05 201.545 198.116 121.914 108.904 102.177 37.8279 64.3496 19.63 44.7196 18.1266 13.0332 7.74079 26.593 17.7391 76.2022 58.2382 54.3164 44.7526 9.56386
internal_count=2378 2089 1970 1913 1836 1354 482 454 43 1309 1276 1211 1194 763 678 613 248 365 113 252 105 71 49 147 97 431 349 330 258 72
is_linear=0
shrinkage=0.05


Tree=95
num_leaves=31
num_cat=0
split_feature=141 159 68 156 140 19 0 163 163 0 145 149 95 156 149 2 98 0 101 156 144 101 159 13 147 144 130 112 143 143
split_gain=23.122 10.7246 7.42423 5.08817 5.37804 5.07237 5.36553 6.0201 4.42188 4.39249 4.94688 4.2893 4.12099 5.37694 4.99098 4.05566 3.09467 3.06046 2.8632 2.85048 2.83465 3.41864 2.77183 2.81255 3.81834 2.60481 2.53924 3.19022 6.33636 2.63658
threshold=14.500000000000002 0.84523809523809534 1.0000000180025095e-35 0.29285714285714287 5.8285714285714292 9.5000000000000018 82264.500000000015 0.41428571428571431 0.58571428571428574 161500.00000000003 23.450000000000003 247.50000000000003 1.5000000000000002 0.61250000000000016 100.50000000000001 4.5000000000000009 0.45000000500000009 1.0000000180025095e-35 8.4166665000000016 0.21111111111111114 14.500000000000002 9.7750001000000015 0.63333333333333341 2.5000000000000004 29.500000000000004 10.500000000000002 55.500000000000007 1.2916667000000002 4.6618968466139084 8.4950909611769791
decision_type=2 2 2 2 2 2 10 2 2 8 2 2 2 2 2 2 2 8 2 2 2 2 2 2 2 2 2 2 8 8
left_child=1 5 3 15 25 6 7 11 -8 10 -4 19 -7 17 -15 -3 18 -14 -12 -1 -6 -22 -21 24 -24 -5 -2 29 -29 -28
right_child=26 2 9 4 20 12 8 -9 -10 -11 16 -13 13 14 -16 -17 -18 -19 -20 22 21 -23 23 -25 -26 -27 27 28 -30 -31
leaf_value=-0.032698727916314188 0.033686198981682659 -0.0065118168399535105 -0.030674882250731578 -0.0064035094435839161 -0.0050839813221059049 -0.025566826375196007 0.015064535516579953 -0.028527572948851596 -0.030176137235809981 0.036724259482959272 0.0093320047058458883 0.030604729249242141 0.042018983035012177 0.013679557649379446 -0.050413560889633113 -0.047626824537825158 0.0027609093462927351 0.0084833463336281105 0.036380331931257358 -0.01651811448156134 0.029941887395153716 -0.0068928288637622979 -0.012018480975583293 0.031268895385259975 0.03055655336912505 -0.040616431550427719 0.035860279510658358 -0.045385609904672129 0.034530801651489133 -0.012525257922673491
leaf_weight=15.355609849095343 42.475951887667179 12.913024097681047 7.2160760909318915 15.890069082379343 18.784147471189499 9.7489504814147931 24.652393653988842 72.629828408360481 6.9165475666522971 17.055523902177811 20.012655213475227 6.041691228747367 11.887359596788885 6.3403946012258512 5.8305838257074356 11.200335457921026 39.83165105432272 15.906724408268927 19.14219493418932 62.150912955403328 22.268743589520458 8.7837501317262632 32.795202784240246 6.1212891638278952 6.2737362980842581 8.5604955404996854 14.906359694898134 5.3591579049825642 4.6172934100031862 3.4710695520043364
leaf_count=52 309 46 29 52 69 34 91 261 25 93 87 20 52 24 23 41 161 60 121 211 100 40 113 21 23 29 111 31 28 21
internal_value=-0.000731626 -0.00463399 0.00417478 -0.00565289 0.000824854 -0.0109186 -0.014013 -0.0170176 0.0051526 0.0135401 0.00895306 -0.0105241 0.00358009 0.0106901 -0.0170247 -0.0256092 0.0125734 0.0228263 0.0225555 -0.0125493 0.010248 0.0195225 -0.00966689 -0.000244274 -0.00518173 -0.0183819 0.0259514 0.0143642 -0.00839876 0.0267214
internal_weight=555.14 484.31 201.659 98.4006 74.2872 282.651 232.937 201.368 31.5689 103.258 86.2026 128.738 49.714 39.9651 12.171 24.1134 78.9865 27.7941 39.1549 122.697 49.8366 31.0525 107.341 45.1902 39.0689 24.4506 70.8298 28.3539 9.97645 18.3774
internal_count=2378 1878 868 377 290 1010 817 701 116 491 398 440 193 159 47 87 369 112 208 420 209 140 368 157 136 81 500 191 59 132
is_linear=0
shrinkage=0.05


Tree=96
num_leaves=31
num_cat=0
split_feature=0 145 144 145 99 66 148 70 105 159 161 148 147 98 112 112 148 103 161 162 162 147 146 146 148 130 141 122 140 145
split_gain=6.31483 6.5928 7.02293 5.90269 4.72582 3.87182 5.14908 6.54656 2.90543 2.84535 4.67041 4.20331 4.26473 3.33643 3.17189 2.80762 2.45443 3.32362 2.66237 2.30558 2.83765 2.28318 2.19182 5.35871 3.78619 4.47576 2.96189 3.4734 3.1081 7.17407
threshold=100148.50000000001 23.450000000000003 32.500000000000007 15.083333333333334 7.5000000000000009 1.0000000180025095e-35 4.37594521997109 1.0000000180025095e-35 1.0000000180025095e-35 0.48076923076923078 0.80909090909090919 13.433994981142165 6.5000000000000009 0.91666665500000011 1.4500000000000002 2.4166666500000002 20.735032963652298 1.0000000180025095e-35 1.1833333333333336 16833.333333333339 8166.6666666666679 2.5000000000000004 65.500000000000014 58.500000000000007 26.763134384077116 57.500000000000007 6.5000000000000009 1.0000000180025095e-35 10.366666666666669 38.81666666666667
decision_type=10 2 2 2 2 2 8 2 2 2 2 10 2 2 2 2 8 2 2 8 8 2 2 2 10 2 2 2 2 2
left_child=1 4 5 -2 8 15 -7 16 9 21 -11 -12 13 -13 -15 19 -8 18 -18 20 22 -1 23 26 25 -25 27 -3 -28 -30
right_child=3 2 -4 -5 -6 6 7 -9 -10 10 11 12 -14 14 -16 -17 17 -19 -20 -21 -22 -23 -24 24 -26 -27 28 -29 29 -31
leaf_value=0.011376899696834017 0.047764263785602466 0.028185783460347349 -0.038747143954937772 -0.039356353489956475 -0.020585457284482297 0.076293787615400233 -0.033965392791641243 0.055054248932069255 0.043537309194831446 -0.037221188312996333 -0.023996179900755501 0.062529935323517555 0.085930456240818298 0.030024023151385634 -0.043222570401860387 0.03320439668554135 0.03072373852982906 0.049787280803412867 -0.032751197037809841 -0.0264024408213859 0.05649922772819204 0.049982522258262559 -0.01709461178674403 0.086978804810384253 0.087850278662578357 0.002238297816081306 -0.039800787317181369 -0.041000217271477311 0.14257156635719723 -0.038745250976377786
leaf_weight=7.1942087523639193 2.2249698638916042 6.6083903871476668 12.757949478924273 15.40886941552162 7.2426456883549681 3.2572626359760788 5.6281001865863862 5.6892421208322039 12.457522876560686 5.25007385760546 4.4568088464438906 2.6176990419626218 2.8752646353095761 3.0683316886425018 2.8517185002565384 4.5529268868267527 2.4879323095083219 3.1658673100173473 4.9165393225848675 12.959568832069634 1.9288499541580666 8.1894506737589818 23.219723040238023 1.8547468297183503 2.16244944743812 9.7459634318947774 10.514333091676233 2.5005071684718132 0.82682099938392584 1.6036377176642416
leaf_count=34 7 50 371 387 93 26 57 40 65 38 39 17 17 24 23 31 15 17 47 187 20 36 308 13 18 114 192 28 20 44
internal_value=0.000136668 0.00304871 -0.00374248 -0.0283638 0.0171112 0.000567256 0.0176418 0.00891334 0.0226875 0.0155722 0.00365826 0.017182 0.0332622 0.0155251 -0.00525924 -0.00490355 -0.00729235 0.00690952 -0.0114234 -0.00725056 -0.0031794 0.0319285 -0.00512923 0.00262782 0.0271093 0.0157868 -0.0126505 0.00919335 -0.0280214 0.0229372
internal_weight=190.218 172.585 116.381 17.6338 56.2037 103.623 25.1449 21.8877 48.9611 36.5036 21.1199 15.8698 11.413 8.53775 5.92005 78.4779 16.1984 10.5703 7.40447 73.925 60.9654 15.3837 59.0366 35.8168 13.7632 11.6007 22.0537 9.1089 12.9448 2.43046
internal_count=2378 1984 1598 394 386 1227 202 176 293 228 158 120 81 64 47 1025 136 79 62 994 807 70 787 479 145 127 334 78 256 64
is_linear=0
shrinkage=0.05


Tree=97
num_leaves=31
num_cat=0
split_feature=19 98 130 68 156 101 130 140 144 18 150 100 162 0 145 69 100 162 98 30 101 79 49 101 150 156 148 146 146 156
split_gain=8.32766 5.12707 4.69142 4.75867 4.60348 4.3085 4.27758 3.35195 2.95936 2.92285 2.90124 4.78808 5.47536 4.38139 4.37699 4.25631 3.57377 2.89621 3.56422 2.83574 3.6496 2.71996 2.97709 2.71928 2.49787 2.38221 2.94633 2.51783 3.53838 4.01862
threshold=11.500000000000002 0.45000000500000009 44.500000000000007 1.0000000180025095e-35 0.44155844155844154 3.7333333500000001 23.500000000000004 6.5357142857142865 37.500000000000007 5.5000000000000009 0.18333333333333332 1.5000000000000002 9043.7500000000018 15500.000000000002 24.916666666666668 1.0000000180025095e-35 1.5000000000000002 65833.333333333358 1.2916667000000002 1.0000000180025095e-35 6.8750000000000009 1.0000000180025095e-35 1.0000000180025095e-35 1.4166667000000002 0.53571428571428581 0.77500000000000013 30.832330949082515 76.500000000000014 70.500000000000014 0.58571428571428574
decision_type=2 2 2 2 2 2 2 2 2 2 2 2 10 10 2 2 2 8 2 2 2 2 2 2 2 2 10 2 2 2
left_child=1 2 -1 4 7 -5 -2 -4 9 10 15 12 24 14 -13 21 -17 18 -11 20 -7 23 -23 -3 -12 26 27 28 29 -25
right_child=6 8 3 5 -6 19 -8 -9 -10 17 11 13 -14 -15 -16 16 -18 -19 -20 -21 -22 22 -24 25 -26 -27 -28 -29 -30 -31
leaf_value=-0.037249815396011111 0.060681409161137193 0.023976950967442873 0.012070361043347747 0.037771726187388534 -0.0047179963133999088 0.044889817120260023 -0.026931225831416723 0.065692006938206593 -0.016685667746482485 -0.0072052113645935771 0.03123393239271309 -0.0069908510665666283 -0.046520483516617445 0.068961335697998657 0.046567591784865581 0.035135357305269156 -0.004472473758234465 0.055863853665659526 0.033743189039670128 -0.037499686130996503 -0.040243364589743105 0.02541001939296866 -0.022256166185260919 -0.014890166171693113 -0.010418309749388156 -0.034457124038750286 0.043928434002725135 -0.024346118293760693 0.023354171417229456 0.010150022925831855
leaf_weight=12.177294131368397 1.4553440883755673 8.1347308158874494 7.2192666530609113 2.8597594350576427 21.850337751209736 2.7038402408361497 32.611913330852985 4.8875942602753639 13.258240912109612 9.8554205894470268 9.0108733698725718 7.7789016813039797 4.849040411412715 6.2545464858412734 7.4855283573269844 16.463742114603523 8.7071027606725675 5.3969404995441428 11.532537117600439 16.620215799659487 2.3556757122278214 16.365785911679271 4.0954952985048285 46.925540953874588 5.9935875385999671 6.8855941891670218 3.1000974215567103 15.118449572473763 11.676176246255634 24.330787751823664
leaf_count=132 16 31 29 14 158 16 474 36 103 44 37 31 29 25 27 58 36 19 40 212 30 77 26 300 25 39 17 89 63 145
internal_value=0.000291072 0.00283934 -0.00901516 -0.00313753 0.00898558 -0.0199132 -0.0231884 0.0337177 0.00628398 0.00760828 0.00556158 0.0173774 -0.000331314 0.0337155 0.0192737 0.00254033 0.0214342 0.0231335 0.0148745 -0.0275224 0.0052524 -0.000940358 0.0158692 -0.00390103 0.0145958 -0.00600014 -0.004063 -0.00558036 -0.00215939 -0.00634008
internal_weight=347.96 313.893 70.674 58.4967 33.9572 24.5395 34.0673 12.1069 243.219 229.961 203.176 41.3725 19.8535 21.519 15.2644 161.804 25.1708 26.7849 21.388 21.6797 5.05952 136.633 20.4613 116.171 15.0045 108.037 101.151 98.051 82.9325 71.2563
internal_count=2378 1888 627 495 223 272 490 65 1261 1158 1055 174 91 83 58 881 94 103 84 258 46 787 103 684 62 653 614 597 508 445
is_linear=0
shrinkage=0.05


Tree=98
num_leaves=31
num_cat=0
split_feature=100 141 160 15 147 149 148 148 156 148 149 2 31 54 149 162 156 142 147 143 130 161 141 12 19 149 145 103 8 130
split_gain=5.64911 3.65607 3.01867 2.50843 3.00125 2.82738 2.64678 6.47688 3.92139 3.19328 3.09592 2.96201 3.39339 3.25202 6.88052 3.57162 3.52072 4.81674 4.13682 4.02549 3.39416 4.68555 3.48829 4.8769 4.51874 3.17012 2.92139 2.82007 2.59376 2.51273
threshold=11.500000000000002 15.500000000000002 0.55000000000000016 5.5000000000000009 7.5000000000000009 200.50000000000003 19.155721501443107 19.452720035277942 0.40833333333333338 18.927933420352964 47.500000000000007 5.5000000000000009 1.0000000180025095e-35 1.0000000180025095e-35 154.50000000000003 20423.166666666668 0.51923076923076927 4.5000000000000009 15.500000000000002 4.5862097778857214 71.500000000000014 1.4142857142857144 12.500000000000002 2.5000000000000004 6.5000000000000009 79.500000000000014 23.100000000000005 1.0000000180025095e-35 1.0000000180025095e-35 53.500000000000007
decision_type=2 2 2 2 2 2 8 8 2 8 2 2 2 2 2 8 2 2 2 10 2 2 2 2 2 2 2 2 2 2
left_child=1 2 3 5 -5 6 9 -8 -9 10 -1 13 -13 15 20 16 17 19 -19 -12 21 22 23 24 -15 -18 -26 -27 -17 -20
right_child=-2 -3 -4 4 -6 -7 7 8 -10 -11 11 12 -14 14 -16 28 25 18 29 -21 -22 -23 -24 -25 26 27 -28 -29 -30 -31
leaf_value=-0.040324450257151791 -0.035000586220751334 -0.026257112214405777 -0.0406865103845424 -0.0035424998575938373 0.04775456484861286 -0.023160702894730933 0.071393127610248908 0.017592258708923801 -0.0023068032786768638 -0.042920317566103289 -0.0067892637347393876 -0.023949500054663297 0.031568612689180924 0.03922826817765751 0.078382067292142199 -0.034614347339711728 0.021837658953614753 0.095888371741004175 -0.010426778869824736 0.041454526085501958 0.059843898925623001 -0.02101128688185663 0.066454318259575415 -0.043189106110236179 0.015418373999297333 -0.043575517792208904 -0.042719846824316843 0.01154507602020618 0.0018921659709339447 0.048884831048534028
leaf_weight=4.3911660686135283 10.532151482999323 10.803269568830727 3.8309328891336909 4.853785611689089 6.9117345958948135 9.9418541043996793 4.147592104971408 49.384061206132174 49.648561596870422 4.2568936087191096 21.449224114418033 17.401119221001867 3.2694992572069159 12.403126917779455 3.9916408956050864 11.595783263444902 4.4136051759123793 2.7410504147410375 3.0872902683913708 5.4156194962561122 3.1350278556346884 11.557067576795815 3.1412455923855296 3.6123468056321135 5.5610744804143888 8.2296223007142526 3.5338246524333954 3.2316560670733443 8.3829243183135969 4.2355336472392082
leaf_count=57 198 210 57 20 31 76 25 284 367 36 120 166 25 71 25 101 24 13 29 30 15 115 28 26 31 61 30 21 52 34
internal_value=0.000967457 0.00228026 0.00339022 0.00400665 0.0265923 0.00299302 0.00402395 0.0101798 0.00761615 -0.000237867 0.00101711 0.00231022 -0.0151681 0.00532806 0.01559 -0.00128961 0.00552344 0.0139884 0.043492 0.00293609 0.00975347 0.00580873 0.0167802 0.010566 0.0195986 -0.0141681 -0.00717124 -0.0280336 -0.0192965 0.0238792
internal_weight=299.09 288.558 277.755 273.924 11.7655 262.158 252.217 103.18 99.0326 149.036 144.779 140.388 20.6706 119.718 46.9354 72.7823 52.8036 36.9287 10.0639 26.8648 42.9437 39.8087 28.2516 25.1104 21.498 15.8749 9.0949 11.4613 19.9787 7.32282
internal_count=2378 2180 1970 1913 51 1862 1786 676 651 1110 1074 1017 191 826 341 485 332 226 76 150 316 301 186 158 132 106 61 82 153 63
is_linear=0
shrinkage=0.05


Tree=99
num_leaves=31
num_cat=0
split_feature=141 22 159 163 145 144 143 68 6 162 129 154 26 111 159 156 140 149 0 2 119 13 128 18 143 147 148 143 13 149
split_gain=20.826 9.68206 6.21004 5.94923 5.82493 5.56814 4.49543 4.30702 4.94148 4.63157 4.22184 4.07498 4.30154 4.33244 4.01784 3.73645 3.7727 3.51654 3.49707 3.53241 3.85585 3.56133 3.53044 3.65121 3.61135 3.44656 3.43045 3.29827 3.25751 3.12477
threshold=14.500000000000002 1.0000000180025095e-35 0.77500000000000013 0.52272727272727282 22.291666666666668 15.500000000000002 2.1014931715128884 1.0000000180025095e-35 1.0000000180025095e-35 9043.7500000000018 1.0000000180025095e-35 0.45000000000000007 1.0000000180025095e-35 2.5000000000000004 0.77500000000000013 0.29285714285714287 4.4142857142857155 85.500000000000014 107500.00000000001 3.5000000000000004 1.0000000180025095e-35 2.5000000000000004 1.0000000180025095e-35 4.5000000000000009 4.8547348055295885 26.500000000000004 13.438129472490855 1.0000000180025095e-35 1.5000000000000002 67.500000000000014
decision_type=2 2 2 2 2 2 8 2 2 10 2 2 2 2 2 2 2 2 10 2 2 2 2 2 8 2 10 10 2 2
left_child=1 3 18 7 -4 6 -6 9 11 15 26 12 14 -14 -9 -1 -17 29 19 28 22 -22 23 -21 -24 -18 -11 -27 -3 -8
right_child=-2 2 4 -5 5 -7 17 8 -10 10 -12 -13 13 -15 -16 16 25 -19 -20 20 21 -23 24 -25 -26 27 -28 -29 -30 -31
leaf_value=-0.041946440201063279 0.025081936993009077 -0.012025356929674142 -0.023952207052571374 -0.030811433052064081 -0.024672758785632808 0.024068081890302441 0.013867386475571633 -0.0057092196947276849 0.03032119081899632 0.024543873154777171 0.03995204644222667 -0.035157955002881727 -0.057543475582743968 -0.00012729065005721767 0.022663112073165514 -0.030528753973203579 -0.018311084476861635 0.035626531804096383 0.014348138798147293 0.0085433802033383528 0.015006101710674437 -0.026619925698951108 -0.035812878876547237 -0.037669445179572408 0.00014829483684518116 -0.0098155580739517183 -0.023379374574439202 0.031774694200379192 0.032836665568569706 -0.019654206600898613
leaf_weight=16.095855444669724 68.258852273225784 7.4337002635002163 11.251380555331705 34.909228891134262 12.279735714197157 60.651645049452782 18.56562347710133 29.254738211631775 11.626135468482969 5.5000106394290986 6.2725567519664756 9.5863110125064832 5.8900056034326536 7.4301646202802658 21.758499100804329 25.909665107727051 26.548442780971527 9.9781176596879941 18.903323903679848 16.495758533477787 18.535425201058391 7.1090972423553458 32.601556248962879 5.7689437717199317 8.8837802261114103 10.257291883230211 11.631115153431891 8.9059290438890439 8.8801088631153089 11.113472521305082
leaf_count=58 500 25 45 135 42 318 87 100 58 23 22 32 21 27 95 91 92 36 77 57 70 25 114 20 32 36 40 32 30 38
internal_value=-0.000759887 -0.00443454 0.00242108 -0.0117897 0.0103506 0.0137786 0.00176254 -0.00841331 1.98674e-05 -0.0149055 0.00485671 -0.00474594 -0.000214253 -0.025516 0.00639233 -0.0201783 -0.0152862 0.00994815 -0.0054593 -0.00900137 -0.0129059 0.00346666 -0.0194921 -0.00343069 -0.0281121 -0.00664663 -0.00799344 0.00951313 0.0123944 0.00131507
internal_weight=548.286 480.028 248.452 231.576 123.84 112.589 51.9369 196.667 85.5459 111.121 23.4037 73.9197 64.3334 13.3202 51.0132 87.7172 71.6213 39.6572 124.612 105.708 89.3946 25.6445 63.75 22.2647 41.4853 45.7117 17.1311 19.1632 16.3138 29.6791
internal_count=2378 1878 1016 862 566 521 203 727 333 394 85 275 243 48 195 309 251 161 450 373 318 95 223 77 146 160 63 68 55 125
is_linear=0
shrinkage=0.05


Tree=100
num_leaves=31
num_cat=0
split_feature=0 145 144 145 99 66 148 70 26 9 112 105 159 161 148 147 98 112 162 162 146 146 148 161 99 149 19 101 141 122
split_gain=5.94023 5.98564 6.71801 5.56309 4.33201 3.50424 5.22322 5.12737 2.64244 3.2876 2.56521 2.55559 2.62268 4.35161 3.84669 3.64784 2.95995 2.94469 2.20138 2.55641 2.07514 4.94206 3.35479 7.02887 8.23253 3.62649 3.49079 2.86662 2.78022 3.24238
threshold=100148.50000000001 23.450000000000003 32.500000000000007 15.083333333333334 7.5000000000000009 1.0000000180025095e-35 2.9142135623730954 1.0000000180025095e-35 1.0000000180025095e-35 1.0000000180025095e-35 2.4166666500000002 1.0000000180025095e-35 0.48076923076923078 0.80909090909090919 13.433994981142165 6.5000000000000009 0.91666665500000011 1.4500000000000002 16833.333333333339 8166.6666666666679 65.500000000000014 58.500000000000007 6.0104076400856554 1.7083333333333337 2.5000000000000004 134.50000000000003 10.500000000000002 4.549999950000001 6.5000000000000009 1.0000000180025095e-35
decision_type=10 2 2 2 2 2 8 2 2 2 2 2 2 2 10 2 2 2 8 8 2 2 10 2 2 2 2 2 2 2
left_child=1 4 5 -2 11 10 -7 8 9 -8 18 12 -1 -14 -15 16 -16 -18 19 20 21 28 26 25 -25 -24 -23 -22 29 -3
right_child=3 2 -4 -5 -6 6 7 -9 -10 -11 -12 -13 13 14 15 -17 17 -19 -20 -21 27 22 23 24 -26 -27 -28 -29 -30 -31
leaf_value=0.030469344825365487 0.04519175187488942 0.026551360171603752 -0.038701859285753856 -0.039277990765584136 -0.020165593460237684 0.082183792365538397 0.017815481353999268 0.048141800025212116 0.027116286352881675 -0.036976803703552691 0.031432872927614749 0.040947431144658999 -0.036726241114391094 -0.023556380764100587 0.058075514488532959 0.078861897108087331 0.028064690207981108 -0.042955487425982902 -0.025970782793511716 0.052693463556445969 0.002560777380614691 -0.041771162371062431 0.04183954733075624 0.01218113231425765 0.15693786854051001 -0.040862188873200658 0.049999261932259065 -0.032964294818202448 -0.027576530729922912 -0.040886180313873678
leaf_weight=15.519430384039877 2.2469930946826961 6.7227910868823546 12.18273060582578 14.707054045051335 7.1178892385214558 2.7194009721279171 4.2107236757874542 6.0696016624569884 4.4957959912717333 7.8255829978734255 4.6195094622671595 12.640870474278925 5.1193908900022533 4.3963442742824546 2.7015748471021634 2.997635304927825 3.1178598571568727 2.7441242374479771 12.630531908944247 1.9911733753979195 10.490431804209949 2.9374527335166922 3.0362709704786521 1.7526648677885535 2.2342752441763878 2.3526607789099216 1.6010211762040851 12.380055552348493 12.541924154385923 2.4254182726144791
leaf_count=70 7 50 371 387 93 21 28 42 33 78 31 65 38 39 17 17 24 23 187 20 104 32 19 24 20 29 21 204 256 28
internal_value=0.000151186 0.00294111 -0.00359021 -0.0280829 0.0162946 0.000561258 0.0167154 0.00883835 -0.00559153 -0.0178085 -0.00470201 0.0215654 0.0148706 0.00338489 0.0162531 0.0313913 0.0147745 -0.00518142 -0.00698563 -0.0030199 -0.00491704 0.00263205 0.02589 0.0429713 0.0933026 0.00573422 -0.00939764 -0.0166693 -0.0122881 0.00867199
internal_weight=188.529 171.575 115.22 16.954 56.3551 103.037 25.3211 22.6017 16.5321 12.0363 77.7162 49.2372 36.5964 21.0769 15.9575 11.5612 8.56356 5.86198 73.0967 60.4661 58.475 35.6045 13.9143 9.37587 3.98694 5.38893 4.53847 22.8705 21.6901 9.14821
internal_count=2378 1984 1598 394 386 1227 202 181 139 106 1025 293 228 158 120 81 64 47 994 807 787 479 145 92 44 48 53 308 334 78
is_linear=0
shrinkage=0.05


Tree=101
num_leaves=31
num_cat=0
split_feature=19 98 145 148 23 130 78 144 144 162 18 119 149 26 145 149 0 121 144 67 130 159 128 147 50 112 147 162 143 26
split_gain=7.59593 4.61669 4.52633 4.35539 6.28836 3.87681 2.81192 2.65174 2.58285 2.53162 2.50101 3.23137 5.32379 3.48629 3.30277 3.85259 2.49289 2.46989 3.70335 4.79913 2.7464 2.38876 2.31539 2.19057 4.95867 4.71992 3.1248 3.16839 2.99001 3.88658
threshold=11.500000000000002 0.45000000500000009 54.583333333333336 16.205706372139986 1.0000000180025095e-35 23.500000000000004 1.0000000180025095e-35 10.500000000000002 37.500000000000007 20423.166666666668 5.5000000000000009 1.0000000180025095e-35 60.500000000000007 1.0000000180025095e-35 22.81666666666667 79.500000000000014 15500.000000000002 3.5000000000000004 27.500000000000004 1.0000000180025095e-35 52.500000000000007 0.40833333333333338 1.0000000180025095e-35 6.5000000000000009 1.0000000180025095e-35 1.9166667000000002 4.5000000000000009 20423.166666666668 3.5237092451084924 1.0000000180025095e-35
decision_type=2 2 2 10 2 2 2 2 2 8 2 2 2 2 2 2 10 2 2 2 2 2 2 2 2 2 2 8 10 2
left_child=1 2 3 7 17 -2 8 9 10 22 11 23 -13 14 15 -14 -12 18 20 -20 -5 -10 -1 24 -3 26 27 -26 -25 -30
right_child=5 6 -4 4 -6 -7 -8 -9 21 -11 16 12 13 -15 -16 -17 -18 -19 19 -21 -22 -23 -24 28 25 -27 -28 -29 29 -31
leaf_value=-0.019904589944613995 0.055059193456208633 -0.036106291415700181 0.014002792180441656 0.023541848749222969 0.078371119662239683 -0.026326593185044225 -0.021128955257196283 -0.041127914875939947 0.015405259460250151 -0.043100954309873617 0.031253278346571114 0.044827174608917462 -0.02726130725269596 0.030090797242333902 -0.029623842839378346 0.041392152899928078 -0.0046322465305047994 -0.033644469457678482 -0.0089954286198922154 0.081678579173569799 -0.035489447438100639 -0.030749653103667687 0.035629722026087822 0.0088669235079288297 -0.011786228213133116 0.023834745250449148 -0.038934585835412545 0.039641006718061894 0.038709293103070391 -0.0090799386717580893
leaf_weight=3.9074188433587551 1.5347501263022412 7.6701966114342204 16.761274073272943 2.868391998112207 2.3082492463290682 31.407348677515984 9.2139966674149019 17.490000668913126 4.2444669902324668 3.846296478062869 20.22435270249844 4.4306466653943053 4.0142290145158785 4.0454742684960356 21.598860803991556 4.1623326912522316 6.3618994802236548 6.7116587087512007 3.0842847041785708 2.7697125114500523 6.2932164557278156 8.2566069029271585 3.6118154525756845 80.714441150426865 10.208371955901384 21.76737505197525 6.283985123038291 4.2384668178856382 19.990055751055483 5.4047985672950736
leaf_count=26 16 43 94 22 15 474 60 207 20 35 74 19 24 17 155 20 27 82 35 23 62 77 26 389 50 90 38 22 112 24
internal_value=0.000301165 0.00270855 -0.0086391 -0.0158144 -9.33586e-05 -0.0225349 0.00596346 -0.0289093 0.007032 -0.0101066 0.00828206 0.0063162 -0.00670931 -0.0134608 -0.0193779 0.00768719 0.0226661 -0.00842923 0.00284146 0.0339053 -0.0170074 -0.0150788 0.00677096 0.00950441 0.000895225 0.00757336 -0.00950109 0.00330168 0.0135748 0.0285383
internal_weight=345.425 312.483 69.6523 52.891 24.0355 32.9421 242.831 28.8555 233.617 11.3655 221.115 194.529 38.2515 33.8209 29.7754 8.17656 26.5863 21.7273 15.0156 5.854 9.16161 12.5011 7.51923 156.278 50.1684 42.4982 20.7308 14.4468 106.109 25.3949
internal_count=2378 1888 627 533 239 490 1261 294 1201 87 1104 1003 235 216 199 44 101 224 142 58 84 97 52 768 243 200 110 72 525 136
is_linear=0
shrinkage=0.05


Tree=102
num_leaves=31
num_cat=0
split_feature=100 160 143 0 15 147 149 145 2 159 156 144 149 112 19 148 143 149 149 148 98 162 149 146 144 146 22 146 143 73
split_gain=5.30501 3.46893 3.1672 2.38433 2.35282 3.02078 2.89997 2.08387 2.66331 2.38908 4.4509 6.10581 3.1904 3.14801 4.17292 4.35537 3.81026 4.05916 5.68221 5.11115 4.0488 3.2433 3.98873 3.18423 3.83819 2.6099 3.14422 3.34676 3.22775 2.43027
threshold=11.500000000000002 0.55000000000000016 6.357406995882406 264076.50000000006 5.5000000000000009 7.5000000000000009 200.50000000000003 77.250000000000014 7.5000000000000009 0.84523809523809534 0.29285714285714287 24.500000000000004 72.500000000000014 1.4500000000000002 9.5000000000000018 6.0104076400856554 4.5780249698132947 120.50000000000001 100.50000000000001 15.556349186104049 0.36666667500000005 36833.333333333336 71.500000000000014 77.500000000000014 9.5000000000000018 44.500000000000007 1.0000000180025095e-35 63.500000000000007 3.473099342216893 1.0000000180025095e-35
decision_type=2 2 10 10 2 2 2 2 2 2 2 2 2 2 2 8 10 2 2 10 2 10 2 2 2 2 2 2 8 2
left_child=1 2 3 4 6 -6 7 8 9 13 11 12 -11 14 15 -1 20 18 19 -18 -15 22 -17 24 -24 -26 27 -27 -28 -12
right_child=-2 -3 -4 -5 5 -7 -8 -9 -10 10 29 -13 -14 16 -16 21 17 -19 -20 -21 -22 -23 23 -25 25 26 28 -29 -30 -31
leaf_value=-0.020204333926340114 -0.034698588798177596 -0.040146644810853428 -0.025196767437621021 -0.040044373470346208 -0.0045933412031911713 0.045746981366369482 -0.02304455540055415 0.025123191181091992 -0.041392837456830416 0.016708040923800942 -0.024814892701700588 0.072325507181978776 -0.034005366775971414 0.032999659875632852 -0.024797737901562981 -0.015028286606476794 0.038464808552489703 -0.022552866517357835 0.085950708969710743 -0.020010745859808662 -0.0093218998324226462 0.071324399179594086 0.071572960941156449 -0.0088676102677334011 0.05207930766704541 -0.043683475406578472 0.055742100114319293 0.026125268631241434 0.0034748187694675914 -0.0030441824307042
leaf_weight=5.5784715451300135 10.067030992358921 4.7500879801809779 9.6606060825288278 3.04759357869625 4.9559847414493543 7.4746211245656013 9.9624307453632337 11.638381458818911 3.2652205415070048 13.088373556733137 16.823519479483366 4.1429821699857703 4.0643038041889659 6.3239966705441466 5.3612713515758506 6.0302419960498801 9.7511033527553135 4.7762116454541674 3.5631128624081603 6.0587683245539656 53.121773298829794 3.7212457805871955 5.7545460015535381 4.8517024256288996 7.1847028285264996 3.5865595042705545 6.5514515079557887 3.2935273423790932 5.3789381161332139 53.852235324680805
leaf_count=34 198 84 141 49 21 33 79 52 41 82 160 30 29 41 49 38 53 37 18 38 335 20 21 25 29 28 33 18 33 529
internal_value=0.000978715 0.00222749 0.00293907 0.00393397 0.00443008 0.0256767 0.00340531 0.00446885 0.00345082 0.00407963 -0.00218865 0.0178495 0.00469157 0.00817156 0.0171996 0.0215353 0.00198412 0.0187322 0.0289107 0.0160554 -0.00481962 0.0265585 0.022651 0.0288588 0.0346238 0.0264444 0.0166531 -0.0102657 0.0321769 -0.00822644
internal_weight=297.681 287.614 282.864 273.203 270.156 12.4306 257.725 247.763 236.124 232.859 91.9714 21.2957 17.1527 140.888 57.2927 51.9314 83.595 24.1492 19.373 15.8099 59.4458 46.3529 42.6317 36.6014 31.7497 25.9952 18.8105 6.88009 11.9304 70.6758
internal_count=2378 2180 2096 1955 1906 54 1852 1773 1721 1680 830 141 111 850 328 279 522 146 109 91 376 245 225 187 162 141 112 46 66 689
is_linear=0
shrinkage=0.05


Tree=103
num_leaves=31
num_cat=0
split_feature=141 160 147 66 144 159 0 163 0 147 0 54 143 101 144 141 12 156 101 143 145 145 95 71 162 147 141 148 130 99
split_gain=18.8194 8.90432 7.3572 6.59177 5.80921 4.97095 4.55559 4.37081 4.45655 4.16822 4.10826 3.91134 3.82494 3.68507 3.50688 3.37585 3.32444 3.06989 2.93006 5.49597 3.43215 3.05829 2.95485 3.13778 2.924 3.40215 2.83657 2.83181 4.46401 2.87879
threshold=14.500000000000002 0.22500000000000003 18.500000000000004 1.0000000180025095e-35 15.500000000000002 0.30952380952380959 125259.00000000001 0.29285714285714287 82264.500000000015 54.500000000000007 13500.000000000002 1.0000000180025095e-35 2.9860788111948202 3.4166666500000002 48.500000000000007 10.500000000000002 1.5000000000000002 0.29285714285714287 6.7083332499999999 1.5082875444051551 27.083333333333339 33.550000000000004 1.5000000000000002 1.0000000180025095e-35 12750.000000000002 26.500000000000004 6.5000000000000009 13.904430576440939 50.500000000000007 10.500000000000002
decision_type=2 2 2 2 2 2 10 2 10 2 8 2 10 2 2 2 2 2 2 10 2 2 2 2 8 2 2 10 2 2
left_child=1 2 5 4 10 -1 14 -3 16 15 11 13 -6 -4 17 -5 -9 -7 20 -20 -19 22 -21 -24 25 -14 -12 -25 29 -29
right_child=-2 7 3 9 12 6 -8 8 -10 -11 26 -13 24 -15 -16 -17 -18 18 19 21 -22 -23 23 27 -26 -27 -28 28 -30 -31
leaf_value=-0.036716450911428763 0.024245279110809651 0.033790098778858919 -0.041410966857378093 0.0079920378523615863 0.033444868010084658 -0.026763796249270597 0.011514338201352897 0.0062854727679563516 0.038160926467901937 -0.038059050273113064 0.028308002558612523 0.0038529554797660176 -0.027335136061997896 -0.0079614410151146488 0.026317251153283434 -0.032657638261838068 -0.033721132998370117 -0.029971755990762253 0.046291206022498969 -0.02729835218667866 -0.0062399065364066386 -0.031413304654384654 -0.013130263349311623 0.037310615158445651 0.044844631819392106 0.015038096206998398 -0.0052791015177067625 -0.021357529401980865 0.035811873587477477 0.021868727969116999
leaf_weight=19.55714213848114 65.96264773607254 19.924750350415707 12.046847507357596 16.464792832732204 24.680005915462971 37.528173983097076 21.380684614181519 15.940470024943357 7.2090613022446624 15.285047873854635 16.650827527046207 39.924930572509766 8.1432982087135368 26.014640510082245 5.5590864121913901 7.40442931652069 7.7015729993581763 33.368075355887413 4.9487669169902793 11.420518249273298 28.035120472311974 11.894347518682478 24.709649905562401 7.5339335948228827 3.8807048276066771 11.324959829449652 10.098831884562967 14.402935475111013 7.378034070134162 5.2577963918447486
leaf_count=74 500 126 41 57 140 135 91 64 36 53 60 134 36 92 22 27 28 119 19 42 95 46 83 28 23 57 48 52 29 21
internal_value=-0.000782594 -0.00425329 -0.00661816 0.00063089 0.00532215 -0.0125898 -0.0103788 0.015536 0.00374677 -0.0176726 -0.00128053 -0.00708016 0.0197205 -0.0185486 -0.0128164 -0.00461783 -0.00674698 -0.013983 -0.0107628 -0.00488971 -0.0191364 -0.00795619 -0.00401 0.000476413 0.00521378 -0.00268603 0.0156278 0.0102013 0.00264773 -0.00979769
internal_weight=541.632 475.669 424.894 191.919 152.765 232.974 213.417 50.7759 30.8511 39.1543 104.736 77.9864 48.029 38.0615 192.036 23.8692 23.642 186.477 148.949 87.546 61.4032 82.5972 70.7029 59.2823 23.349 19.4683 26.7497 34.5727 27.0388 19.6607
internal_count=2378 1878 1624 768 631 856 782 254 128 137 375 267 256 133 691 84 92 669 534 320 214 301 255 213 116 93 108 130 102 73
is_linear=0
shrinkage=0.05


Tree=104
num_leaves=31
num_cat=0
split_feature=0 145 144 145 99 66 148 70 26 9 76 143 143 2 148 159 112 71 162 162 146 146 148 130 101 142 95 141 140 145
split_gain=5.53247 5.40883 6.40683 5.30734 3.94613 3.13638 4.39826 4.58323 2.44149 3.10301 2.37588 3.21974 4.35591 2.90947 3.69312 2.3369 2.32763 2.14973 2.0732 2.30675 1.9645 4.58605 2.97294 3.8418 2.73555 2.64406 3.48935 2.59856 3.18934 6.27873
threshold=100148.50000000001 23.450000000000003 32.500000000000007 15.083333333333334 7.5000000000000009 1.0000000180025095e-35 2.9142135623730954 1.0000000180025095e-35 1.0000000180025095e-35 1.0000000180025095e-35 1.0000000180025095e-35 3.2054617129463341 3.7660759999143805 3.5000000000000004 15.538929086510205 0.48076923076923078 2.4166666500000002 1.0000000180025095e-35 16833.333333333339 8166.6666666666679 65.500000000000014 58.500000000000007 26.763134384077116 56.500000000000007 4.549999950000001 2.5000000000000004 2.5000000000000004 6.5000000000000009 10.366666666666669 38.81666666666667
decision_type=10 2 2 2 2 2 8 2 2 2 2 8 8 2 8 2 2 2 8 8 2 2 10 2 2 2 2 2 2 2
left_child=1 4 5 -2 10 16 -7 8 9 -8 11 17 -13 -14 -15 -12 18 -1 19 20 21 27 23 -23 25 26 -22 -3 -29 -30
right_child=3 2 -4 -5 -6 6 7 -9 -10 -11 15 12 13 14 -16 -17 -18 -19 -20 -21 24 22 -24 -25 -26 -27 -28 28 29 -31
leaf_value=0.027103200465368151 0.043364109283372948 0.0080470625856769399 -0.038654234895454498 -0.03919887324358115 -0.019726083725512402 0.073766393129837626 0.016658136427504522 0.044777771797233745 0.025475928402279246 -0.036631506857569877 0.024215477889495712 -0.028306633213725105 -0.0090442905948889592 0.015774552436388201 0.065409136171042395 -0.016869006268345737 0.029626390361436564 0.070134954162858601 -0.025453132502974526 0.049144156664949631 -0.041301524179973848 0.0787927396099459 0.076401108224959921 0.0017896483820436981 -0.03263990236486683 0.053974326581326448 0.022710574234995225 -0.039662009892394781 0.13009949875744081 -0.038628501919120928
leaf_weight=5.738313149660824 2.2608007192611721 9.2059651911258715 11.615162242203949 13.999444810673593 6.9857124723494044 2.891898728907111 4.2607340887188965 6.2402971871197215 4.5771291442215434 7.6122212279587984 6.657014884054659 4.3770060427486923 4.3880600072443512 8.7043255306780303 6.5813417732715616 7.2097643949091434 4.6880919784307471 5.87252327054739 12.273646367713807 2.0561999715864649 4.3337740078568476 1.9409827552735794 2.3268757853656998 9.7885015178471786 11.978546923026441 2.0040864348411551 4.1845398992300034 9.824945066124199 0.88728219084441606 1.4563452973961828
leaf_count=29 7 78 371 387 93 21 28 42 33 78 32 27 28 48 37 64 31 28 187 20 53 12 18 115 204 23 28 192 20 44
internal_value=0.000148444 0.00280364 -0.00345962 -0.0277194 0.0154542 0.000527345 0.0156939 0.00829259 -0.00554797 -0.017508 0.0204162 0.0272449 0.0168062 0.0268429 0.037145 0.00285439 -0.00451486 0.0488678 -0.00672982 -0.00289901 -0.0047462 0.00259129 0.0247738 0.014532 -0.0163001 0.00230091 -0.0098562 -0.0119964 -0.02716 0.0252508
internal_weight=186.922 170.661 114.147 16.2602 56.5141 102.532 25.5823 22.6904 16.4501 11.873 49.5283 35.6616 24.0507 19.6737 15.2857 13.8668 76.9498 11.6108 72.2617 59.988 57.9318 35.4309 14.0564 11.7295 22.5009 10.5224 8.51831 21.3745 12.1686 2.34363
internal_count=2378 1984 1598 394 386 1227 202 181 139 106 293 197 140 113 85 96 1025 57 994 807 787 479 145 127 308 104 81 334 256 64
is_linear=0
shrinkage=0.05


Tree=105
num_leaves=31
num_cat=0
split_feature=19 98 162 130 68 140 40 148 142 72 101 145 147 121 148 78 140 158 15 0 147 98 22 149 142 149 140 143 143 72
split_gain=6.91472 4.158 5.1042 3.59275 2.73817 4.66288 3.15167 2.65587 3.31207 3.07159 2.99162 5.89004 3.43426 3.12271 2.64626 2.62017 2.50237 2.46109 5.22693 3.42745 2.99364 2.87074 3.85444 5.37604 3.61559 3.29065 3.18923 4.16912 4.45102 3.87648
threshold=11.500000000000002 0.55000001000000009 32750.000000000004 23.500000000000004 1.0000000180025095e-35 6.4142857142857155 1.0000000180025095e-35 16.975471792205258 2.5000000000000004 1.0000000180025095e-35 8.224999900000002 42.125000000000007 53.500000000000007 2.5000000000000004 16.266017544920253 1.0000000180025095e-35 4.854166666666667 0.76388888888888895 1.5000000000000002 122500.00000000001 15.500000000000002 2.7500000000000004 1.0000000180025095e-35 96.500000000000014 3.5000000000000004 138.50000000000003 4.2250000000000005 3.7767559502767933 3.0377925499586382 1.0000000180025095e-35
decision_type=2 2 10 2 2 2 2 8 2 2 2 2 2 2 8 2 2 2 2 8 2 2 2 2 2 2 2 10 10 2
left_child=1 2 4 -2 7 6 16 8 -1 10 12 13 -9 -12 -8 17 -6 21 -19 20 -20 22 26 -24 -23 -26 27 28 -3 -28
right_child=3 15 -4 -5 5 -7 14 9 -10 -11 11 -13 -14 -15 -16 -17 -18 18 19 -21 -22 24 23 -25 25 -27 29 -29 -30 -31
leaf_value=0.010529158267654149 0.051371893733208975 -0.012879721058892971 -0.040402468961075112 -0.02572916061244734 -0.0069770453511582538 -0.029872742955681382 0.016234516567274454 -0.017388470731691977 -0.029008951149059815 0.047534848512104579 0.017662645629176844 -0.026901537955174883 0.025101870482397315 0.085993179433971639 -0.034782704717065648 -0.022057715916644096 0.040936004793861544 -0.0042032381271138852 0.0063287174089822242 0.069130040407329979 0.053591126291913815 0.027703087414848976 0.014406155382452724 -0.020533826512128869 0.019670596284661598 -0.043584826756821973 0.012018796344239392 -0.042160245092295733 0.033194631715830002 0.06036710687726609
leaf_weight=10.681979019194843 1.5903331227600599 13.278521940112119 9.4547077007591707 30.265028361231089 4.4901627898216248 19.152578223496675 4.0795462355017653 14.426906608045106 10.506385166198013 5.5180367007851592 2.9818868860602361 3.1331994906067848 7.0937408432364455 3.8063353858888149 6.7431609705090532 7.561599049717187 6.9324665814638138 13.184643737971781 9.291405852884056 5.696541614830493 5.2400474920868865 25.420203194022179 16.480710200965405 33.161091711372137 4.3246273845434171 3.9193469025194645 45.667430005967617 5.8614097833633414 8.6606948971748334 4.5598221197724333
leaf_count=55 16 52 127 474 21 267 28 82 92 28 20 28 26 31 58 46 35 68 41 24 29 95 86 216 23 31 204 28 31 16
internal_value=0.000307619 0.00257801 -0.00529439 -0.02188 -0.0019599 -0.0117879 0.00378252 0.00503703 -0.00907606 0.0131277 0.00708933 0.0298041 -0.0033826 0.0559774 -0.0155521 0.00681957 0.0221017 0.00794081 0.0202919 0.0362579 0.0233716 0.00538287 0.001958 -0.00893401 0.0183715 -0.0104023 0.00888756 -0.00469966 0.00530853 0.016408
internal_weight=343.165 311.309 109.001 31.8554 99.5464 41.3979 22.2453 58.1485 21.1884 36.9601 31.4421 9.92142 21.5206 6.78822 10.8227 202.308 11.4226 194.746 33.4126 20.228 14.5315 161.334 127.67 49.6418 33.6642 8.24397 78.0279 27.8006 21.9392 50.2273
internal_count=2378 1888 898 490 771 409 142 362 147 215 187 79 108 51 86 990 56 944 162 94 70 782 633 302 149 54 331 111 83 220
is_linear=0
shrinkage=0.05


Tree=106
num_leaves=31
num_cat=0
split_feature=100 160 143 0 15 147 149 147 40 146 66 19 153 149 149 127 2 161 112 12 148 58 159 149 157 142 67 147 159 125
split_gain=4.99133 3.25046 2.93542 2.23071 2.17228 2.72746 2.7212 1.92823 3.31266 2.45578 2.58212 4.48748 3.22135 2.61879 2.48721 2.13539 2.16858 1.91405 3.91708 3.08438 2.93746 3.09121 2.62563 2.07448 2.04978 4.02839 5.48959 2.96885 2.6672 3.26699
threshold=11.500000000000002 0.55000000000000016 6.357406995882406 264076.50000000006 5.5000000000000009 7.5000000000000009 200.50000000000003 1.0000000180025095e-35 1.0000000180025095e-35 73.500000000000014 1.0000000180025095e-35 2.5000000000000004 1.0000000180025095e-35 121.50000000000001 145.50000000000003 1.0000000180025095e-35 7.5000000000000009 0.90454545454545465 2.5833333500000006 1.5000000000000002 2.9142135623730954 1.0000000180025095e-35 0.48076923076923078 90.500000000000014 2.5000000000000004 4.5000000000000009 1.0000000180025095e-35 6.5000000000000009 0.86607142857142871 1.0000000180025095e-35
decision_type=2 2 10 10 2 2 2 2 2 2 2 2 2 2 2 2 2 2 2 2 8 2 2 2 2 2 2 2 2 2
left_child=1 2 3 4 6 -6 7 8 -1 15 11 14 13 -13 -11 16 17 18 19 23 -19 24 -20 -9 28 26 27 -26 -22 -30
right_child=-2 -3 -4 -5 5 -7 -8 9 -10 10 -12 12 -14 -15 -16 -17 -18 20 22 -21 21 -23 -24 -25 25 -27 -28 -29 29 -31
leaf_value=0.053983100116135566 -0.034414266005387689 -0.04000413758939711 -0.024650030187642794 -0.039906419361768961 -0.0043425824025727809 0.04340874791690949 -0.022583999758382153 -0.030473963543730422 -0.00049400468774153281 0.0060041867239504967 0.045893032404610457 0.012639109298698256 -0.0095234811546650189 0.056429169228076531 -0.046585740496913337 -0.01646097200266982 -0.041038499297712493 -0.023429113594094799 -0.016333509572265894 -0.042972373676618721 0.013098858407082265 -0.033967312928501345 0.038039776790434854 0.019431447192040152 0.0097596779739100043 0.056454870498507698 0.045386937413257347 -0.043272612370795202 -0.005691271534393692 0.033790158639225069
leaf_weight=5.1635126769542676 9.6288274712860566 4.4938185065984717 9.3759884014725667 2.8879469186067572 4.9330449253320676 7.5935795232653618 9.7817416228353959 3.5511265471577698 6.0721240900456905 4.6092006564140338 5.8839545994997016 6.3871115073561686 5.4057278148829928 7.335242971777916 4.3892214298248291 15.698067896068094 2.7863391302525988 8.2929887808859331 3.5972393788397294 9.1146425008773786 60.995792243629694 4.4343546815216532 5.8001913279294968 5.0345887690782547 6.3383117616176659 6.2087105698883525 6.6411285772919646 4.5217525996267796 53.262627579271793 5.8113358952105036
leaf_count=23 198 84 141 49 21 33 79 23 35 20 28 27 32 45 25 120 37 95 28 68 373 31 32 28 39 42 32 34 509 47
internal_value=0.00099452 0.00218497 0.00285749 0.00380384 0.00427199 0.024604 0.00328142 0.00430436 0.0245418 0.00334129 0.0157716 0.00947032 0.0231684 0.036047 -0.019648 0.00124934 0.00274092 0.0034053 -0.00886356 -0.0227151 0.00552955 0.00714987 0.0172262 -0.00120986 0.00841797 0.0218527 0.00957719 -0.0123211 0.00576506 -0.00180733
internal_weight=296.03 286.401 281.908 272.532 269.644 12.5266 257.117 247.335 11.2356 236.1 34.0105 28.1265 19.1281 13.7224 8.99842 202.089 186.391 183.605 27.0978 17.7004 156.507 148.214 9.39743 8.58572 143.78 23.7099 17.5012 10.8601 120.07 59.074
internal_count=2378 2180 2096 1955 1906 54 1852 1773 58 1715 177 149 104 72 45 1538 1418 1381 179 119 1202 1107 60 51 1076 147 105 73 929 556
is_linear=0
shrinkage=0.05


Tree=107
num_leaves=31
num_cat=0
split_feature=141 22 163 159 145 144 143 144 148 156 147 144 147 145 162 11 145 149 76 69 112 0 2 119 65 148 67 13 13 143
split_gain=17.054 8.26925 5.19098 5.18388 5.24385 4.88126 4.04663 4.01477 4.60876 3.37077 5.10354 3.70963 4.41539 4.57621 3.56037 4.2788 3.41553 3.32802 3.31476 3.20417 3.03404 2.92382 3.22247 3.21026 3.22195 4.01218 3.53582 3.09835 3.09087 2.94354
threshold=14.500000000000002 1.0000000180025095e-35 0.52272727272727282 0.77500000000000013 22.291666666666668 15.500000000000002 2.1014931715128884 20.500000000000004 18.156722788169947 0.84523809523809534 50.500000000000007 6.5000000000000009 22.500000000000004 45.366666666666674 16275.000000000002 1.0000000180025095e-35 21.81666666666667 85.500000000000014 1.0000000180025095e-35 1.0000000180025095e-35 1.2916667000000002 107500.00000000001 3.5000000000000004 1.0000000180025095e-35 1.0000000180025095e-35 16.601957668458748 1.0000000180025095e-35 1.5000000000000002 2.5000000000000004 3.6866875904165766
decision_type=2 2 2 2 2 2 8 2 10 2 2 2 2 2 10 2 2 2 2 2 2 10 2 2 2 10 2 2 2 8
left_child=1 2 7 21 -5 6 -6 9 -9 11 -11 -1 14 -14 15 -13 -16 -8 -17 -15 -10 22 27 24 26 -26 -24 -3 -25 -28
right_child=-2 3 -4 4 5 -7 17 8 20 10 -12 12 13 19 16 18 -18 -19 -20 -21 -22 -23 23 28 25 -27 29 -29 -30 -31
leaf_value=-0.036666425537901622 0.023454533271367345 -0.011539917902226129 -0.029059300423896529 -0.022978655589451096 -0.023272562539156393 0.02288562937382646 0.0011764114912906432 0.016681876585580731 -0.043093294490722071 0.028832972194740986 -0.016854216083193995 -0.039036097902556771 0.041758209487788182 0.0023893999113107005 -0.028042530302276478 0.013652028399978616 0.023686494899214511 0.034823524616456714 -0.032315393667801222 -0.039738460821942885 -0.0030279529719166552 0.013427057054092856 -0.052802409044362092 0.014055654387615593 -0.025537034455466512 0.0088809485331350895 -0.0033177663357759728 0.032376430091749668 -0.024905695654674334 -0.046384606967277732
leaf_weight=18.65069942176342 63.831339120864868 7.3802061975002315 33.698448687791824 11.168078087270258 12.292379453778265 58.315275385975838 29.298232801258564 30.282322116196156 5.9264220520854023 11.301236294209959 13.313502624630926 28.323642291128635 6.0180853083729735 21.620984509587291 5.4488628953695279 8.8884024322032911 7.700880840420723 9.8096590191125852 7.0187702029943457 5.7043509632349005 23.313353888690472 18.471053175628185 10.802824988961222 18.204113714396957 16.108412012457848 17.850551508367062 12.686237558722498 8.8111881464719755 7.0663644075393668 5.7730644643306723
leaf_count=68 500 25 135 45 42 318 125 128 24 47 46 101 29 76 18 32 29 36 24 19 86 77 37 70 59 65 42 30 25 20
internal_value=-0.000799358 -0.00408459 -0.0109488 0.00230634 0.0096618 0.0129843 0.00175093 -0.00779506 0.0030104 -0.0125952 0.0041219 -0.0163573 -0.0121823 0.00228781 -0.0205907 -0.0273817 0.00225152 0.00961631 -0.00663032 -0.00640508 -0.0111485 -0.00491352 -0.00814967 -0.0119021 -0.0179231 -0.0074452 -0.0300828 0.0123589 0.00316092 -0.0167867
internal_weight=535.079 471.248 227.21 244.038 120.884 109.716 51.4003 193.512 59.5221 133.989 24.6147 109.375 90.724 33.3434 57.3806 44.2308 13.1497 39.1079 15.9072 27.3253 29.2398 123.154 104.683 88.4916 63.2211 33.959 29.2621 16.1914 25.2705 18.4593
internal_count=2378 1878 862 1016 566 521 203 727 238 489 93 396 328 124 204 157 47 161 56 95 110 450 373 318 223 124 99 55 95 62
is_linear=0
shrinkage=0.05


Tree=108
num_leaves=31
num_cat=0
split_feature=0 145 145 144 99 66 148 70 127 159 161 76 103 147 144 146 112 127 144 147 141 146 159 146 77 147 149 161 122 112
split_gain=5.1903 5.05006 4.91638 6.10681 3.6436 2.8133 3.82069 4.07147 2.32108 2.90402 2.56596 3.68242 2.29738 2.20272 3.00678 4.09313 4.66732 3.0392 3.01907 3.31893 2.92663 3.25325 3.19739 2.79598 2.77478 2.47036 2.04599 1.91885 1.82331 2.90885
threshold=100148.50000000001 15.083333333333334 23.450000000000003 32.500000000000007 7.5000000000000009 1.0000000180025095e-35 2.9142135623730954 1.0000000180025095e-35 1.0000000180025095e-35 0.43650793650793651 0.80909090909090919 1.0000000180025095e-35 1.0000000180025095e-35 54.500000000000007 13.500000000000002 57.500000000000007 2.4166666500000002 1.0000000180025095e-35 11.500000000000002 51.500000000000007 8.5000000000000018 65.500000000000014 0.63333333333333341 42.500000000000007 1.0000000180025095e-35 13.500000000000002 101.50000000000001 1.1833333333333336 1.0000000180025095e-35 1.6333333000000003
decision_type=10 2 2 2 2 2 8 2 2 2 2 2 2 2 2 2 2 2 2 2 2 2 2 2 2 2 2 2 2 2
left_child=2 -2 4 5 8 13 -7 12 9 -1 -11 -12 27 14 17 -16 20 18 19 23 -17 22 -22 -4 -24 -20 -14 -8 -6 -30
right_child=1 -3 3 -5 28 6 7 -9 -10 10 11 -13 26 -15 15 16 -18 -19 25 -21 21 -23 24 -25 -26 -27 -28 -29 29 -31
leaf_value=0.039652267503280797 0.04145030542877684 -0.039131482224170212 0.019816147056078981 -0.038605132045318284 -0.041307937353338597 0.067510823107489681 0.011073141208181351 0.041531259397561145 -0.011461955684347352 -0.013327881290402674 0.032432342545274016 -0.020262981539017993 0.050161211596103074 -0.019380967270669808 -0.02713068575319081 -0.04061440015501773 0.077422494129804176 0.052827048803412817 0.072070078107475441 0.04784294498501853 0.082072110775578466 -0.017734606273692787 -0.0254826730075868 -0.037255422833544612 0.051387538570444202 0.0078684599387547228 -0.0079087304761719292 -0.035074869595136664 0.059983471276392357 -0.040234698416608504
leaf_weight=16.710306711494923 2.2752963602542868 13.365196544677017 3.0589322671294266 11.070402372628449 3.98908538930118 3.0305286683142212 3.3474859818816238 6.4063625410199156 5.4218561910092822 6.8355236165225532 16.705435300245885 4.1362233515828839 2.8059874586760989 18.44041183590889 16.225827472284436 3.7413960509002271 2.0999243184924117 4.2311592809855929 2.5567487478256217 2.1701135933399192 2.2330726571381074 5.8861277233809233 2.5802982356399298 7.1908156536519527 2.1539284810423851 3.6194245517253876 3.3015916906297207 6.8865775633603334 1.4755779262632134 1.4216275103390215
leaf_count=73 7 387 37 371 51 21 23 42 30 46 104 40 16 271 335 48 9 25 11 19 13 86 40 62 32 37 26 74 22 20
internal_value=0.000152483 -0.0274089 0.0026922 -0.00333443 0.0147078 0.000494873 0.0147727 0.00774688 0.0194208 0.0231931 0.0132557 0.0219745 -0.00549751 -0.00433609 0.00046814 -0.00875627 0.00719153 0.0145795 0.00587697 -0.00832988 -0.00169556 0.009633 0.0327537 -0.020223 0.00949092 0.034446 0.0187702 -0.0199802 -0.0193819 0.0108075
internal_weight=185.373 15.6405 169.733 113.037 56.6956 101.967 25.7785 22.748 49.8093 44.3875 27.6772 20.8417 16.3416 76.1882 57.7478 34.9206 18.6947 22.8272 18.596 12.4199 16.5948 12.8534 6.9673 10.2497 4.73423 6.17617 6.10758 10.2341 6.88629 2.89721
internal_count=2378 394 1984 1598 386 1227 202 181 293 263 190 144 139 1025 754 563 228 191 166 118 219 171 85 99 72 48 42 97 93 42
is_linear=0
shrinkage=0.05


Tree=109
num_leaves=31
num_cat=0
split_feature=19 98 162 130 68 140 59 143 162 161 78 130 148 142 72 101 145 147 121 143 10 0 143 54 23 127 22 149 149 147
split_gain=6.31715 3.75756 4.89051 3.26395 2.53496 4.40042 2.95795 3.35227 3.35372 2.94447 2.43974 2.4303 2.42078 3.11474 2.74468 2.78831 5.27793 3.13937 2.62415 2.29482 2.29018 3.58697 5.39275 4.59628 3.14799 3.23218 2.65014 4.40438 2.95499 2.91338
threshold=11.500000000000002 0.55000001000000009 32750.000000000004 23.500000000000004 1.0000000180025095e-35 6.4142857142857155 1.0000000180025095e-35 4.2524389856503806 16833.333333333339 1.9000000000000001 1.0000000180025095e-35 50.500000000000007 16.975471792205258 2.5000000000000004 1.0000000180025095e-35 8.224999900000002 42.125000000000007 53.500000000000007 2.5000000000000004 3.227460301434125 1.5000000000000002 100148.50000000001 4.9091645180329477 1.0000000180025095e-35 1.0000000180025095e-35 1.0000000180025095e-35 1.0000000180025095e-35 95.500000000000014 77.500000000000014 3.5000000000000004
decision_type=2 2 10 2 2 2 2 8 8 2 2 2 8 2 2 2 2 2 2 8 2 8 10 2 2 2 2 2 2 2
left_child=1 2 4 -2 12 6 7 8 9 -6 20 -12 13 -1 15 17 18 19 -17 -14 21 24 23 -23 25 -3 -22 28 -28 -29
right_child=3 10 -4 -5 5 -7 -8 -9 -10 -11 11 -13 14 -15 -16 16 -18 -19 -20 -21 26 22 -24 -25 -26 -27 27 29 -30 -31
leaf_value=0.01009138325509934 0.04684466675225904 0.0013783480078342774 -0.040278272163462359 -0.025129149896063598 -0.028414756619609141 -0.02942036020801311 0.040279478971361721 -0.036153394456065198 0.053514627720903589 0.03218979767192634 0.013301938464740731 -0.044926788168529047 0.0014991386513954364 -0.028486006595343866 0.044644122474641425 0.017045812275565699 -0.02636106221217227 0.023587220211983714 0.078881751029426544 -0.0387462915444379 0.008413320429930763 0.037622515165933845 0.079885084357012623 -0.018118525064600453 0.042626572008443449 0.040760666416902028 -0.016527928003915456 0.0067795719021588917 0.035578682646270961 -0.031204663927076898
leaf_weight=10.721584081649782 1.664979957044127 60.004646219313145 9.0362108759582025 29.210635524243116 5.4989274144172704 18.507460739463568 4.404413014650344 5.9380293637514105 3.2099866122007379 3.1535364091396332 2.991937391459941 4.4678803570568562 7.7106433063745543 10.219798523932694 5.6408102959394446 3.0013673156499845 3.0549016818404198 7.1602929905056945 4.0053980052471161 6.5517589114606389 65.633919861167669 10.576472215354448 4.5172961354255667 5.6867138147354117 6.0018678009510031 5.7053037509322158 4.2589056566357595 7.0636910870671299 7.5343504324555397 17.691543497145176
leaf_count=55 16 304 127 474 39 267 24 45 16 18 16 30 40 92 28 20 28 26 31 42 270 47 21 28 26 27 22 34 36 129
internal_value=0.0003197 0.00246816 -0.00506987 -0.0212479 -0.00184903 -0.0114149 0.00359244 -0.00548511 0.00986662 -0.0063264 0.00648881 -0.0215728 0.00485789 -0.00873513 0.0125254 0.0067709 0.0284827 -0.00342654 0.0523942 -0.0169885 0.00756412 0.0132643 0.0315557 0.0181317 0.0079638 0.00479774 0.00240453 -0.00838608 0.0167614 -0.0203662
internal_weight=340.825 309.95 107.815 30.8756 98.7789 40.7124 22.2049 17.8005 11.8625 8.65246 202.135 7.45982 58.0666 20.9414 37.1252 31.4844 10.0617 21.4227 7.00677 14.2624 194.675 92.4923 20.7805 16.2632 71.7118 65.7099 102.182 36.5485 11.7933 24.7552
internal_count=2378 1888 898 490 771 409 142 118 73 57 990 46 362 147 215 187 79 108 51 82 944 453 96 75 357 331 491 221 58 163
is_linear=0
shrinkage=0.05


Tree=110
num_leaves=31
num_cat=0
split_feature=101 150 99 68 2 15 146 145 141 140 104 156 140 30 147 12 79 15 148 143 149 128 30 162 72 70 148 140 156 144
split_gain=4.71117 5.53603 2.99414 9.76995 3.37131 3.24324 2.77358 2.40101 2.29873 2.21044 8.44159 3.85768 3.60099 4.26938 4.45841 2.75957 2.26348 2.66363 2.93286 2.31935 3.04194 3.22482 3.92671 3.53164 3.03911 4.22636 2.72218 2.70994 2.45491 3.78976
threshold=14.100000000000001 0.15476190476190474 13.500000000000002 1.0000000180025095e-35 7.5000000000000009 5.5000000000000009 24.500000000000004 26.450000000000003 13.500000000000002 9.1000000000000014 1.0000000180025095e-35 0.29285714285714287 7.0833333333333348 1.0000000180025095e-35 15.500000000000002 2.5000000000000004 1.0000000180025095e-35 2.5000000000000004 20.631280906670998 4.7240516037498246 92.500000000000014 1.0000000180025095e-35 1.0000000180025095e-35 40375.000000000007 1.0000000180025095e-35 1.0000000180025095e-35 13.343534473433513 5.366666666666668 0.61250000000000016 25.500000000000004
decision_type=2 2 2 2 2 2 2 2 2 2 2 2 2 2 2 2 2 2 10 8 2 2 2 8 2 2 10 2 2 2
left_child=2 -2 4 -4 5 6 -1 -5 9 12 11 -11 15 14 -14 16 19 18 -18 24 21 26 -23 -24 28 -26 -21 -22 -8 -30
right_child=1 -3 3 7 -6 -7 8 -9 -10 10 -12 -13 13 -15 -16 -17 17 -19 -20 20 27 22 23 -25 25 -27 -28 -29 29 -31
leaf_value=-0.04113851808119616 -0.03423393391771113 0.043709885551900161 0.14226172198235906 0.041782855923655771 -0.03632363365177238 0.031202776525804107 0.011754763041405512 -0.039135157835025781 -0.016725177650331314 0.046970531011500387 0.10455503297361263 -0.018504133447240764 0.050648348713221686 -0.024864499778624472 -0.019638908852089076 -0.02015839773086868 -0.012814219539724196 -0.042778117665533341 0.030419059482276217 0.040716192369351707 0.070706409426145075 -0.036856271710552856 -0.0032860178195582646 0.051490437283656279 -0.044066979949591564 0.02320748460899176 -0.0078624244843692216 0.021955037332708743 -0.014642036577051487 0.038519418237412797
leaf_weight=3.7284945659339419 16.121686298400167 2.6530005000531665 1.619612120091914 1.5962544046342375 5.6391975060105315 9.647640183567999 74.059516582638025 2.1534978374838829 14.927162680774925 3.3683851882815343 2.5788114964961997 6.7736380137503147 4.5514076650142687 22.635609045624733 4.4738252349197865 10.370248097926376 13.155580025166278 4.4953041598200789 5.589483104646205 11.002187095582483 4.3381800949573508 5.9394410476088515 11.215129405260086 3.9892739430069932 6.8779551498591882 3.5341527685523033 3.9081984385848036 8.3125158511102182 21.324981555342678 3.977738380432128
leaf_count=48 309 18 17 19 56 39 407 47 256 35 19 93 28 226 44 73 98 33 27 54 19 37 60 22 46 19 23 44 140 22
internal_value=0.00101529 -0.0232199 0.00266516 0.0396374 0.00193104 0.00274579 0.00166969 -0.00468869 0.00230458 0.00350582 0.0237801 0.00324142 0.00235318 -0.0132707 0.0158068 0.00492836 0.00635999 -0.0082121 7.72645e-05 0.00849693 0.0175779 0.0101761 -0.00238128 0.011086 0.00446789 -0.0212322 0.0279831 0.0386729 0.00716098 -0.00628474
internal_weight=294.558 18.7747 275.783 5.36936 270.414 264.775 255.127 3.74975 251.399 236.472 12.7208 10.142 223.751 31.6608 9.02523 192.09 181.72 23.2404 18.7451 158.479 48.7049 36.0542 21.1438 15.2044 109.774 10.4121 14.9104 12.6507 99.3622 25.3027
internal_count=2378 327 2051 83 1968 1912 1873 66 1825 1569 147 128 1422 298 72 1124 1051 158 125 893 259 196 119 82 634 65 77 63 569 162
is_linear=0
shrinkage=0.05


Tree=111
num_leaves=31
num_cat=0
split_feature=141 160 147 66 144 159 144 163 0 159 143 147 0 54 101 156 0 101 143 128 30 145 141 147 98 55 141 130 112 143
split_gain=15.4445 7.77439 6.33378 5.53305 4.98212 4.54157 4.01794 3.95469 4.08066 3.75812 3.67742 3.63019 3.5094 3.65639 3.34932 3.07349 3.36808 3.15295 4.02862 3.23112 3.2994 3.61795 3.02141 2.97796 2.87346 2.83097 2.78098 2.67141 3.19971 6.01397
threshold=14.500000000000002 0.22500000000000003 18.500000000000004 1.0000000180025095e-35 15.500000000000002 0.30952380952380959 44.500000000000007 0.29285714285714287 82264.500000000015 0.40833333333333338 3.6531131162742727 54.500000000000007 13500.000000000002 1.0000000180025095e-35 3.4166666500000002 0.29285714285714287 66500.000000000015 6.7083332499999999 1.7199379676144055 1.0000000180025095e-35 1.0000000180025095e-35 28.81666666666667 10.500000000000002 8.5000000000000018 1.4166667000000002 1.0000000180025095e-35 6.5000000000000009 55.500000000000007 1.2916667000000002 4.6618968466139084
decision_type=2 2 2 2 2 2 2 2 10 2 10 2 8 2 2 2 10 2 10 2 2 2 2 2 2 2 2 2 2 8
left_child=1 2 5 4 12 -1 15 -3 23 -6 -11 22 13 14 -4 -7 17 -17 -19 24 -21 -22 -5 -9 -20 -12 -14 -2 -29 -30
right_child=27 7 3 11 9 6 -8 8 -10 10 25 -13 26 -15 -16 16 -18 18 19 20 21 -23 -24 -25 -26 -27 -28 28 29 -31
leaf_value=-0.035202932864049644 0.031308314911987496 0.032828210870079963 -0.039673286833379812 0.0079847763242619357 -0.027509943553938682 -0.023506107558795005 0.021027712667885223 0.0087172434102716061 0.037462956915228017 0.031899714640251618 0.017313119473697326 -0.035536222207470297 0.027395193753799615 0.0041191631798641057 -0.0075447423366427641 -0.020628982604198834 0.0058535415183915748 0.034837662753256803 0.018158042199741067 -0.035354898830772828 0.010570799090558637 -0.028697977409570509 -0.03048142339944368 -0.027455663444679895 -0.019193289523059241 -0.035025029307968011 -0.0061494430425172364 0.023618220350122138 -0.049453796780280605 0.031942677457136491
leaf_weight=18.917043894529343 36.533661358058453 18.8766163662076 11.817491456866263 16.287440404295925 4.0295894593000403 40.387546494603157 10.173099979758261 13.736279316246515 6.9062201604247084 31.021238721907139 7.1869223117828351 14.940070942044256 16.313888192176822 39.740453451871872 25.868083983659744 56.381032034754753 34.156648986041546 5.8951293230056754 16.108338832855228 15.257125630974768 14.18904195725918 9.9989349693059904 7.435410574078559 9.7129577398300153 7.5683956146240225 4.0338374078273773 9.945231653749941 16.078901380300525 5.1177152618765804 4.0771935507655153
leaf_count=74 309 126 41 57 14 148 43 53 36 184 37 53 60 134 92 199 137 23 59 55 51 39 27 39 28 21 48 132 31 28
internal_value=-0.000825224 -0.00393459 -0.0061498 0.000635187 0.00498352 -0.0117376 -0.00962496 0.0148578 0.00368284 0.0186261 0.0230271 -0.0162301 -0.00110474 -0.00646177 -0.0176197 -0.0111846 -0.00806566 -0.0118571 -0.00469113 -0.00838284 -0.0171472 -0.0056623 -0.00407162 -0.00626601 0.00621849 -0.00150233 0.0146907 0.0226624 0.0101647 -0.0133611
internal_weight=528.692 466.884 417.652 188.62 149.957 229.032 210.115 49.2321 30.3555 46.2716 42.242 38.6629 103.685 77.426 37.6856 199.942 159.555 125.398 69.017 63.1218 39.4451 24.188 23.7229 23.4492 23.6767 11.2208 26.2591 61.8075 25.2738 9.19491
internal_count=2378 1878 1624 768 631 856 782 254 128 256 242 137 375 267 133 739 591 454 255 232 145 90 84 92 87 58 108 500 191 59
is_linear=0
shrinkage=0.05


Tree=112
num_leaves=31
num_cat=0
split_feature=0 145 145 144 19 76 98 66 148 70 98 162 26 9 162 147 144 130 156 148 148 127 140 15 144 77 149 159 143 143
split_gain=4.85157 4.78988 4.47666 5.82967 3.48808 3.04355 2.91285 2.52797 3.25343 3.65225 2.47555 2.39339 2.19929 2.95763 2.10164 2.07951 2.46664 2.54566 3.03082 2.56196 4.73584 2.16261 2.15683 3.54792 2.10961 2.23747 2.72329 2.03249 1.86708 3.57407
threshold=100148.50000000001 15.083333333333334 23.450000000000003 32.500000000000007 8.5000000000000018 1.0000000180025095e-35 0.7750000050000001 1.0000000180025095e-35 2.9142135623730954 1.0000000180025095e-35 1.5833333000000003 17555.083333333339 1.0000000180025095e-35 1.0000000180025095e-35 16833.333333333339 54.500000000000007 13.500000000000002 58.500000000000007 0.29285714285714287 11.319230075945443 6.7175144212722024 1.0000000180025095e-35 9.9000000000000021 2.5000000000000004 11.500000000000002 1.0000000180025095e-35 59.500000000000007 0.48076923076923078 3.2054617129463341 4.025809492529155
decision_type=10 2 2 2 2 2 2 2 8 2 2 10 2 2 8 2 2 2 2 8 10 2 2 2 2 2 2 2 10 10
left_child=2 -2 4 7 5 6 -1 14 -9 12 11 -6 13 -10 15 16 21 19 -19 20 -18 24 -21 -24 25 26 -4 -7 -8 -30
right_child=1 -3 3 -5 10 27 28 8 9 -11 -12 -13 -14 -15 -16 -17 17 18 -20 22 -22 -23 23 -25 -26 -27 -28 -29 29 -31
leaf_value=0.066940736202375131 0.039570212981381844 -0.039063902271300556 0.018339257896052803 -0.038564256911790031 -0.04119097432718459 0.02154789772441636 0.039551428695545697 0.061247430752052995 0.016117668266958745 0.038783681888766172 0.017732504857192001 0.018303412658649557 0.023649977154043395 -0.03627805532977306 -0.022654817893322604 -0.016023910279144713 -0.038606357870152395 0.048038573405943572 -0.0037585965499287292 -0.035325590254734036 0.11919005955866212 0.054110524537154293 -0.038624027129641282 0.081080943616693768 0.037776249940162834 0.040437388407156452 -0.043896951711330297 -0.016565299292921731 -0.022550764182694638 0.030621284638169322
leaf_weight=4.5990127995610264 2.2841209173202506 12.729069711640475 3.1215636208653468 10.578722953796385 6.104637982323764 6.8329888209700567 10.332983888685705 3.1826227679848698 4.2518560774624401 6.5548819787800303 5.7903080433607093 2.3378186598420143 4.6424843072891226 7.3478830102831125 12.799779957160352 15.911001818254588 1.0033952668309218 4.0287666823714963 9.4452233612537366 10.937196476384996 0.90377503819763649 3.6083233729004851 1.3514219149947178 1.1421384811401365 4.7865613065659991 2.2533713988959789 4.0230399407446384 7.166939664632082 4.9499943256378165 8.7413106784224492
leaf_count=26 7 387 35 371 87 32 47 21 28 42 31 26 33 78 197 237 30 34 131 198 10 18 40 13 34 15 33 65 30 42
internal_value=0.00013695 -0.0271004 0.00256047 -0.0032455 0.0139847 0.0211411 0.0304853 0.000443001 0.0138919 0.00728076 -0.00744685 -0.0247163 -0.00543289 -0.0170725 -0.00419613 -0.000416808 0.0049115 -0.004128 0.0117289 -0.0180579 0.0361706 0.0195491 -0.0257584 0.0162051 0.0107573 -0.00300401 -0.0167052 0.00203673 0.0235066 0.0113973
internal_weight=183.743 15.0132 168.73 111.874 56.856 42.6232 28.6233 101.295 25.9797 22.7971 14.2328 8.44246 16.2422 11.5997 75.3156 62.5158 46.6048 28.8119 13.474 15.3379 1.90717 17.7929 13.4308 2.49356 14.1845 9.39797 7.1446 13.9999 24.0243 13.6913
internal_count=2378 394 1984 1598 386 242 145 1227 202 181 144 113 139 106 1025 828 591 456 165 291 40 135 251 53 117 83 68 97 119 72
is_linear=0
shrinkage=0.05


Tree=113
num_leaves=31
num_cat=0
split_feature=19 162 162 154 130 150 151 146 100 10 13 118 35 148 101 76 0 98 158 147 140 101 145 142 55 146 23 100 159 143
split_gain=5.71276 3.51696 3.7791 3.25452 3.04463 2.93741 2.70389 2.71723 3.79891 3.07594 2.67362 2.55774 2.28375 5.44218 2.34618 2.45526 4.50982 6.01315 2.98315 2.74021 2.51386 3.38765 2.49157 3.35514 2.3953 2.3366 2.18422 4.16195 3.42664 2.03638
threshold=11.500000000000002 32416.666666666668 26333.333333333339 0.36666666666666675 23.500000000000004 0.18333333333333332 2.5000000000000004 41.500000000000007 1.0000000180025095e-35 2.5000000000000004 2.5000000000000004 1.0000000180025095e-35 1.0000000180025095e-35 17.811513075254023 14.708333500000004 1.0000000180025095e-35 27500.000000000004 0.26785715000000004 0.64583333333333337 56.500000000000007 3.183333333333334 8.2916665000000016 71.750000000000014 3.5000000000000004 1.0000000180025095e-35 81.500000000000014 1.0000000180025095e-35 2.5000000000000004 0.63333333333333341 4.0228508600522819
decision_type=2 10 10 2 2 2 2 2 2 2 2 2 2 8 2 2 10 2 2 2 2 2 2 2 2 2 2 2 2 8
left_child=1 2 5 -3 -2 11 7 10 9 -9 -7 12 14 -14 15 19 17 -17 20 26 -19 24 -21 25 -22 -24 -1 28 -28 -18
right_child=4 3 -4 -5 -6 6 -8 8 -10 -11 -12 -13 13 -15 -16 16 29 18 -20 22 21 -23 23 -25 -26 -27 27 -29 -30 -31
leaf_value=-0.010227283911933924 0.044212840581961281 -0.022961811082549594 0.037640308833469228 0.040333841051536597 -0.024493881191196561 -0.0098437868677288178 -0.003528264254446971 -0.014380055227332154 0.056615606553095055 0.041474316253652999 0.034560048537253245 -0.032358660136996439 -0.011088889947656409 0.044615663923712065 0.034166522860094022 -0.026854908360660509 -0.039345418885848818 -0.015996593590028224 0.060905639309467109 0.017870586027991641 0.022547603075575767 -0.0029705204780598759 -0.015193792593280256 -0.035872927718920991 0.070400880076070024 0.029851214940353955 0.024362125357149374 0.047587424180552201 -0.037623956426604988 0.0065091950157674496
leaf_weight=103.36680364236236 1.7104237526655222 20.337923511862758 8.0416841693222505 2.2561423629522315 28.137968219816685 9.7085528783500177 15.379950031638144 5.1533513329923171 9.5042868517339212 4.7249216660857201 5.2087632566690436 5.7806790284812442 8.2251953743398207 9.3903469368815404 4.8614370748400679 5.7943263426423099 5.6217575110495064 3.8490850031375947 5.851824387907981 23.663723949342966 5.4137135967612249 5.4413346946239463 5.3110029697418231 6.4005985632538787 5.0584392249584198 6.2868077531456947 4.0881287083029729 4.9654576443135729 4.904192965477705 4.2528590634465226
leaf_count=738 16 217 43 14 474 42 60 25 35 19 18 79 41 42 28 48 32 15 23 115 24 32 21 44 18 24 17 21 33 20
internal_value=0.000331388 0.00235014 0.00384916 -0.0166414 -0.0205567 0.00287242 0.0138916 0.0217025 0.0340486 0.0123359 0.00566095 0.000476962 0.0013291 0.0186056 -0.000154507 -0.00098763 0.00987673 0.0191428 0.0295482 -0.00380873 0.020263 0.0290333 0.00720681 -0.00681358 0.0456625 0.00922369 -0.00772036 0.0108451 -0.00944357 -0.0195965
internal_weight=338.692 308.843 286.249 22.5941 29.8484 278.208 49.6798 34.2999 19.3826 9.87827 14.9173 228.528 222.747 17.6155 205.131 200.27 41.2833 31.4087 25.6144 158.987 19.7626 15.9135 41.6621 17.9984 10.4722 11.5978 117.325 13.9578 8.99232 9.87462
internal_count=2378 1888 1657 231 490 1614 199 139 79 44 60 1415 1336 83 1253 1225 212 160 112 1013 89 74 204 89 42 45 809 71 50 52
is_linear=0
shrinkage=0.05


Tree=114
num_leaves=31
num_cat=0
split_feature=100 160 143 2 9 141 124 143 148 148 148 101 146 111 104 145 162 58 148 143 9 112 68 148 143 148 162 79 161 148
split_gain=4.47347 2.97982 2.60227 1.97498 2.87284 3.13653 1.95533 5.09128 2.47808 3.31389 4.8997 4.59943 3.19711 2.39158 2.50492 2.06046 2.31925 1.89791 2.07739 2.76911 3.54628 2.82784 2.22332 2.22186 2.37024 2.84607 5.5252 3.05351 3.52197 2.72957
threshold=11.500000000000002 0.55000000000000016 6.357406995882406 7.5000000000000009 3.5000000000000004 15.500000000000002 1.0000000180025095e-35 4.6169972286013694 29.854507653326095 23.987493482792811 25.356608570649822 5.7083332500000008 61.500000000000007 2.5000000000000004 1.0000000180025095e-35 77.250000000000014 89000.000000000015 1.0000000180025095e-35 1.4708693970125208 0.76180168105713697 1.5000000000000002 1.4500000000000002 1.0000000180025095e-35 9.2149962312295646 1.7743205100136865 12.017348070399022 12750.000000000002 1.0000000180025095e-35 0.86607142857142871 16.260893582483433
decision_type=2 2 10 2 2 2 2 8 10 10 10 2 2 2 2 2 10 2 8 8 2 2 2 8 8 8 8 2 2 8
left_child=1 2 3 4 5 6 8 13 9 15 12 -12 -11 14 -8 16 17 18 -1 20 21 22 -20 -21 29 26 -26 28 -27 -25
right_child=-2 -3 -4 -5 -6 -7 7 -9 -10 10 11 -13 -14 -15 -16 -17 -18 -19 19 23 -22 -23 -24 24 25 27 -28 -29 -30 -31
leaf_value=-0.026367129995014733 -0.033898807635718398 -0.039898261717571534 -0.023801539520032552 -0.023474963036342458 0.035923023755248265 -0.038988590720359061 -0.03487183914498574 0.060947584291774153 -0.025696975039417636 0.084441172473816981 -0.04335929105518211 0.021009933187981094 0.02340841202931556 0.029722038854802287 0.018355541014725949 0.023441400559639919 -0.040399315482446886 -0.022069627923157361 0.06607345641892709 -0.024884736118665495 -0.027282695294242348 -0.0053498328252334837 0.020533446781025599 -0.042773386517703293 0.079503124995757721 -0.012321955121374562 -0.0030611908302186925 -0.017510918896199396 0.010057718443305483 0.0029608390412915564
leaf_weight=6.064105123281478 8.8901275228708965 4.1577264908701173 8.937793040648101 6.5631865300238124 6.9883589148521414 4.2848201040178528 5.1451873145997542 5.3415216207504264 7.3536228165030471 3.9828110635280627 3.7906308919191352 10.359279334545134 4.6518777832388878 5.5445491448044768 3.8751056492328644 10.4057843349874 3.3887571655213824 8.2843044437468034 5.9027958214283007 7.7021589018404475 2.9916243925690642 3.6796081252396098 4.9090440943837166 5.9258563593029949 3.6057962253689739 21.822315122932196 4.6257838644087323 16.205282852053642 90.43002263456583 7.2589446529746064
leaf_count=59 198 84 141 68 32 97 38 31 47 20 26 59 23 38 27 44 51 57 32 72 22 27 35 52 16 138 31 126 627 60
internal_value=0.00102724 0.00211985 0.00274373 0.00361894 0.00429119 0.00343283 0.00415058 0.0191926 0.00286734 0.00379682 0.0218786 0.00376601 0.0515602 0.0038794 -0.0120054 0.00176935 0.000599651 0.00133318 0.00240359 0.00340021 0.0222794 0.0325111 0.0453963 0.00130556 0.00265151 0.00460438 0.0331056 0.00277801 0.00570702 -0.0175942
internal_weight=293.069 284.179 280.021 271.083 264.52 257.532 253.247 19.9064 233.34 225.987 22.7846 14.1499 8.63469 14.5648 9.02029 203.202 192.796 189.408 181.123 175.059 17.4831 14.4914 10.8118 157.576 149.874 136.689 8.23158 128.458 112.252 13.1848
internal_count=2378 2180 2096 1955 1887 1855 1758 134 1624 1577 128 85 43 103 65 1449 1405 1354 1297 1238 116 94 67 1122 1050 938 47 891 765 112
is_linear=0
shrinkage=0.05


Tree=115
num_leaves=31
num_cat=0
split_feature=141 160 147 145 148 141 159 66 54 144 144 163 0 156 143 144 154 156 0 143 148 104 128 23 30 94 101 101 95 130
split_gain=13.9163 7.15919 5.80839 5.07816 5.5106 4.61759 4.21946 3.90035 5.0892 4.37538 3.7166 3.71615 3.82904 3.7124 3.12739 2.9692 2.86888 2.75858 3.04574 3.02223 5.5971 3.20152 3.16129 4.20766 3.40005 3.14061 3.31387 2.66892 2.63959 2.60679
threshold=14.500000000000002 0.22500000000000003 18.500000000000004 45.125000000000007 16.205706372139986 12.500000000000002 0.30952380952380959 1.0000000180025095e-35 1.0000000180025095e-35 19.500000000000004 44.500000000000007 0.29285714285714287 82264.500000000015 0.58571428571428574 1.538359285067457 26.500000000000004 0.2678571428571429 0.29285714285714287 66500.000000000015 1.9450745430148724 21.655445791020302 1.0000000180025095e-35 1.0000000180025095e-35 1.0000000180025095e-35 1.0000000180025095e-35 2.5000000000000004 7.0999999000000011 10.416666500000002 2.5000000000000004 55.500000000000007
decision_type=2 2 2 2 8 2 2 2 2 2 2 2 10 2 10 2 2 2 10 10 10 2 2 2 2 2 2 2 2 2
left_child=1 2 6 4 -4 13 -1 8 16 -10 17 -3 15 14 -6 -13 -5 -8 19 20 21 -19 25 24 -24 26 -21 -26 -20 -2
right_child=29 11 3 7 5 -7 10 -9 9 -11 -12 12 -14 -15 -16 -17 -18 18 28 22 -22 -23 23 -25 27 -27 -28 -29 -30 -31
leaf_value=-0.034137721684960785 0.030648576540440366 0.032186325032709066 0.038505996792566527 -0.0039779620477671833 -0.039089095830339128 -0.041879511314216383 -0.022446928101958068 -0.020295558929486639 0.0052112237204760929 0.046227535052923263 0.020415383024340397 0.0039358667444240446 0.036837122530324701 0.029084770074995072 0.010526242336100606 -0.038049641325884398 -0.030332525512774929 0.051027292104657 -0.0022240721275000762 -0.011996626689298682 -0.031190129917655032 0.0011688773703377065 -0.040070240140516418 0.019420561668010844 -0.022417136842744805 -0.03159803949537137 0.019308123903456306 0.013568672655599079 0.030672253089074897 0.0094389013958189917
leaf_weight=18.527991726994514 35.018830694258213 18.300534352660179 16.06841678917408 39.865201219916344 5.0297023132443455 4.9283650442957869 40.157132834196091 29.712774485349655 47.693697452545166 7.5282390862703314 10.055969029664992 17.932204976677902 6.7412729933857909 13.7006773725152 8.6180501878261548 5.5032594874501219 13.936049491167067 6.3695788085460681 25.936718501150608 18.146361231803894 6.4651664644479743 6.5108671188354492 24.337792590260506 5.6241097897291175 26.494067043066025 8.3746258765459043 15.827393904328344 6.3963867127895346 7.9722475260496131 24.70878466963768
leaf_count=74 309 126 95 152 21 28 148 105 172 43 43 68 36 65 39 24 48 24 103 64 23 22 88 21 94 32 59 27 34 191
internal_value=-0.000839173 -0.0037708 -0.0058982 0.000626158 0.014581 0.00267042 -0.0112706 -0.00423669 0.000139939 0.0108029 -0.00924017 0.0144096 0.00362898 0.0106986 -0.00775885 -0.00592343 -0.0108045 -0.0107417 -0.00777521 -0.0113923 0.0067707 0.0258246 -0.0147323 -0.0218469 -0.0259025 -0.004173 0.00258735 -0.0154188 0.0055101 0.0218743
internal_weight=522.482 462.755 414.278 187.081 48.3452 32.2768 227.196 138.736 109.023 55.2219 208.668 48.4773 30.1767 27.3484 13.6478 23.4355 53.8013 198.612 158.455 124.546 19.3456 12.8804 105.201 62.8524 57.2282 42.3484 33.9738 32.8905 33.909 59.7276
internal_count=2378 1878 1624 768 248 153 856 520 415 215 782 254 128 125 60 92 200 739 591 454 69 46 385 230 209 155 123 121 137 500
is_linear=0
shrinkage=0.05


Tree=116
num_leaves=31
num_cat=0
split_feature=0 145 145 144 19 127 100 159 112 41 66 148 70 26 9 148 122 0 30 19 72 149 68 19 143 147 148 22 65 0
split_gain=4.5349 4.58742 4.04259 5.57053 3.19172 2.77421 2.68953 3.72481 4.31811 2.43228 3.02504 2.77991 3.23325 2.7453 2.9311 2.34738 3.76597 2.13676 1.96632 4.72295 3.14414 2.32731 2.35446 2.32586 2.43145 2.62544 2.40142 2.03821 1.97514 1.92558
threshold=100148.50000000001 15.083333333333334 23.450000000000003 32.500000000000007 8.5000000000000018 1.0000000180025095e-35 7.5000000000000009 0.34848484848484851 1.7083333000000003 1.0000000180025095e-35 1.0000000180025095e-35 2.9142135623730954 1.0000000180025095e-35 1.0000000180025095e-35 1.0000000180025095e-35 14.005949852327904 1.0000000180025095e-35 35675.000000000007 1.0000000180025095e-35 9.5000000000000018 1.0000000180025095e-35 125.50000000000001 1.0000000180025095e-35 4.5000000000000009 4.2729769929726649 40.500000000000007 29.248039077862771 1.0000000180025095e-35 1.0000000180025095e-35 21500.000000000004
decision_type=10 2 2 2 2 2 2 2 2 2 2 8 2 2 2 8 2 10 2 2 2 2 2 2 8 2 10 2 2 8
left_child=2 -2 4 9 5 6 7 -1 -9 -4 18 -12 13 14 -13 16 -6 -10 19 20 21 22 29 24 25 28 -25 -27 -20 -11
right_child=1 -3 3 -5 15 -7 -8 8 17 10 11 12 -14 -15 -16 -17 -18 -19 23 -21 -22 -23 -24 26 -26 27 -28 -29 -30 -31
leaf_value=0.045808922635546895 0.038156627077465095 -0.039010702936599959 -0.041275511491497982 -0.03851897020679157 -0.014014202551009911 -0.015362827834068097 0.062844709734846349 0.031607559108941516 -0.024727803379971863 0.029402096958559276 0.060794769600845615 0.018060449692080663 0.040410774500769721 0.033063247374575909 -0.03562175274338971 -0.02914784617157519 0.060471999140932445 0.019872616781591357 0.064296551533820065 0.061901057222490709 0.03764513613201724 -0.041165110402958227 -0.029202296418024704 -0.020565009575879874 -0.027505815305965776 0.019969498365557125 0.039162085007072259 -0.041858804431803016 0.0078695552093420423 -0.021537195035088712
leaf_weight=9.8894231989979726 2.289073795080184 12.140281695872543 3.3788149859756222 10.101595265790818 4.9047739524394247 4.8959825299680224 4.1058244146406642 11.403195377439262 8.6601825952529889 6.5715847667306742 3.1706094443798092 4.0900805890560168 6.3641252703964701 4.0241613015532485 6.7215257529169321 6.5891701709479102 2.5946102999150753 3.8924740962684146 3.5674697682261431 3.4950342681258908 4.3372682631015769 4.4474928509443989 4.4832965284585944 29.587438018992547 3.9463946856558332 2.9730644859373569 1.7844249382615078 2.4162593930959702 2.7434440590441227 2.5849875416606674
leaf_count=40 7 387 42 371 41 26 15 69 68 47 20 27 39 26 73 85 18 24 19 34 31 54 65 561 62 23 20 26 26 32
internal_value=0.000128473 -0.0267689 0.00244245 -0.00312229 0.0132707 0.020059 0.0246287 0.0199927 0.00933524 0.000428924 0.00187701 0.0171282 0.0105976 -0.00219146 -0.0153135 -0.00737445 0.0117563 -0.0108976 -0.00321881 0.00783823 -0.000587838 -0.00975593 0.000485521 -0.00931417 0.00643242 0.0178795 -0.0171677 -0.00775072 0.0397669 0.0150214
internal_weight=182.154 14.4294 167.725 110.789 56.9356 42.8471 37.9511 33.8453 23.9559 100.687 97.3087 24.3705 21.1999 14.8358 10.8116 14.0886 7.49938 12.5527 72.9382 25.9197 22.4246 18.0874 13.6399 47.0185 15.6466 11.7002 31.3719 5.38932 6.31091 9.15657
internal_count=2378 394 1984 1598 386 242 216 201 161 1227 1185 185 165 126 100 144 59 92 1000 263 229 198 144 737 156 94 581 49 45 79
is_linear=0
shrinkage=0.05


Tree=117
num_leaves=31
num_cat=0
split_feature=19 162 162 98 149 143 144 126 26 150 152 15 69 159 145 112 146 148 98 68 126 55 100 100 119 149 143 146 101 144
split_gain=5.2009 3.22879 3.462 3.11056 2.85049 2.80058 2.77312 3.90857 3.1773 2.79885 3.46672 3.1676 2.62668 3.14313 2.73694 3.0568 2.59487 2.30922 2.20953 2.54483 3.65429 3.69173 9.49999 5.61071 5.17321 2.5709 2.44253 2.71081 2.32983 2.49684
threshold=11.500000000000002 32416.666666666668 26333.333333333339 0.55000001000000009 30.500000000000004 4.3627191909453797 37.500000000000007 1.0000000180025095e-35 1.0000000180025095e-35 0.13392857142857142 2.5000000000000004 4.5000000000000009 1.0000000180025095e-35 0.30952380952380959 51.583333333333336 1.9166667000000002 54.500000000000007 14.856254042330931 1.5833333000000003 1.0000000180025095e-35 1.0000000180025095e-35 1.0000000180025095e-35 1.5000000000000002 4.5000000000000009 1.0000000180025095e-35 74.500000000000014 3.4475653227243943 36.500000000000007 1.4166667000000002 21.500000000000004
decision_type=2 10 10 2 2 10 2 2 2 2 2 2 2 2 2 2 2 8 2 2 2 2 2 2 2 2 10 2 2 2
left_child=1 2 6 -3 -2 17 9 8 -8 11 16 12 18 -14 15 -15 -11 -5 19 20 21 23 24 -1 -23 -24 27 -21 -20 -30
right_child=4 3 -4 5 -6 -7 7 -9 -10 10 -12 -13 13 14 -16 -17 -18 -19 28 26 -22 22 25 -25 -26 -27 -28 -29 29 -31
leaf_value=-0.021608583014941108 0.041610111469701838 -0.040103515399680108 0.035857299250815627 0.010611652763684845 -0.023923028719163908 0.027013237194227331 -0.032439741755086599 0.050333266274155054 0.031775042220405475 0.016599248980569085 -0.0045577367801771509 0.040510361817821625 -0.026070712918998332 -0.013493955327099232 0.037628739815543703 0.025440907945163363 0.050387337828736826 -0.04212886969145227 0.033753394825822465 0.010483793026872143 -0.028996417370457508 0.02634133313442636 0.015032780440816304 0.02842218664681135 0.092125882776485882 -0.044547896867857373 -0.0033770104350808851 -0.030844605902336536 -0.003032202216995494 0.029367575251456713
leaf_weight=18.68812067061663 1.7672150023281599 8.4055568911135214 8.1175957694649679 3.6534142717719051 27.185569196939468 5.2968494296073905 14.390774779021745 1.9884198196232308 2.2240219488739958 25.543092176318169 15.522099211812018 5.0971118286252013 4.5561486780643454 9.4783767387270981 11.654100105166433 10.76840730756521 7.3081364706158629 4.8053459338843831 6.9418119043111792 4.7848016396164921 8.4658244848251325 13.684415876865392 2.7175434082746488 8.0038358606398088 3.8234895877540103 5.424935694783926 30.739680957049131 23.235069215297699 34.899623859673738 7.1675253547728053
leaf_count=115 21 127 43 27 469 35 155 17 16 99 61 22 17 49 40 41 26 42 25 32 52 70 16 49 21 38 233 212 170 38
internal_value=0.000335958 0.00224416 0.00367256 -0.0161401 -0.019923 -0.00149684 0.00272974 -0.0159156 -0.0238441 0.00407154 0.014915 0.00157532 0.000607399 0.0127768 0.0183251 0.00721385 0.0241158 -0.0193498 -0.0020244 -0.00568922 0.0014813 0.00641075 0.0199565 -0.00660638 0.0407078 -0.0246629 -0.0131097 -0.0237872 0.00691669 0.00248817
internal_weight=336.339 307.386 285.225 22.1612 28.9528 13.7556 277.107 18.6032 16.6148 258.504 48.3733 210.131 205.034 36.457 31.9009 20.2468 32.8512 8.45876 168.577 119.568 60.8082 52.3423 25.6504 26.692 17.5079 8.14248 58.7596 28.0199 49.009 42.0671
internal_count=2378 1888 1657 231 490 104 1614 188 171 1426 186 1240 1218 147 130 90 125 69 1071 838 361 309 145 164 91 54 477 244 233 208
is_linear=0
shrinkage=0.05


Tree=118
num_leaves=31
num_cat=0
split_feature=100 160 143 2 15 149 141 147 113 145 63 164 148 101 70 22 148 101 2 118 68 100 154 145 145 162 148 148 101 141
split_gain=4.21006 2.79846 2.40775 1.80294 2.67301 2.26487 2.22055 1.89811 2.70811 1.87026 3.07015 2.93717 2.99114 6.00781 3.62563 4.59297 2.77846 2.86397 2.39857 2.38585 2.34081 2.09785 4.74687 5.50492 5.68353 2.98448 5.9161 5.81117 3.90946 3.38191
threshold=11.500000000000002 0.55000000000000016 6.357406995882406 7.5000000000000009 5.5000000000000009 200.50000000000003 10.500000000000002 1.0000000180025095e-35 1.0000000180025095e-35 64.166666666666671 1.0000000180025095e-35 0.45000000000000007 23.987493482792811 4.7083332500000008 1.0000000180025095e-35 1.0000000180025095e-35 3.7677669529663693 2.4166666500000002 4.5000000000000009 1.0000000180025095e-35 1.0000000180025095e-35 4.5000000000000009 0.45000000000000007 34.916666666666679 33.708333333333336 21339.285714285717 13.300641005282253 12.858849076803706 9.2916665000000016 7.5000000000000009
decision_type=2 2 10 2 2 2 2 2 2 2 2 2 10 2 2 2 8 2 2 2 2 2 2 2 2 8 10 8 2 2
left_child=1 2 3 4 5 7 -6 8 -1 11 16 12 19 -14 15 -15 -11 -18 -19 21 -20 22 23 24 25 26 27 -9 29 -28
right_child=-2 -3 -4 -5 6 -7 -8 9 -10 10 -12 -13 13 14 -16 -17 17 18 20 -21 -22 -23 -24 -25 -26 -27 28 -29 -30 -31
leaf_value=0.0011497247721775443 -0.033602377127734125 -0.039777027575358392 -0.023246615531833097 -0.022704882056115979 0.0043808464878158536 -0.021272501271015695 0.050919589971823359 0.020313374963455883 0.050626429016694501 -0.025576075194359418 0.046677024277145394 -0.027152583711980441 -0.03469828551805651 0.010212853238174061 -0.0064588647926584093 0.068518018785231546 -0.014794114112877425 0.037000574199581152 0.032853418643729072 -0.028384611743506257 -0.015468240204974924 -0.0079724678338578391 0.052393364199214011 -0.015081586130222658 0.064845482528852902 -0.0081447612382071453 -0.011031877712822396 0.097293768256855803 -0.023962410227501008 0.026629300443899002
leaf_weight=5.9292187057435495 8.515580151230095 3.9378262721002093 8.6833046376705152 6.4075038768351069 4.8225692659616453 9.1692081503570062 5.4707823470234871 7.4244211576878998 5.1836065948009491 5.4425397813320151 5.7496756240725508 8.8263991586863977 4.199910223484042 5.7721240147948274 4.7006913274526587 8.1423779875040054 6.9343217611312893 12.175693973898889 4.2382937520742399 7.0897076148539773 6.1326913498342037 43.829583581537008 5.0335239879786959 30.812930112704635 4.4493514187633982 23.095908349379897 9.0681740343570727 3.6601592674851426 9.2994213514029962 17.396317392587662
leaf_count=34 198 84 141 68 18 75 24 44 23 42 24 68 27 32 27 43 29 51 16 98 38 360 32 331 29 193 50 16 74 89
internal_value=0.00103709 0.00207912 0.00266958 0.00350165 0.00413758 0.00312438 0.0291156 0.00403898 0.0242283 0.00307802 0.0128212 0.0010226 0.00237433 0.0193187 0.0315059 0.0443314 0.00724732 0.0133069 0.0219495 -2.44572e-05 0.00427929 0.00128057 0.00495942 0.00268998 0.0100507 0.00656509 0.0138169 0.0457325 0.00392508 0.0137245
internal_weight=291.594 283.078 279.14 270.457 264.05 253.756 10.2934 244.587 11.1128 233.474 40.6732 192.801 183.975 22.8151 18.6152 13.9145 34.9235 29.481 22.5467 161.159 10.371 154.07 110.24 105.207 74.3938 69.9444 46.8485 11.0846 35.7639 26.4645
internal_count=2378 2180 2096 1955 1887 1845 42 1770 57 1713 200 1513 1445 129 102 75 176 134 105 1316 54 1218 858 826 495 466 273 60 213 139
is_linear=0
shrinkage=0.05


Tree=119
num_leaves=31
num_cat=0
split_feature=160 140 124 71 66 162 101 140 99 77 163 12 154 12 121 145 125 154 145 146 130 98 22 12 148 112 162 145 145 19
split_gain=12.5234 5.77654 5.95867 4.56206 4.73231 4.64041 4.57233 4.51783 4.34481 3.65146 4.139 3.49692 5.10047 3.40701 3.87713 5.74836 4.47672 3.37842 2.9482 3.11497 4.54595 2.92059 2.77028 3.41714 2.64419 2.56842 2.47417 2.50619 2.51995 3.55863
threshold=0.18333333333333332 5.2678571428571432 1.0000000180025095e-35 1.0000000180025095e-35 1.0000000180025095e-35 32416.666666666668 7.0999999000000011 10.690476190476192 9.5000000000000018 1.0000000180025095e-35 0.58571428571428574 1.5000000000000002 0.45000000000000007 1.0000000180025095e-35 1.5000000000000002 51.125000000000007 1.0000000180025095e-35 0.15476190476190474 25.450000000000003 53.500000000000007 61.500000000000007 0.26785715000000004 1.0000000180025095e-35 1.5000000000000002 15.930838769892894 1.2250000000000003 44750.000000000007 78.250000000000014 22.81666666666667 7.5000000000000009
decision_type=2 2 2 2 2 8 2 2 2 2 2 2 2 2 2 2 2 2 2 2 2 2 2 2 8 2 10 2 2 2
left_child=1 26 3 5 11 8 -7 9 13 22 -11 -5 21 -3 -15 16 17 -16 -4 -20 -21 -13 24 -24 -2 -10 27 28 29 -1
right_child=7 2 18 4 -6 6 -8 -9 25 10 -12 12 -14 14 15 -17 -18 -19 19 20 -22 -23 23 -25 -26 -27 -28 -29 -30 -31
leaf_value=-0.028361275755804185 0.0039345821852278902 0.027455868411576486 -0.061323082205337026 0.016659234600013721 -0.02443442481498697 -0.010746216440541898 0.035680262180771041 0.038439013273881689 -0.014855853293169435 0.030792145798763257 -0.019904874621909201 0.02952525729506783 -0.051426649059246016 -0.034103387489725336 -0.011856129548706629 0.039927838851585518 -0.053834164938894202 0.027750055417478693 0.015705378020814984 -0.063612805538015654 0.0025947881118611777 -0.00029382289317558748 0.026323979087977085 -0.016764400933821869 -0.050228235930554713 -0.065471117028499906 0.021247621501830058 -0.041825484405565473 -0.0067248883307063651 0.0013539104045721566
leaf_weight=37.472416788339615 4.2070688381791124 6.4418359100818625 4.5405659526586559 84.211423590779305 10.678966403007506 9.7148697823286074 11.678599841892717 19.555085219442844 4.623601019382475 25.352661520242695 4.7859715670347205 9.9560291692614538 4.3198089003562918 13.794046536087988 29.104271039366722 6.4401985779404631 5.2851359024643889 6.6064730584621421 5.2794191390275946 5.3400573879480344 5.039379246532917 46.862660989165306 11.142393782734873 7.8381048813462249 4.8523048758506784 5.4733330011367798 5.5464423149824134 7.0691216289997092 99.502212539315224 13.780852049589155
leaf_count=151 19 23 17 453 39 36 59 198 21 152 22 70 18 50 112 26 21 25 26 22 23 212 61 38 22 20 21 25 346 50
internal_value=-0.000849585 -0.00412667 0.00029211 0.00236133 0.00769085 -0.00602451 0.0145978 0.0176477 -0.0116975 0.0106593 0.0227415 0.0100511 0.000949184 -0.00713248 -0.0107714 -0.00398666 -0.0108854 -0.004529 -0.0258496 -0.0155634 -0.031468 0.00493121 -0.00232735 0.00853039 -0.0250756 -0.0422933 -0.0115753 -0.0127288 -0.0113644 -0.0203715
internal_weight=516.495 438.762 275.391 255.191 156.029 99.1624 21.3935 77.7336 77.7689 58.1785 30.1386 145.35 61.1385 67.672 61.2301 47.4361 40.9959 35.7107 20.1994 15.6589 10.3794 56.8187 28.0399 18.9805 9.05937 10.0969 163.371 157.825 150.755 51.2533
internal_count=2378 1866 1273 1185 792 393 95 512 298 314 174 753 300 257 234 184 158 137 88 71 45 282 140 99 41 41 593 572 547 201
is_linear=0
shrinkage=0.05


Tree=120
num_leaves=31
num_cat=0
split_feature=0 145 145 144 99 164 146 144 95 140 145 160 143 143 67 142 130 22 105 148 40 0 112 148 159 149 159 54 161 161
split_gain=4.24565 4.38623 3.68699 5.33307 2.91805 2.34048 3.26511 4.53775 3.31572 2.77756 5.79107 2.65697 2.84681 3.92755 2.55444 2.63804 3.04874 2.44919 2.22946 2.13748 2.11326 3.26119 2.59344 4.1498 3.0846 2.24822 2.16173 2.02987 2.43783 2.2514
threshold=100148.50000000001 15.083333333333334 23.450000000000003 32.500000000000007 7.5000000000000009 0.45000000000000007 56.500000000000007 13.500000000000002 3.5000000000000004 10.366666666666669 32.791666666666679 0.22500000000000003 4.926965959222275 4.205155098949346 1.0000000180025095e-35 2.5000000000000004 61.500000000000007 1.0000000180025095e-35 1.0000000180025095e-35 20.735032963652298 1.0000000180025095e-35 41250.000000000007 1.7750000000000001 13.593809088257588 0.48076923076923078 85.500000000000014 0.48076923076923078 1.0000000180025095e-35 1.7083333333333337 4.7500000000000009
decision_type=10 2 2 2 2 2 2 2 2 2 2 2 8 8 2 2 2 2 2 10 2 10 2 10 2 2 2 2 2 2
left_child=2 -2 4 5 18 6 7 19 11 -9 -11 12 13 14 15 -8 -17 -14 20 -4 22 26 23 -1 -24 -26 -22 28 -7 -29
right_child=1 -3 3 -5 -6 27 8 9 -10 10 -12 -13 17 -15 -16 16 -18 -19 -20 -21 21 -23 24 -25 25 -27 -28 29 -30 -31
leaf_value=-0.0093697517578590732 0.036749994920253437 -0.038945866080088209 0.00070455879992933142 -0.038482904167206199 -0.01855957101864918 0.024599392023834692 0.011892654968835301 -0.032830153305830966 -0.040924693497858981 0.12622351730972534 -0.038476940101052071 -0.02777320726991054 0.015757116415077974 0.077984783423310111 -0.0015348508989116657 0.080655513355014585 0.016697801958797286 -0.039815103821138148 0.034678261269593585 0.038658323944312817 0.0098347744064802289 0.034636376641964672 0.025528278607348451 0.059410814653373382 -0.045623925215363084 0.012162108424981631 -0.042863679872964043 -0.040186293676952645 -0.019763410205511027 0.025727463392726781
leaf_weight=3.176942456513645 2.2924878895282736 11.584106946364043 15.08028273843229 9.6647620033472759 6.6136048492044202 5.5276455841958523 6.7821735739708 14.880567807704212 2.5333978757262221 0.88617453724145834 1.3418969232589004 2.9038356728851786 6.221808632835744 3.7304335087537757 7.3516653254628173 4.5792534183710814 3.1415273156017065 2.9099463932216167 12.916042197495697 4.919919714331626 3.0643709674477559 3.3632696084678164 8.6160053908824903 7.0805735439062119 3.7266043350100508 3.0696595162153244 5.3322286102920771 8.6405859086662513 7.0417331904172897 1.5240080729126937
leaf_count=21 7 387 146 371 93 43 39 296 35 16 46 44 46 23 56 39 37 49 65 23 14 19 37 32 30 22 53 154 105 30
internal_value=0.000131826 -0.0264405 0.00234483 -0.00301555 0.012665 0.000412392 0.00456175 -0.00613025 0.0144429 -0.0250346 0.0270296 0.0181714 0.0220144 0.0305682 0.0224746 0.0346451 0.0546316 -0.00195166 0.0167668 0.0100409 0.0105859 -0.00696692 0.0186273 0.0381082 0.00566192 -0.0195238 -0.0236312 -0.0136895 -0.000253946 -0.0303036
internal_weight=180.498 13.8766 166.621 109.662 56.9593 99.9969 77.2629 37.1088 40.154 17.1086 2.22807 37.6206 34.7168 25.5851 21.8546 14.503 7.72078 9.13176 50.3457 20.0002 37.4297 11.7599 25.6698 10.2575 15.4123 6.79626 8.3966 22.734 12.5694 10.1646
internal_count=2378 394 1984 1598 386 1227 895 527 368 358 62 333 289 194 171 115 76 95 293 169 228 86 142 53 89 52 67 332 148 184
is_linear=0
shrinkage=0.05


Tree=121
num_leaves=31
num_cat=0
split_feature=19 149 162 162 98 162 144 126 26 150 152 15 142 146 69 145 162 98 149 149 103 0 19 149 119 145 26 159 101 112
split_gain=4.74911 2.97313 2.96794 3.11752 3.01466 2.63238 2.55242 3.61482 3.01034 2.52364 3.19575 2.87338 2.51524 2.70279 2.42736 2.34505 2.13434 2.03581 2.42669 3.90241 3.24201 3.44182 2.54955 4.6874 2.68218 2.50042 3.05523 3.48795 2.62347 2.28863
threshold=11.500000000000002 29.500000000000004 32416.666666666668 26333.333333333339 0.55000001000000009 42645.250000000007 37.500000000000007 1.0000000180025095e-35 1.0000000180025095e-35 0.13392857142857142 2.5000000000000004 4.5000000000000009 1.5000000000000002 41.500000000000007 1.0000000180025095e-35 20.527777777777782 53541.666666666679 1.5833333000000003 94.500000000000014 53.500000000000007 1.0000000180025095e-35 122500.00000000001 8.5000000000000018 132.50000000000003 1.0000000180025095e-35 17.083333333333339 1.0000000180025095e-35 0.58571428571428574 6.3666668000000008 1.9166667000000002
decision_type=2 2 10 10 2 8 2 2 2 2 2 2 2 2 2 2 10 2 2 2 2 8 2 2 2 2 2 2 2 2
left_child=2 -2 3 6 -4 -6 9 8 -8 11 12 14 15 -14 17 -11 -7 18 19 -1 21 25 -20 24 -24 -21 27 -27 -29 -19
right_child=1 -3 4 -5 5 16 7 -9 -10 10 -12 -13 13 -15 -16 -17 -18 29 22 20 -22 -23 23 -25 -26 26 -28 28 -30 -31
leaf_value=-0.02697560672351805 0.045140503151780725 -0.023409902109875366 -0.039989761784111205 0.033880703443848859 -0.027041571139323706 0.049723687583823464 -0.031969262481397441 0.047294097251295839 0.030383266296081676 0.030033476423163098 -0.0045470561923843236 0.038322525186471786 0.0053125984028700559 0.049955790984577447 0.012283343479257455 -0.0077273155228619328 -0.0035170486608830185 0.00156967474378708 -0.016370507773034466 -0.047566641437205875 0.03779690050834994 0.035032388954919745 -0.042776475463410985 0.054422912804569859 0.021627340719710259 0.021662310723807518 0.048029016951658385 0.0067864963406613164 -0.034607034444398208 0.029753230209184113
leaf_weight=9.3758034072816354 1.6823721639812017 26.442023973912001 8.0255644544959086 8.2116754315793496 5.7733758911490414 3.0988991372287282 13.9756839722395 2.0394507050514212 2.2469670996069899 7.477002456784251 15.50362218916416 5.1716032773256293 4.7940655425190952 11.57872301340103 36.421955138444901 9.1347866579890233 4.7953072339296341 40.250083744525909 54.325308576226234 3.077729448676112 7.7978210151195517 6.5883539654314509 3.7488532215356809 3.8520488701760769 2.8422753214836121 7.7796074226498666 2.9494989179074755 6.1382979080081013 10.169459339231251 8.7732528299093229
leaf_count=82 18 472 127 43 43 22 155 17 16 26 61 22 20 44 147 35 39 200 388 16 36 35 38 33 26 36 14 34 100 33
internal_value=0.000353104 -0.0193093 0.00216076 0.00352135 -0.0156657 -0.00138267 0.00261812 -0.0154455 -0.0233329 0.00389797 0.014176 0.00151643 0.0229764 0.036884 0.000583776 0.0092689 0.0173828 -0.00195768 -0.0054992 0.00234114 0.00851784 0.00229728 -0.012021 0.0106048 -0.0150038 -0.00486438 -3.38377e-06 -0.00588495 -0.0190264 0.00661342
internal_weight=334.041 28.1244 305.917 284.224 21.6931 13.6676 276.012 18.2621 16.2227 257.75 48.4882 209.262 32.9846 16.3728 204.09 16.6118 7.89421 167.668 118.645 53.8766 44.5008 36.7029 64.7685 10.4432 6.59113 30.1146 27.0369 24.0874 16.3078 49.0233
internal_count=2378 490 1888 1657 231 104 1614 188 171 1426 186 1240 125 64 1218 61 61 1071 838 353 271 235 485 97 64 200 184 170 134 233
is_linear=0
shrinkage=0.05


Tree=122
num_leaves=31
num_cat=0
split_feature=100 160 143 65 162 2 9 141 141 76 31 49 157 142 143 79 148 148 19 140 159 100 128 148 24 143 40 148 98 98
split_gain=3.97152 2.62264 2.24852 1.74168 1.71829 1.66372 2.38396 2.6099 2.09175 3.77108 4.37407 2.31533 3.29428 3.29932 2.24437 2.03249 2.78689 2.46173 2.51062 3.30053 2.78285 2.47233 3.31652 3.77466 3.74537 4.20834 3.03708 2.61687 6.5625 2.53506
threshold=11.500000000000002 0.55000000000000016 6.357406995882406 1.0000000180025095e-35 89000.000000000015 7.5000000000000009 3.5000000000000004 15.500000000000002 11.500000000000002 1.0000000180025095e-35 1.0000000180025095e-35 1.0000000180025095e-35 1.5000000000000002 5.5000000000000009 4.9749346475555827 1.0000000180025095e-35 29.248039077862771 23.987493482792811 2.5000000000000004 5.6904761904761916 0.38750000000000007 4.5000000000000009 1.0000000180025095e-35 1.4708693970125208 1.0000000180025095e-35 2.8990705651295672 1.0000000180025095e-35 14.368367461812253 0.55000001000000009 1.5833333000000003
decision_type=2 2 10 2 10 2 2 2 2 2 2 2 2 2 10 2 10 8 2 2 2 2 2 10 2 8 2 10 2 2
left_child=1 2 4 -4 5 6 7 8 15 10 11 12 -10 14 -14 16 17 21 -19 -20 -21 22 24 -24 26 -26 -1 28 -25 -23
right_child=-2 -3 3 -5 -6 -7 -8 -9 9 -11 -12 -13 13 -15 -16 -17 -18 18 19 20 -22 29 23 27 25 -27 -28 -29 -30 -31
leaf_value=-0.0020667307706144357 -0.033304204055196802 -0.039659738045534715 0.0077463740789279895 -0.039621152905887871 -0.028379126855627247 -0.021793431717467282 0.03308587297556561 -0.038931624389660385 -0.028850479688468086 0.058734125963078011 0.05436906036478556 -0.030364587341953367 -0.023407659881330842 0.053180479928815187 0.030255391166351155 -0.010202069593092994 -0.033496905757423028 -0.010650372773216364 0.039393635334741897 -0.033574278704038604 0.01604401746123817 -0.020971750260086287 -0.042420571021890424 0.06328595387482068 0.041908154350158509 -0.014456079904471258 -0.03294732362936046 0.0064514381022449819 0.009928764874942141 0.015579688468888709
leaf_weight=20.928744129836559 8.1762333009392005 3.7199277170002452 3.0124428234994394 5.4544788990169764 4.1876134611666194 6.1540099661797276 7.0991235822439185 3.5386259444057933 4.3544188253581657 4.5082780905067912 4.4708028323948374 4.8540991209447375 4.2434146516025049 5.0070881694555283 3.6026094108819962 27.20709977298975 4.7288587912917128 7.6723539009690276 14.574755318462847 3.2851909250021007 20.209448747336864 19.273127019405369 3.0033400766551486 8.4644989445805567 7.6056626439094517 5.8656475767493257 12.851050294935702 37.619975488632917 18.053705114871264 6.2925203368067733
leaf_count=118 198 84 32 109 72 65 32 84 70 32 33 69 30 50 24 199 33 39 67 18 128 157 29 62 38 33 94 240 99 40
internal_value=0.00104859 0.00204517 0.00260297 -0.0227683 0.00339961 0.0039009 0.00451067 0.00370636 0.00431309 0.0164556 0.00927178 0.000132788 0.00873584 0.0214695 0.00123246 0.00258125 0.00440764 0.00537288 0.0154428 0.0207015 0.00910603 0.00208178 0.00522339 0.0123654 -0.00492511 0.0173662 -0.0138148 0.0149309 0.0269602 -0.0119753
internal_weight=290.019 281.843 278.123 8.46692 269.656 265.468 259.314 252.215 248.677 31.0407 26.5324 22.0616 17.2075 12.8531 7.84602 217.636 190.429 185.7 45.7417 38.0694 23.4946 139.958 114.393 67.1415 47.2511 13.4713 33.7798 64.1382 26.5182 25.5656
internal_count=2378 2180 2096 141 1955 1883 1818 1786 1702 308 276 243 174 104 54 1394 1195 1162 252 213 146 910 713 430 283 71 212 401 161 197
is_linear=0
shrinkage=0.05


Tree=123
num_leaves=31
num_cat=0
split_feature=160 141 147 145 148 140 159 141 149 143 156 77 163 144 66 54 144 111 121 143 128 99 115 104 156 143 0 148 23 144
split_gain=11.4559 5.15502 5.12923 4.44282 5.16676 4.36153 4.29865 4.14809 3.6701 4.33811 3.48253 3.4215 3.82387 3.2854 3.24476 4.64508 4.12508 2.92874 3.96409 2.85703 2.65036 3.0225 4.26014 3.23779 2.91516 3.07096 5.01602 3.76003 3.00817 3.46024
threshold=0.18333333333333332 14.500000000000002 18.500000000000004 45.125000000000007 16.205706372139986 10.690476190476192 0.30952380952380959 12.500000000000002 169.50000000000003 4.5074009416252094 0.58571428571428574 1.0000000180025095e-35 0.58571428571428574 48.500000000000007 1.0000000180025095e-35 1.0000000180025095e-35 19.500000000000004 3.5000000000000004 2.5000000000000004 1.538359285067457 1.0000000180025095e-35 7.5000000000000009 1.0000000180025095e-35 1.0000000180025095e-35 0.29285714285714287 1.9450745430148724 66500.000000000015 19.363834147387944 1.0000000180025095e-35 35.500000000000007
decision_type=2 2 2 2 8 2 2 2 2 10 2 2 2 2 2 2 2 2 2 10 2 2 2 2 2 10 10 10 2 2
left_child=1 2 6 4 -4 11 -1 10 -3 -10 19 -2 -13 20 15 17 -17 18 -5 -6 21 22 23 -8 -22 27 28 -26 29 -27
right_child=5 8 3 14 7 -7 13 -9 9 -11 -12 12 -14 -15 -16 16 -18 -19 -20 -21 24 -23 -24 -25 25 26 -28 -29 -30 -31
leaf_value=-0.034831530498502031 -0.0023562968892626192 0.022645620545865205 0.037799904057106301 -0.01150354342152732 -0.037667492970480158 0.038109889743581697 -0.023773800541059108 -0.039288304808412347 -0.052929680216689007 0.027468153764601922 0.02829686728867023 0.030021881314296298 -0.018854659631120808 0.027401699178418771 -0.018744164447443017 0.00492311314837773 0.045656577052311131 -0.044976072620927954 0.035014541235504806 0.01003460186790716 -0.028547086499421 0.026699374073882304 0.031005453277037926 0.0015905784038453847 0.029806603877432992 -0.030694543229625105 0.0052286070536302345 -0.022615694598455863 0.012611930360702427 0.0032430702768388208
leaf_weight=17.16008210927248 27.791299298405647 27.675315544009209 15.186394162476061 42.620522014796734 5.0135843232274118 18.578582979738712 24.657433331012726 5.0350605919957152 3.8902683332562438 2.9502803683280945 13.31635596603155 24.688550978899006 4.7757590860128394 6.0920942351222029 29.36114202439785 47.292951762676239 7.1558485180139533 5.518891140818595 5.1310822069644919 8.3946952149271947 27.378360629081726 8.1896997541189176 6.921274632215499 25.690648645162582 9.4689859449863416 45.890984818339348 24.666584141552448 5.3550302535295478 5.8380881994962683 8.980560749769209
leaf_count=71 140 234 93 155 21 198 94 28 22 20 65 152 22 26 105 172 43 22 23 38 102 31 26 92 39 167 99 20 22 36
internal_value=-0.000873091 -0.00400051 -0.00559909 0.000536728 0.0138121 0.0170595 -0.0108196 0.00234198 0.0145398 -0.0182547 0.0101853 0.010229 0.0220997 -0.0087504 -0.00400971 6.47532e-06 0.0102764 -0.0104907 -0.00650501 -0.00780202 -0.00989133 -0.00171223 -0.00577518 -0.0108314 -0.0140879 -0.0101372 -0.0137846 0.0108696 -0.0215097 -0.0251401
internal_weight=510.666 434.832 400.316 184.027 46.9461 75.8342 216.29 31.7597 34.5159 6.84055 26.7246 57.2556 29.4643 199.13 137.08 107.719 54.4488 53.2705 47.7516 13.4083 193.038 65.4591 57.2694 50.3481 127.579 100.2 85.3762 14.824 60.7096 54.8715
internal_count=2378 1866 1590 765 245 512 825 152 276 42 124 314 174 754 520 415 215 200 178 59 728 243 212 186 485 383 324 59 225 203
is_linear=0
shrinkage=0.05


Tree=124
num_leaves=31
num_cat=0
split_feature=0 145 145 144 19 105 41 160 164 146 144 95 148 147 26 143 81 101 143 143 66 67 54 161 73 40 143 40 16 161
split_gain=4.05343 4.97734 3.4007 4.94735 2.82001 2.99432 2.27568 2.264 2.32297 3.20796 4.41707 3.51384 3.30566 3.4918 2.29415 2.75501 2.24128 2.19919 2.62094 4.35213 3.61562 2.50546 2.11627 2.30495 2.20545 2.93021 2.16455 1.91501 2.37193 2.10663
threshold=87000.000000000015 15.083333333333334 23.450000000000003 32.500000000000007 8.5000000000000018 1.0000000180025095e-35 1.0000000180025095e-35 0.22500000000000003 0.45000000000000007 56.500000000000007 13.500000000000002 3.5000000000000004 11.319230075945443 24.500000000000004 1.0000000180025095e-35 1 1.0000000180025095e-35 14.4166665 4.926965959222275 4.0393888659823265 1.0000000180025095e-35 1.0000000180025095e-35 1.0000000180025095e-35 4.7500000000000009 1.0000000180025095e-35 1.0000000180025095e-35 2.1407836215144651 1.0000000180025095e-35 4.5000000000000009 1.1833333333333336
decision_type=10 2 2 2 2 2 2 2 2 2 2 2 8 2 2 8 2 2 8 10 2 2 2 2 2 2 8 2 2 2
left_child=2 -2 4 6 5 27 -4 8 9 10 14 17 13 -12 15 -8 -6 18 19 21 -20 -11 24 -24 -10 -26 -27 29 -29 -1
right_child=1 -3 3 -5 16 -7 7 -9 22 11 12 -13 -14 -15 -16 -17 -18 -19 20 -21 -22 -23 23 -25 25 26 -28 28 -30 -31
leaf_value=0.0087412078724699704 0.035133468781070473 -0.033960812765022677 -0.041190808069294149 -0.038388114993852224 -0.019005774961709701 0.041666759241183154 -0.042226218362401785 -0.026204396098755502 -0.029322498894616481 0.030605790069523638 0.095466097539933528 -0.040907180070683717 -0.035167572750816951 -0.03865094987182402 0.048681163792147486 0.014060375251958929 0.030438867839521228 0.069353738732508982 -0.0321949732401135 0.073624296790555127 0.040122205274082681 -0.0078001258010113013 -0.040255069862356573 0.028521528174418789 -0.02452110227031596 0.074216580414936659 0.0098416324506954908 -0.03350915431961006 0.019152148733391175 0.042529378757118236
leaf_weight=15.109544724226 3.1455525457859066 15.20891109574586 3.1330376639962187 8.8120553921908122 9.8910683710128051 10.949573691934345 2.6279574818909177 6.5627480112016192 3.514038473367691 12.603047877550134 1.0789210777729721 2.2846382781863204 11.340818772092462 0.88208805955946434 3.6085000671446315 12.584184629842639 2.983159326016902 2.3948159776628009 4.7908184695988885 4.2517913468182078 2.7038514278829098 6.4044214002788058 7.4025974720716476 1.4581651929765937 2.6538850031793118 2.4533801898360252 2.7916006688028574 4.5625633560121077 4.0242040231823921 6.6406657211482516
leaf_count=90 10 456 40 357 110 56 25 158 48 94 14 32 221 27 18 108 21 19 61 28 18 50 125 26 31 16 33 35 21 30
internal_value=0.000139042 -0.0221196 0.00268452 -0.00250968 0.0128826 0.0192537 0.000732176 0.00212367 0.00424038 0.00869495 -0.00274844 0.0190691 -0.0248028 0.0351385 0.0128389 0.00433664 -0.00754868 0.0232027 0.0196089 0.0278945 -0.00610511 0.0176652 -0.0106031 -0.0289369 0.00363087 0.0182911 0.0399535 0.0111641 -0.00882934 0.0190572
internal_weight=178.853 18.3545 160.498 106.337 54.1608 41.2866 97.5253 94.3923 87.8295 67.5559 32.1225 35.4334 13.3018 1.96101 18.8206 15.2121 12.8742 33.1487 30.7539 23.2593 7.49467 19.0075 20.2737 8.86076 11.4129 7.89887 5.24498 30.337 8.58677 21.7502
internal_count=2378 466 1912 1549 363 232 1192 1152 994 715 413 302 262 41 151 133 131 270 251 172 79 144 279 151 128 80 49 176 56 120
is_linear=0
shrinkage=0.05


Tree=125
num_leaves=31
num_cat=0
split_feature=0 98 101 78 156 128 15 77 111 162 141 9 148 140 161 47 24 148 120 54 67 111 101 99 149 130 0 112 129 156
split_gain=4.48976 3.20341 3.11065 2.56235 2.26128 4.95957 2.3601 2.31563 2.92587 3.34186 3.91215 3.47729 2.22644 5.02798 2.92383 3.04924 3.03318 3.26513 3.02927 2.47001 3.89654 4.77555 2.70471 4.13511 2.22118 2.21074 2.03638 4.39745 3.43249 2.84364
threshold=232000.00000000003 0.55000001000000009 13.100000000000001 1.0000000180025095e-35 0.2678571428571429 1.0000000180025095e-35 1.5000000000000002 1.0000000180025095e-35 1.5000000000000002 20423.166666666668 10.500000000000002 1.0000000180025095e-35 16.648322486411153 6.2111111111111121 1.2250000000000003 1.0000000180025095e-35 1.0000000180025095e-35 18.402437015230372 1.0000000180025095e-35 1.0000000180025095e-35 1.0000000180025095e-35 2.5000000000000004 9.7750001000000015 6.5000000000000009 215.50000000000003 50.500000000000007 1.0000000180025095e-35 2.5833333500000006 1.0000000180025095e-35 0.40833333333333338
decision_type=10 2 2 2 2 2 2 2 2 8 2 2 8 2 2 2 2 10 2 2 2 2 2 2 2 2 10 2 2 2
left_child=1 2 12 4 5 6 -3 8 -7 10 -10 -11 13 -1 16 18 17 -14 -16 20 -20 -22 -21 -24 26 -5 29 28 -28 -6
right_child=-2 3 -4 25 24 7 -8 -9 9 11 -12 -13 14 -15 15 -17 -18 -19 19 22 21 -23 23 -25 -26 -27 27 -29 -30 -31
leaf_value=0.0019009404099024061 -0.039543473333904497 -0.044892708830470279 -0.033674644212023874 0.0098705685008213303 -0.010064055858129089 -0.0086376510474093851 0.0025250920172285611 -0.007502959826785973 0.036877940192597762 0.02950057741944493 -0.015335112051346465 0.09299739057328904 0.00020514332170755455 -0.034205302542650293 0.052637902953409546 -0.043307843200830622 -0.019843930937906828 0.049084961823507529 -0.0089432117759609565 -0.030047568517330283 -0.0097126416500819598 0.064131134700585221 0.057102150780038288 -0.039813116194160669 -0.024051475567506225 -0.043969248491864309 0.0098867361440077416 -0.050821356167200751 -0.038243757977967141 0.010834261024859446
leaf_weight=24.453453201800585 6.9024180565029374 3.8200090155005446 9.0334508083760721 3.1347507201135141 19.577278427779675 4.3718779422342804 8.3824805133044702 4.9133098572492591 14.166062727570539 4.3198879957199079 4.8042137809097758 4.3047006204724312 5.5792918652296093 15.918865643441675 2.5807646587491027 4.4626115150749674 3.8468425683677188 8.8134214840829355 14.280366387218237 12.262381564825775 3.7778018191456795 5.2075016647577286 2.5529245361685744 1.934760123491287 7.2403383851051322 4.866731695830822 20.397997122257955 4.8654316216707221 4.5263128951191893 96.578300312161446
leaf_count=143 136 24 187 21 97 23 41 37 56 24 38 17 35 244 10 41 31 52 129 106 28 32 35 32 44 41 131 21 29 493
internal_value=0.000360599 0.00120816 -0.0055131 0.00487468 0.00597247 0.0153121 -0.0123191 0.0244544 0.0293663 0.0353873 0.023655 0.0611931 -0.00310566 -0.0123358 0.00260107 -0.00398579 0.0195956 0.0301368 0.000133771 -0.00325242 0.00728791 0.0330841 -0.0178928 0.0153194 0.00297995 -0.0228764 0.00432098 -0.0073415 0.00114613 0.00731198
internal_weight=331.877 324.974 114.704 210.27 202.268 49.0825 12.2025 36.8801 31.9667 27.5949 18.9703 8.62459 105.671 40.3723 65.2987 47.0591 18.2396 14.3927 42.5965 40.0157 23.2657 8.9853 16.7501 4.48768 153.186 8.00148 145.945 29.7897 24.9243 116.156
internal_count=2378 2242 1105 1137 1075 260 65 195 158 135 94 41 918 387 531 413 118 87 372 362 189 60 173 67 815 62 771 181 160 590
is_linear=0
shrinkage=0.05


Tree=126
num_leaves=31
num_cat=0
split_feature=100 160 0 143 144 65 124 143 140 148 111 67 149 161 112 9 143 100 128 128 147 157 130 146 112 161 158 73 23 2
split_gain=3.7399 2.47031 2.11928 1.83583 2.04851 5.70806 1.67794 3.93934 2.23363 2.27097 2.17435 2.46964 2.05265 2.77079 2.0356 3.7388 4.14401 3.30672 2.77747 2.74791 4.67231 3.86979 2.94303 4.69406 2.61818 5.26527 4.12854 2.57266 2.51898 3.38087
threshold=11.500000000000002 0.55000000000000016 264076.50000000006 6.357406995882406 25.500000000000004 1.0000000180025095e-35 1.0000000180025095e-35 4.6169972286013694 13.100000000000001 29.854507653326095 2.5000000000000004 1.0000000180025095e-35 47.500000000000007 3.5833333333333335 0.6333333550000001 1.0000000180025095e-35 3.7767559502767933 3.5000000000000004 1.0000000180025095e-35 1.0000000180025095e-35 62.500000000000007 1.5000000000000002 32.500000000000007 49.500000000000007 2.2916666500000002 0.90454545454545465 0.34848484848484851 1.0000000180025095e-35 1.0000000180025095e-35 5.5000000000000009
decision_type=2 2 10 10 2 2 2 8 2 10 2 2 2 2 2 2 8 2 2 2 2 2 2 2 2 2 2 2 2 2
left_child=1 2 3 6 -5 -6 8 10 9 12 11 -8 13 -1 -14 16 18 19 -16 20 21 -17 -23 -24 25 -21 -26 -27 29 -29
right_child=-2 -3 -4 4 5 -7 7 -9 -10 -11 -12 -13 14 -15 15 17 -18 -19 -20 24 -22 22 23 -25 26 27 -28 28 -30 -31
leaf_value=-0.040476808221807672 -0.0330075584876258 -0.039585005685839864 -0.039476716533979633 -0.040751436951053509 0.110349212883022 -0.038971772424553741 -0.034415738623576664 0.052834347009074134 -0.038862911235717827 -0.02485015860105572 0.02823794983196537 0.018897585029466861 -0.010122373888540743 0.017876993060837881 0.034866208281632817 -0.02118421632246402 0.047007303724901736 -0.0089474488430050982 -0.023759961009040508 -0.032218693195041941 0.04095371093595556 0.038290974902839885 -0.025676134296863856 0.020573372833988864 0.070301627599282338 -0.019387292926738943 0.014165049743781286 0.026175384099760723 -0.017291944628795644 -0.00081449553412633706
leaf_weight=5.7064090222120267 7.8430429250001898 3.5267080236226311 2.9708297103643408 4.8686623703688374 0.97930071130394947 1.8472727872431278 5.0901724584400672 5.6805017329752436 3.2144693098962298 7.0612008273601523 5.5467153601348391 3.7892711535096169 20.650734856724739 3.1611578874289989 3.4414343312382698 23.019884694367647 11.207583110779522 38.238153304904699 4.8921154253184813 7.0035492926836005 5.9076524525880805 5.7799396142363575 10.630451593548061 11.337245285511015 4.7794030755758277 5.5599817447364321 10.406988397240637 43.540394525974989 5.2054539062082759 15.818265521898864
leaf_count=76 198 84 64 68 11 47 41 33 82 46 37 24 126 25 20 172 58 302 40 46 25 25 67 66 20 38 57 299 36 145
internal_value=0.00104713 0.00199811 0.0025269 0.00298171 -0.0210951 0.0127623 0.00367649 0.0175653 0.00254389 0.00309085 0.00367762 -0.0116645 0.00392584 -0.0196745 0.00484607 0.00634102 0.0271525 0.0041689 0.000450384 0.00753521 -0.00113104 -0.00602831 0.00654528 -0.00180736 0.0128558 0.00911932 0.0318321 0.0132479 0.0160583 0.018983
internal_weight=288.705 280.862 277.335 274.364 7.69524 2.82657 266.669 20.1067 246.562 243.348 14.4262 8.87944 236.287 8.86757 227.419 206.768 19.5411 187.227 8.33355 148.989 56.6752 50.7675 27.7476 21.9677 92.314 77.1276 15.1864 70.1241 64.5641 59.3587
internal_count=2378 2180 2096 2032 126 58 1906 135 1771 1689 102 65 1643 101 1542 1416 118 1298 60 996 355 330 158 133 641 564 77 518 480 444
is_linear=0
shrinkage=0.05


Tree=127
num_leaves=31
num_cat=0
split_feature=160 118 147 141 112 140 154 144 159 162 130 111 141 66 143 147 77 163 142 104 163 128 150 144 163 145 124 11 130 130
split_gain=10.3622 4.82842 4.61655 5.23129 5.34399 4.236 4.21995 4.46426 3.80864 3.70616 3.39677 5.22997 3.74971 3.22992 4.92809 3.30419 3.22119 3.61775 3.15331 3.1203 2.64138 2.5774 2.73559 3.5865 2.95316 2.68813 3.98334 3.18937 2.98621 3.08398
threshold=0.18333333333333332 1.0000000180025095e-35 18.500000000000004 13.500000000000002 1.6333333000000003 10.690476190476192 0.45000000000000007 14.500000000000002 0.30952380952380959 12750.000000000002 65.500000000000014 2.5000000000000004 4.5000000000000009 1.0000000180025095e-35 3.2054617129463341 25.500000000000004 1.0000000180025095e-35 0.58571428571428574 1.0000000180025095e-35 1.0000000180025095e-35 0.43650793650793651 1.0000000180025095e-35 0.4642857142857143 19.500000000000004 0.5634920634920636 34.083333333333336 1.0000000180025095e-35 1.5000000000000002 46.500000000000007 38.500000000000007
decision_type=2 2 2 2 2 2 2 2 2 8 2 2 2 2 8 2 2 2 2 2 2 2 2 2 2 2 2 2 2 2
left_child=1 2 3 8 -5 16 7 -4 -1 13 11 -8 -12 14 -9 19 -2 -18 -6 -16 -3 22 23 -10 -25 26 27 28 29 -23
right_child=5 20 6 4 18 -7 10 9 21 -11 12 -13 -14 -15 15 -17 17 -19 -20 -21 -22 25 -24 24 -26 -27 -28 -29 -30 -31
leaf_value=-0.03547032623364537 -0.002492484276889606 0.039770861251756821 -0.0022484666008475217 0.039730049154914925 0.016215634623579771 0.037781095665015946 -0.0086274007939702926 0.03501641776211728 -0.018645313132734539 0.037882954553275373 -0.030828074080380255 -0.067678498384723826 0.01206348290469203 -0.019291956059278248 0.0020109902658955901 0.014814703477060957 0.029277115747302185 -0.018433924815832562 -0.040984398252326866 -0.058461357519817229 -0.0083092654595008728 -0.00028102510458243095 0.024810043682208974 0.016771903406093854 -0.020714882260682313 -0.02990124836853816 -0.04173105144928544 -0.03450241715489813 0.012285793996716185 -0.023267650620195809
leaf_weight=16.141109563410282 27.628602884709835 9.5691570490598661 96.385857664048672 10.293164290487768 4.8711463734507543 17.633092351257801 9.5055098533630353 16.665506191551685 27.710007429122925 13.762670390307902 7.5353329032659557 6.192182019352912 15.738037019968031 8.6127310544252378 4.7462697401642817 12.899327896535395 24.065507344901565 4.7588893994688979 4.7676741182804108 3.8745045140385628 4.072128824889659 34.807629495859146 8.2985548526048643 20.008389264345173 7.1244884431362143 22.724368453025818 9.4451023042201978 9.815148711204527 20.264678224921227 25.123375691473484
leaf_count=69 140 69 355 81 24 198 37 107 103 106 28 24 57 33 26 89 152 22 24 20 21 132 29 73 28 84 36 41 77 93
internal_value=-0.000884792 -0.00385431 -0.00481119 -0.00975829 0.0146767 0.0163887 0.000779235 0.00443587 -0.0121758 0.0150743 -0.013947 -0.031921 -0.00182373 0.00836665 0.014605 -0.00120187 0.00970683 0.0214001 -0.0120774 -0.0251676 0.0254182 -0.0101469 -0.0019445 -0.00599286 0.00692871 -0.0143858 -0.0108407 -0.00759933 -0.00430667 -0.00991713
internal_weight=505.04 430.954 417.313 221.395 19.932 74.0861 195.918 156.947 201.463 60.561 38.9711 15.6977 23.2734 46.7983 38.1856 21.5201 56.453 28.8244 9.63882 8.62077 13.6413 185.322 63.1414 54.8429 27.1329 122.18 99.4559 90.0108 80.1957 59.931
internal_count=2378 1866 1776 894 129 512 882 736 765 381 146 61 85 275 242 135 314 174 48 46 90 696 233 204 101 463 379 343 302 225
is_linear=0
shrinkage=0.05


end of trees

feature_importances:
escolari_std=235
age_std=211
age_mean=199
escolari_mean=177
age_sum=150
phones_per_person=137
escolari_sum=127
age_min=121
dependency=117
v2a1=114
rent_per_person=113
age_max=112
age=104
meaneduc=98
escolari_max=91
rooms_per_person=81
overcrowding=80
male_mean=69
escolari=54
edjefe=54
edjefa=52
children_ratio=52
rooms=47
tablets_per_person=45
paredblolad=44
etecho3=44
eviv3=44
escolari_min=40
rez_esc_mean=40
r4h2=37
lugar1=37
dis_mean=36
r4t2=32
epared3=32
r4m2=31
female_mean=31
cielorazo=27
etecho1=27
eviv1=27
estadocivil2=23
energcocinar2=22
area1=22
energcocinar3=20
qmobilephone=20
lugar4=20
bedrooms=19
etecho2=18
r4h3=17
tamviv=17
paredmad=17
pisocemento=17
hogar_nin=17
television=17
adult_ratio=17
r4m3=15
epared2=15
hogar_adul=15
v18q=14
pisomoscer=14
eviv2=14
dis=14
estadocivil3=14
area2=14
instlevel3=13
estadocivil5=12
elderly_ratio=12
instlevel4=11
lugar3=11
r4h1=10
hogar_mayor=10
paredzocalo=9
paredpreb=9
female_sum=9
male=8
estadocivil4=8
lugar5=8
lugar6=8
r4m1=7
instlevel2=7
refrig=6
pisomadera=6
elimbasu1=6
epared1=6
dis_sum=6
v18q1=5
instlevel1=5
tipovivi3=5
elimbasu3=4
estadocivil7=4
instlevel5=4
mobilephone=4
rez_esc_sum=4
r4t3=3
sanitario2=3
sanitario3=3
female=3
tipovivi5=3
computer=3
rez_esc_max=3
hacapo=2
techozinc=2
abastaguadentro=2
coopele=2
energcocinar4=2
elimbasu2=2
estadocivil6=2
instlevel8=2
tipovivi1=2
r4t1=1
public=1
lugar2=1

parameters:
[boosting: gbdt]
[objective: multiclass]
[metric: multi_logloss]
[tree_learner: serial]
[device_type: cpu]
[data_sample_strategy: bagging]
[data: ]
[valid: ]
[num_iterations: 1000]
[learning_rate: 0.05]
[num_leaves: 31]
[num_threads: 0]
[seed: 42]
[deterministic: 0]
[force_col_wise: 0]
[force_row_wise: 0]
[histogram_pool_size: -1]
[max_depth: -1]
[min_data_in_leaf: 20]
[min_sum_hessian_in_leaf: 0.001]
[bagging_fraction: 1]
[pos_bagging_fraction: 1]
[neg_bagging_fraction: 1]
[bagging_freq: 0]
[bagging_seed: 400]
[bagging_by_query: 0]
[feature_fraction: 1]
[feature_fraction_bynode: 1]
[feature_fraction_seed: 30056]
[extra_trees: 0]
[extra_seed: 12879]
[early_stopping_round: 0]
[early_stopping_min_delta: 0]
[first_metric_only: 0]
[max_delta_step: 0]
[lambda_l1: 0]
[lambda_l2: 0]
[linear_lambda: 0]
[min_gain_to_split: 0]
[drop_rate: 0.1]
[max_drop: 50]
[skip_drop: 0.5]
[xgboost_dart_mode: 0]
[uniform_drop: 0]
[drop_seed: 17869]
[top_rate: 0.2]
[other_rate: 0.1]
[min_data_per_group: 100]
[max_cat_threshold: 32]
[cat_l2: 10]
[cat_smooth: 10]
[max_cat_to_onehot: 4]
[top_k: 20]
[monotone_constraints: ]
[monotone_constraints_method: basic]
[monotone_penalty: 0]
[feature_contri: ]
[forcedsplits_filename: ]
[refit_decay_rate: 0.9]
[cegb_tradeoff: 1]
[cegb_penalty_split: 0]
[cegb_penalty_feature_lazy: ]
[cegb_penalty_feature_coupled: ]
[path_smooth: 0]
[interaction_constraints: ]
[verbosity: -1]
[saved_feature_importance_type: 0]
[use_quantized_grad: 0]
[num_grad_quant_bins: 4]
[quant_train_renew_leaf: 0]
[stochastic_rounding: 1]
[linear_tree: 0]
[max_bin: 255]
[max_bin_by_feature: ]
[min_data_in_bin: 3]
[bin_construct_sample_cnt: 200000]
[data_random_seed: 175]
[is_enable_sparse: 1]
[enable_bundle: 1]
[use_missing: 1]
[zero_as_missing: 0]
[feature_pre_filter: 1]
[pre_partition: 0]
[two_round: 0]
[header: 0]
[label_column: ]
[weight_column: ]
[group_column: ]
[ignore_column: ]
[categorical_feature: ]
[forcedbins_filename: ]
[precise_float_parser: 0]
[parser_config_file: ]
[objective_seed: 16083]
[num_class: 4]
[is_unbalance: 0]
[scale_pos_weight: 1]
[sigmoid: 1]
[boost_from_average: 1]
[reg_sqrt: 0]
[alpha: 0.9]
[fair_c: 1]
[poisson_max_delta_step: 0.7]
[tweedie_variance_power: 1.5]
[lambdarank_truncation_level: 30]
[lambdarank_norm: 1]
[label_gain: ]
[lambdarank_position_bias_regularization: 0]
[eval_at: ]
[multi_error_top_k: 1]
[auc_mu_weights: ]
[num_machines: 1]
[local_listen_port: 12400]
[time_out: 120]
[machine_list_filename: ]
[machines: ]
[gpu_platform_id: -1]
[gpu_device_id: -1]
[gpu_use_dp: 0]
[num_gpu: 1]

end of parameters

pandas_categorical:[]
